# path	ticks	state hash per 512-tick chunk (AdPlug Ca2mv2Player via trace-oracle.cpp; regen-gate.sh)
Benjamin Gerardin/ballad.a2m	8064	26b3c1d6585f1c30,c1f6cad3c5431128,52befe6ef66e6ccb,505fa82b2109b183,63cc70c298255057,0f1c9ebde7099ee6,a74dd8dda8704600,1bac4261177a88a2,91cf515a20785ef7,77bb76927f23665c,91810d21658d78f3,9e443f49b09c69b6,4cf261e22c251ac4,33a0a8c22f78dd12,7b06896735c9cbab,da4ea93ad97639a2
Benjamin Gerardin/boss8.a2m	1536	63c1538d3c97a378,0fcc3506116ba8f8,06456d4af6ca3535,18725ba3e012d10d
Benjamin Gerardin/down the waterfalls.a2m	3840	a6a11171ec8a677d,910ae023e0faea6b,58cc292ee1c0f5c2,1ce523fcadc3d93a,48181150c3da6f25,4de6ca81b0812d78,c19b1c603f48f946,77d842a1801b019a
Benjamin Gerardin/far from home.a2m	4224	a0a3df09316e5cd8,2f7d03c320e42426,5617ead388ecefaa,5d0ec644e2b14960,ea51cb90f8b33c56,8d8de2f8aede9c06,a24ef1c2f2eab371,f55106a5be59beea,cc3af861b45975c2
Benjamin Gerardin/fdance06.a2m	4608	2db82e90b087e7a8,159d4628e6ff4818,4a7860240393991d,b722c352055eaf6d,78785b31d18406b8,24b8a5d346adcc28,713f2613a58ce8c0,826a517367610a04,b21fb293a56bd4e5,6ae3eca1a23362d1
Benjamin Gerardin/fdance27.a2m	4608	b378046b08557ad3,436e284926c8c269,ad38e8f5c8b233ae,62c1c3a7a29bcae2,0b85cc3bee2c92f7,78430b437dc429bd,2f7e6e656ee3c545,f1df21a22b844b1b,b55b28054f9c6dd3,e99ca0a846e05aa9
Benjamin Gerardin/fmaven94.a2m	1200	5cfda2482a2d589f,67469f3415209ab6,dd0099b73731b84c
Benjamin Gerardin/fmaven95.a2m	1152	ec8f9dd0c0b90725,02af0add8e78ae47,3ee146cb3829440b
Benjamin Gerardin/fmaven96.a2m	10754	dc40120bd176fe22,5779ce1b8a9f9b2f,e60e15c7c004cf9b,988210c42ad2e633,93f4c30e51a0a6d8,5e762fb51ad9ce2b,dafc62f07779ba60,b5d753ef23945a41,b7de412f70280c8a,a8e67ac0a0327f7f,1ae8925a14ca149d,0284d483b218c5c5,582b55bcd23f0676,0914c574ebc6d863,159d63f758e32620,b52653ff4c9697ef,12f496e254866797,199153a34d3b247c,03ed8c3f696704c3,6dfa685f4242bb45,f6e875fc6989ed44,2f08538965bdc76a
Benjamin Gerardin/fmaven97.a2m	2280	8ca475a432cf655d,7d70f6104cf33471,ea2936b05e95b381,a41973bc1e3f0761,7f7e5492138bc5c2
Benjamin Gerardin/fmaven98.a2m	512	ed80bacacb4058ef,5d80f2efa1496461
Benjamin Gerardin/fmavn63b.a2m	3552	9271d4265fe57a88,f96dc775c9448704,704d42d83e8d4f65,eb7733b51e6bc088,33cf09c93ed541a7,d795a047ed7de819,a9ea959d4332b8cc
Benjamin Gerardin/gates of the northlands.a2m	3840	a65829a5d925d67f,851a34fdebd56871,2295f25a5e08f8e4,1ae61ae77b3f4d28,8cf9b3118a76c0a3,fbfb4fd5a8eb9adc,79365930a0554507,8e7065e4c2b9a52b
Benjamin Gerardin/global alternative trance.a2m	3840	330ebd7c11015ae2,dbcafab2a4f7424a,3cd48d392aaf945e,c2e95d10885215e2,977b9d2ee3cae254,8af68ee187dc9742,6fde86ebbbd3fb56,52a2f5fde9e91828
Benjamin Gerardin/high tech environment ii.a2m	5760	94a5d538e234706f,b5e06c44cca9d2f2,d51d7611a156d27e,0572428c6223cd61,022fe613d22bcfce,325f15097a95087f,efcec898f64f0b4c,7f17bbb1b5c2958e,569cd12fe29c2ee0,a16923df78720231,88e27335cbac4726,5af6293c805c12ba
Benjamin Gerardin/high tech environment iii (final).a2m	3654	00d202727fcf6076,ca75823061c87692,dfa3f2c62306415e,d95944ed7f95bf2e,f5a63ea33baff365,0f17aaed8c237445,e445af6388985ba3,8cde97eb97768cfd
Benjamin Gerardin/high tech environment iii.a2m	5472	4ea894c4b599b5c2,7fa2c5af8f419ecb,4a0b94bbb4d89ae3,f829b36479f9d56a,436e9889d1874a98,4688d7bf46c2a012,ba7fadf397ad87b1,71f07060eda1e2ad,0d09fc3ddf54c9c4,67d09eae5d17f922,d3c588e4055a5e93
Benjamin Gerardin/la boite speciale daubes.a2m	4608	d8d4584ab812ca65,7fdc02fca2764a43,52c0d71314cce235,6523247d6f86fe26,795a225d3584fee9,7dd1b5b0aff75bb1,1f593d3abff69a94,3138c6a67fd03883,d92b0c25931cb64f,aa307ae31db275c5
Benjamin Gerardin/neurophobian.a2m	16640	c62c2c63f37d8575,231be48b26800874,61d8edee73de08ce,3bc1e433bb6e88cb,1ec3bebeaaffc491,2575f513aa939306,dbba7d607460f2e6,06c0f8d9c33d63ee,f836347d65b6d8ff,5e9f8f69f20f75f9,44dd2ba6cbf98e80,3ef622790ce56af2,4b8ba0e8d511d160,0bc9efa21e20e3c9,be5a323e270ed032,4341e86f3bf9d384,f902cfcad03ac50b,5c03c6a26ca029fb,e1859c71a988e410,61b25f9d2c08eccb,71643a2008557871,63dfa0c24f56c87a,1d200054a714bf18,141df9b060632bf4,aa0eff99eff2cd07,1392fce4d14295dc,f1bf4534a2ac2b3f,1ab5599e86fb8035,5b065cef5b3187fc,16c0a76df45472af,b98487a07cf1713f,0b0f153ede5dffea,cd0b4a147ac4fdc0
Benjamin Gerardin/now that you're gone.a2m	6912	35d1cc11e3bd4841,189a0e225ac19c7a,4c6e7ee610f1740a,38325c12c8d5f744,598367fa22ec2643,51cc2548a891596b,6d34077aee7ce1bb,f92cb1864f394ecf,41bf8962c6b70fa9,e57044ac996d0182,64cb9652da72a9e2,7493abbd2257bc28,8068bff34f691b95,418545984bc634d0
Benjamin Gerardin/recherche de sons.a2m	4608	810d117b1a008e31,2cdd35fee6dcd803,6f05fd4b15d34d43,9fcb950ac5d9f502,0de3c0bc73fbc14f,39d66a0cddd4d7db,666dbcbf35cb6800,8d87932528ee4801,81d78fdc71ad0ea1,08b89e8f43706fe4
Benjamin Gerardin/running after the clouds.a2m	7296	97d10b632adfa96c,a29a7fafcf3a83ea,faddd7ebacc0c0cc,aeeb0b590ce41b37,3e3358e51bc3fca7,d3676c024300c832,17366eac4f90f9b7,ecafb87c0cc7cbc3,f3647ec6ec69baf4,18359f81925c7368,8e97c34167c0fab8,5d32f937ce68603c,2ea5d14253572704,0b4e4f763adc3eea,e978eabc203c22a3
Benjamin Gerardin/song100.a2m	1344	3b6bb2213a1ea882,b556030fb5579730,8d68d5ffa9ed248a
Benjamin Gerardin/song102.a2m	1728	a890df5821aa4807,6d926b78c002e0a9,43d20713130923b8,f492df91dde9998e
Benjamin Gerardin/song103.a2m	384	b2037f8a70fbfa75
Benjamin Gerardin/song105.a2m	960	d0fd8c5caef0cb23,075504c0d7ef5fb0
Benjamin Gerardin/song108.a2m	1728	b68d42a95ded41a6,faa6d2b29cfc545b,b2fd831d2e12e591,68f8f70746b11a76
Benjamin Gerardin/sonic.a2m	5472	3f3135d7b5538e70,10327a28a173d1a1,236b5efffaffb248,cdc6f16afbfd1507,cfba29b9b5654a6d,a3db30fb3a93551a,abcc2b5cd6329b75,02b29f4f8e122cf6,236b5efffaffb248,90a49b06a7c415d7,195faec890d93953
Benjamin Gerardin/storm riders (fm version).a2m	3200	630d0b3ba8e16ee5,23e78831c283911a,dbb89389fb4b6324,921fad99f9c01096,8fd7295ba0dec772,4085c897e5490fa2,b089f0d7f5ca098c
Benjamin Gerardin/tanioll's musik.a2m	3840	ca29493be20d9a02,7b70d11faea3c852,a3da0d503d7ece5c,3848e4afb6c31713,ebc401c59e93ef09,3ba3d13c302230b1,ee3a9fb64c9a9a60,1eeea7fd676bf1a1
Benjamin Gerardin/the world is gonna fall.a2m	9280	0f7e5e11af968b27,21d0cd318dbca358,9bd4561ee1379c98,c2eeb2d99b22d808,4225efc866c1ad40,251f1e1ef53be5d7,ce4f852fab3bf16e,5e67cfdd9b9ca606,8c40ebd6148662d8,4225efc866c1ad40,b1cc8d5032a8681a,1c390c26fc523c2f,51974073825f85f9,bd8e983951b791e2,58290721409ed8f0,24532dda62c46a99,3ee8d2ad0a0f2bf9,ad1ae338a325a834,6e79ba1b5410c0c5
Benjamin Gerardin/this is new jack daniel's!.a2m	6400	a3d8d03f54acd36d,011730c7d5e3a2fe,5fc3bc03a1f5ce8e,1858d2245d9a2595,79fffec9c4579477,4ce1f6f1b66ecdce,573abd55a8acb4a1,af24a3b2e2aa382c,d56c73202ace906d,a5def3a7931fbcd7,a622c9dc43d1a8ea,d56c73202ace906d,084e322e603d6a54
Benjamin Gerardin/trance avec filtres.a2m	4992	fac9c1482d7d009c,5569e13054d86bf0,f5a8cea466fb9eeb,b90372e56b25a19e,49be5298db25efc4,785a6c7e559cfc29,f9f22cdfe99b8be9,518dafc2f3b8091a,ec3e963f86a3eb19,ec66b4ab47fb476d
Benjamin Gerardin/troubleshit drugs.a2m	6912	18cc0cc5f9108c18,7d402e1fe4a95267,9216a6bda17e0140,b4c95328a7f820e1,9c557037d2fce008,00906041753595fd,11fe0111ce524394,f4043e1a5a0f4732,f8299cc8e5310c05,751aac758f33f6f9,8c42e6bb2b357b2d,ba5e1e84247cfae8,a2169fb36a7ab0b8,3d97635d7d761cbf
Benjamin Gerardin/ultra debil oup trop fort.a2m	1920	8dc243f601d56114,abd2c29ced1f8a5b,d758a420cd129b39,34016d2cfb90e422
Benjamin Gerardin/wood village.a2m	6528	5696be43c29929bc,9f711ab355670300,299514a9196f969b,e17b0de619c03a8a,54aa5694d4676216,3355132233bea770,79453ccbbaed5156,320c5c5763dc5358,3e4adbd8d3f7b05f,b7d2811eac870851,614b37f81923fc58,1e37dfddbb1bcb81,863da6dbd0931522
Brendan Bailey/15 minute compo trial.a2m	1110	d4ce2109c166419e,b9194836e40f029c,f89460f8baf7076d
Brendan Bailey/a different kind of hero.a2m	960	00c125be48d0bd9c,941a35aa4c1ecc31
Brendan Bailey/ambush of angels.a2m	2304	7fa740ad779b75f9,020c6b85ca36c30f,8b8f7169aa783084,e79db8694a6b98c1,7a87d59f6a3016ac
Brendan Bailey/an awkward invasion.a2m	3200	44224f324edd704d,82a1f1587b6086c2,fa17966a38b0ea04,3f89c7e6a6f22447,e3cf0f512526b82d,7dd8663f09778173,ff37d8c286fad427
Brendan Bailey/banzai erdogo.a2m	4000	e5ad7fd2ef029c9d,00c643bbbef1bb4b,71a71c34fc9941b2,798b523fe04efbbd,37c6435e8342be7d,1763e5bbbd3d0fe8,7d58e55f13ddc231,b0b5a6dfce17355d
Brendan Bailey/battletoads briefing theme.a2m	128	33c0a701423cb434
Brendan Bailey/birdstone.a2m	4608	f3e5c6c80455b1fd,6c69e814d975fc71,cbcd83b2802bdc87,1a00db86c104ee70,d190bb8b62ab7d95,be41d991a979be37,9781d51c8a6928cc,edafad3f21005128,01778bd923d45ffd,af64724c8602eb6e
Brendan Bailey/blades of glory (revised version).a2m	3822	f7278918999569b6,8d9963982e76d76b,2c2190229f6c5c71,675d8d3ccdea98e4,5b3cefa63ba23606,1807a6ece8d25096,7102462e169ac4b5,6c90697825c03ba4
Brendan Bailey/blades of glory.a2m	3815	d18ed3883f2a90ce,dc893ed6eda82f62,dd4559dc464447d9,f1315688799aa0e9,0efcb4bc0a23468b,ec7e75a5544e3290,f4d86346924953e8,8eeb602ecb105bbe
Brendan Bailey/bonus round theme.a2m	1280	56135843c965038e,87817243fd585ea4,a0f3f7914d8bcc5d
Brendan Bailey/call to duty.a2m	12800	fab1d608ba996882,e8822884cacd858d,63d0c3879f23fcca,4304e66bd0e3156a,84425d7ef4963747,d9dd2d8b32a3b516,428a71dc152bb450,8f128486a414c7d9,edf256fabd46d2f5,9579da4d23275f72,4786004e1b6d4c6c,fff9176974d0249f,e14631d9e79d8cb3,a1ea26ee77e1b4f1,8c1f9e37e04e7ce8,8aac4f56e25e502e,8003276ce4de9a84,19841ea4e08a4497,38cf9dfae7b39b0d,fb9e1a6e3414ad3b,9c38268d80f9faeb,1073f9dc4376fd4e,539c2664768f31b1,4e6d9fc49fd784cc,e6f7b6fabdd1c7e3,af64724c8602eb6e
Brendan Bailey/chivalry honor.a2m	7638	cb01332afc01e7aa,893b75f7ee4e5eaa,4edef0c38af88398,8fb5a3da104310ef,e27ea60121494e83,600b1cf0e66b670e,f5e9264f9366cdc5,d47550c97677ac3a,c05f3a4013f76414,7c8abe2e51dd5684,509204e65c1ea84b,0850915801c27796,845e3a55c22b1f8d,7fe5df991c077bbd,19b9ebfd455e973d
Brendan Bailey/conspiracy.a2m	2880	a243af70a1364bec,5d9058e460f3feaf,399b85145ec95d22,1d0dff6be64a9717,8415d47f85177e55,2fe8af35a9d60e3f
Brendan Bailey/cool cat.a2m	2592	f3d652aee7a28ccc,d2606560e7dbf350,9544e77d4828631b,58d330d76e537d00,0b7ad124cff04c30,fb7d053f2952dc4e
Brendan Bailey/cool down time.a2m	2080	ea3f6dcfdd748384,dc9dfd84a01c1e0b,594090345de334f3,fe2df03c8c876518,be6d21194b6e931f
Brendan Bailey/deception (revised edition).a2m	9743	ccfaa5a34addda35,537a77f0337d8737,50ca9df60daa2be6,c3c4ee71cccf8859,1fde15e9b96b1627,f9e43e0484c8fb7b,32616bc1805e2f0e,81df1641a153cc84,e6a83ec32926192f,b956e41451c65d50,371396ebb4b7e579,87d08f6202f1f4ce,fe4d7c9c9496bfc0,cedfe178a8cdd37a,8d3993c21d69279f,f98c5365b541293d,856643c3a99958c9,1c32b1f96c58ae82,20c55bce529fda8b,d6607508f5a1e855
Brendan Bailey/deep down low.a2m	3912	971eb458e9f0bb2c,8f95dab69e9023a6,d23234bf802c3d22,66de34af6561d537,0ec8b5915d9d6c16,d23234bf802c3d22,2f586ccc6475d567,d54ecb526b1cecc7
Brendan Bailey/dream 7 max slot machine bonus theme.a2m	400	a3124b079a6d969e
Brendan Bailey/dream 7 max.a2m	1920	b5c57d3ca433ee7b,c53c09e056312f39,fd98de3590d48d0d,afa95d094cfe84eb
Brendan Bailey/dream among the clouds forever.a2m	4480	a350fa0dfb821573,549599b8c41374f2,ef8a019b7832ee26,adca0410e7a9e7f0,d96713c3af3519f9,5c34c59b91eb31b0,1f705ff73c076371,ec99b3f585eb1071,e14aed73677f76ca
Brendan Bailey/electronic skiing.a2m	4224	9f720c418d121ab4,714ef0278a194455,3e4a347cddbb6930,b243bf2378f26dda,2309ae12938f3623,e4da12bca4cefdce,da1d9bb2100ea412,2309ae12938f3623,e35867cfec129bbd
Brendan Bailey/enchanting loop.a2m	288	5af2927b1102439b
Brendan Bailey/entertainment warehouse.a2m	1584	1a0b47a01156f183,3eb80d7ce0af78c3,1775eb89aee4979b,c54a12644cb27107
Brendan Bailey/evil sounding loop.a2m	192	27e21956b8e0fe6c
Brendan Bailey/fifths echo rock.a2m	1310	57d79a3ccfc4374b,c0f8a17c321a9d38,56ff390caed95af7
Brendan Bailey/frenzy!!!.a2m	2784	7786564788e05d73,944b3d4dee81fa2e,b30abe098de24862,cf01050a66efd6b1,8e551fc6709e4f47,d1450ae0db95a4e3
Brendan Bailey/friendship.a2m	2376	3d7f046b3e8a5de5,431483ff9f8d6bbf,b64a7a1ccf6c8e4e,17513c2ddd2329e0,b61b7d429e1ee9d6
Brendan Bailey/frozen over heck.a2m	3360	cbff99d586d7afa3,2bf9134fee5ff185,1b47ac5919d5f7ac,8efe3645b072b390,708fce133192fc4e,a8eb749f416ed8c0,0dfc0b34f9217273
Brendan Bailey/full throttle.a2m	2256	6cd433443e9f87b2,b4b885588e14df63,9aea4c9cb37d247b,364df0e7b04917f8,6aeb31839b7f77dc
Brendan Bailey/fun land.a2m	3200	50d952e7685f1298,e038bf6de773efff,b6f9b614e7b2db49,076c1c9d0e656492,8813e7919833e28e,b0a0cd3547e9bbbd,008bb88716dbc335
Brendan Bailey/game tutorial theme.a2m	2520	b7c54d42424f8d5f,da2935ba8b7a18aa,fa130cebfb2dc9f7,545ac70007f6bf83,b82178b2a405d0d4
Brendan Bailey/golden bell slot machine bonus theme.a2m	640	8c273b81081b6d9f,b4d04336596fd9b6
Brendan Bailey/here come the teamsters.a2m	3520	56a8da0b2ac35410,514243455985ec0a,ac21daf88b8453b4,90e332eb3ee689b2,7677af6892ebcc6e,5558b0d02fb1c90a,29fe4127637df5a6
Brendan Bailey/hov lane.a2m	3280	8aeed30042b2edf8,119b35338289bda9,27d9bec79a74c41e,e42bb0cb54ea6bc4,6d0d3f2bd9dbd63c,c39bc5991132de6d,ad9b620f1d0da215
Brendan Bailey/in a perfect world.a2m	9920	0abadd614b800edf,4b5f4f5acd2e6a9f,e2595fad9f0a219b,ee2a14a1403f65fe,b73f86dc2bdf6313,9ab1690f2d1384b4,7118e4e40d26fb55,c6f954573047b50c,086689c32d6e025e,e43381e97b180b93,f1301e1a2193ddb7,e819a22c7f39bf88,2eb449df6edc739f,6085adc538c70c42,8ead7e78cfeb4655,a7ca100a42a028b9,54c2dcb662565a95,3cfd92d138572644,40f076ae9fc983ae,cc83fa80a876bdee
Brendan Bailey/inevitable serenety.a2m	3336	d51fb39634c189ac,9e25dd2088446f7e,25a0377786780a4f,0f813822ca406ef4,6a516c23144088f4,b26e0a5583cbe5f1,3f25557f3b83cb1d
Brendan Bailey/lemmings level 4 theme.a2m	3200	c94685dc495eed71,f0e7a2462701d2d7,b3e8b92167b3d82d,2cd99fa2054f92e4,e099b9d5b4b5acdf,df6a797268101cd3,fa34900b53296cb7
Brendan Bailey/look to the horizon.a2m	2688	f18f55b31010cba4,124ec363f1282451,e8502e1f9b783fdf,e7173aa69bc9da62,67af0dd612b297b9,d089ca7445a38511
Brendan Bailey/lost cause.a2m	4480	3be500de800ebfe1,6103c76528a8382b,5557e3826327fa90,46c1aa3d068150b0,d6f478faa9b799b6,d5e8e3ba5e89d4f0,e52d7b9c3b2e0e26,9bd820192606494d,3bf770a357926314
Brendan Bailey/lucky sevens.a2m	1680	11a81829b7e68905,c75bc0b9f2a81225,cfb715238358c1ba,466777040003aced
Brendan Bailey/manifest destiny.a2m	3520	dbe6600916f5fbce,0f0824b86434556b,d8f3a16c4b415796,2f1b222f699a1d28,db89720eda42f182,5d2ce426ba75c86c,b8ebf74f6d0fd854
Brendan Bailey/marble city.a2m	5440	44505f7309016d27,5ba02b0ea872f392,92d5eaf1bef0cdde,8abb86d6846fda49,b71399cdd0b7343e,56dc4514a290a336,a799ceca80ef5b5b,9c180c98754545b5,b5f7b45093cde608,6824e4b3f1d7675b,8b9258ad59b102b5
Brendan Bailey/mario star theme.a2m	128	b2249a325f7444b9
Brendan Bailey/mechanical age.a2m	2515	c509642a5c0744e3,7be715761810a77b,9a2cde766a18e0b5,e64f368e11250874,0524829b58f56421
Brendan Bailey/mechanized warfare.a2m	2688	34a07713254acc2f,7107c69835745033,e85bb8f9a260a39c,544417f1c9eba05b,e577550972dc578a,fa368387c10233c9
Brendan Bailey/metro in transit.a2m	6144	213f97f05a8b05d5,8f7d7e23ca5a7699,84b11eb42c4c384d,b7e83be0896e4205,c3e6d407fd5baf5c,cbfd4cda995e1e6e,2f287d3155e4feea,ff47883a75c0bfd1,4061b8903a60f257,cb9af469a0e58af8,4daaac92710a17ce,01702632eac21413,af24686e912138a8
Brendan Bailey/moderately speaking.a2m	3672	cc594f733d7f86e5,c7fb43a27a5b023b,5431c2f5f365b280,6c8cb1ffaa9eb62f,b9362eb5ed753458,93379c3c98a49022,daf0254a6438c989,9e306e727690e02b
Brendan Bailey/never say never.a2m	2608	19b293bde51ab699,1721fda1b6fc5a26,c7f4e41b3790051b,3cc6d76770bc1f1b,b91d4acb86a7a6f6,2cd39434aa58c959
Brendan Bailey/no choice but to follow them.a2m	3200	edb6294b370a04b7,0a32562cbf0cc025,72853349554a9332,c102598632ac86e3,3d354b0cb16e08b9,4ea01d9f97565a84,d1764c1c6e49683f
Brendan Bailey/no good gofers.a2m	2560	4234393a28f2611c,6fb15925c3ccef08,17d9b2cac3f565cc,4e2854cea8600c49,d3a375b33bf80630,09c49e8f4453ba3d
Brendan Bailey/oblivion blast.a2m	5760	b8456a25a0a6bc1e,674cd2cfaa36fbea,71ebf2da5c92bae5,bbfae296cb1e8bc7,3f4f8c55bd62ebf8,0727ed63aa82a340,da3b363bf49fddd6,c84006e34ade3751,b2fa938a46a763f4,16b4707a2a75c969,35b57b93c7062abe,f274dfce959adf6f
Brendan Bailey/obstacles of a determinded mind.a2m	1472	5c40c5adb3d8eff8,ab5d2f99d7f4957a,35dceffb19705bed
Brendan Bailey/oh the irony!.a2m	2400	41a5351f6f4ff5d8,f36389bf06d8bfdf,2a5a01e329dc13cc,5cd164a853530c59,0f0e33b0f3bba3a9
Brendan Bailey/one heck of an adventure!.a2m	2435	c3b05c567dc13fec,e0df46f96a74fdae,a26b803ab5864d00,13a10571abea1229,5143b41e55eabacc
Brendan Bailey/race through cyberspace (original ed.).a2m	5952	2f74a324ebd6b2eb,6e48a5122df34666,4a2ee50f6ada5435,2e98d2a64d836885,adea2f535f150910,8ab10c3f18d4ceac,4b1f52d19b0fd3bd,2aeb3e1f7c53c378,b8544e680a32160b,9743250271d557ba,917135050f27e593,230ae9d4ef026af5
Brendan Bailey/race through cyberspace (revised edition).a2m	12672	2f74a324ebd6b2eb,21919da9a33c3ec8,08e6b0572f66be36,ea7c72a89d917761,d2407418688ffe93,bea6084145a5be73,068991c989b48484,35089cd5d84749c2,ba7cf0b696e6b9cd,57e0bca671e1ae12,7c4dce059f862a7e,2cb169c83d8d04cd,9d4278916bc95833,8b9dae3ef7632cd5,6d7a6f711f11fe9e,b25bf188deff0b18,7f41dd578a9b4ce0,d0672b008e0f96ba,65ce52383d019988,12767c6c48bde6f1,0c599147b1c49672,3fadd53665340f43,f2d7fcb66817659c,073653546a014f29,ccc6470ab88b2dee
Brendan Bailey/sinister deception.a2m	2688	ddbd1b7bddf6f564,3833bff8c8ba6325,b2526a7c86fdbd27,0217fdb87fd64cd6,fbd8cd6217d9f5ce,2e7ce7d4e7d1b575
Brendan Bailey/sitcom - game menu theme.a2m	2592	0ce51c93cf192f04,018c4eda70dbe3b4,b39f4eccce4f8ff1,5079e264401f00c0,553deca4925f865d,92df32a0a348bbbe
Brendan Bailey/skylight central.a2m	3515	30c7bf32bc6ed75d,8797c7f341849521,6a0b48717372b8f6,e082b539b55a46c1,c785a4ffbb75a37a,f91cd410c54f3b67,aedd6548beb5c3b3
Brendan Bailey/sleep, work, and play.a2m	4464	6bba4ceed29b743f,1cd37e61f156dcbf,702f87731a299455,acaeb5017c0ffcd6,fa67bb3d607e1b64,52f84109b44375f6,860b1bb5525dea43,a069aa1e9e1a7216,ff30ec4b2affe073
Brendan Bailey/spaceplex.a2m	3872	335d7bcba4e5b58a,01a1aa50db880e5b,47a476b6a234de8e,3438f6f1c6d66c70,6186764040a0509f,c74f4e42abeca4e4,b781225bbd0fbe0a,382098842aaed804
Brendan Bailey/spark plug.a2m	5376	6cecc7510275e773,85d1b5a829d0c032,eb5d14262a8759a2,28a617a764ee5aec,c582654714ca3551,bd3cce0123fa615b,7e985906ba8023c9,a453f422e14e2e92,fcd52d6ffcb8c41a,1ac0a70ae320b6c2,ae69aa9d3b47fe13
Brendan Bailey/stormy weather.a2m	2885	84fae48a2446a834,055b23ed2b1a0bdd,b25a0e5550e13df1,81efc7c8eb47da50,a4689e756b4ed101,84957f8b2d1c3099
Brendan Bailey/suspicion.a2m	2688	15bc144de52c84b2,39648c4c8daa2691,1231b4c1a0e5c1e1,3301edba2c4ed4bb,5755b7da33c864bd,46039c8cc496cafe
Brendan Bailey/the 30 blade razor commercial theme.a2m	2304	5f784057a8f80936,847412ef6f4ff252,648aa621880578b5,59fad9750136bc04,161f87eed740e003
Brendan Bailey/the apocalypse starts at sun down.a2m	4992	9a23a6e558f4b591,48c8a3a9a785f938,bdf05748f55d5db9,e9dc4eb2f224a6b8,fabe6b7a39ce366a,e07c81a123ce6015,2b056964cf63a9de,5e5414dee3c5741c,02f79e3ebb4d5cab,359d07713913651c
Brendan Bailey/the big guns.a2m	3072	4258527e38570b22,35f7543e0709fd76,a35b32874a66abe5,2dfb88bffe3f6f79,00e60bd827994756,24ddcb8876cdc8f6,c1534e61c0fb2015
Brendan Bailey/the blizzard.a2m	5360	53159b02cae966b4,2eae4ba8088beeaa,ea8172afea69e1da,56470afea9df47cb,2c3c64790b58f12f,84556fa679e7e38d,70214b05246d6f69,eb419a9216ee6a6f,50c84c2539af56f1,d35c36e4734e0e7b,c87ad922771b8902
Brendan Bailey/the contrasts between good and evil - what we learn.a2m	4608	8b376018fe26e04d,c77cb1b7d1e4eee8,be89241aa7d0ec3d,4ff076c3211025f2,943468807ca65945,6e4187c5cde4b6ea,3d8a14161d76f974,d09efcff3dc348db,348194f2d06da7a8,af64724c8602eb6e
Brendan Bailey/the day has come.a2m	3024	e5499be1eee5fe49,08f8a84ffe20b819,94344f2d6e30b8b8,2dec78dc80483385,0ee4fe8616fcb760,c0d7d8e72874fc63
Brendan Bailey/the great depression.a2m	4840	5eb554842662bb08,4ca5b7972eda8c5c,13b1bcce5c3a65fe,706899fdc7f702d0,bb718b772884f76c,f685f4a97a0e2086,17ac90502445afa7,97ac15f6e02abc0a,888b7536a1334c6e,3cf28ddf5be39ab3
Brendan Bailey/the happy robin theme.a2m	3240	e48c42d79d2ddb6b,0ed03c7db36aaa38,55452c482759300c,7cdb63109b6b4020,9674e27b50370591,b18109f28835f405,63994799433f0cb3
Brendan Bailey/the hunter and the hunted.a2m	4560	6df444a344502ad4,bab30f888b34b5f3,fba745e90e4f897f,07f30b0bf92ea591,a5d5a0550d1b5b31,e1f6fd732c9fa444,257fbfcc4867acf0,71d83945b594019d,330a0cfa6fd9aee7
Brendan Bailey/the kelsey song.a2m	640	9ef213c269d537f0,d0af3e0c42424400
Brendan Bailey/the paparazzi.a2m	3216	f56106e3b1d8f097,15a079fd147d37e5,90e2dd7b0289ab30,17cbfddf06f89dd9,5bc2f76b85225ece,357f49a2f4a90478,fc3e051a168c7f21
Brendan Bailey/the popcorn song.a2m	2436	682d058bdc1c2968,299923b0da4d5a62,cdf82b17b347980d,5c9b3052c7707932,568f38cdf102656f
Brendan Bailey/the sky is sharp.a2m	2400	5b6855875e150fce,c91a5acc08ac233a,e407db2f397b0a95,2602d0eb858eedf4,634bdb141889dd39
Brendan Bailey/thee chiptune.a2m	2560	052c3ab2fe087193,d38ad4f4bbbb87ec,2e0433e3691f86b7,846f0ce0f3252864,1a46b655c566988a,4ff7c08c7bebcfd7
Brendan Bailey/these are the days of our lives.a2m	5760	171219fbb1239519,9b43f6a83eccce22,bb92b962620662f3,816a06304654522c,78f881b727065ec9,2e81130079383e42,9dc36188191a38bd,7392dc1e770e8aae,e2cf7547a9ba5e95,c20e50e6993504bf,db270c38acb0954d,966e04553f9a2e99
Brendan Bailey/think fast.a2m	3760	e516eb7b55393743,fb0c5499d88dafc3,ceddb998edbd964b,f6b9b89ca6a43b33,497d5514fe56e3dc,5bdb40bc58dd2410,d69bb5e29100f87b,babf6087297ca2c0
Brendan Bailey/time will tell.a2m	3360	7bb2b5f1670ecd7b,173ba4b186156817,fc8a789729374309,66daaea4d5236f51,98fb24da72d0d3a4,10e6cb347f3d3f74,4e2f06f72e9f8f7c
Brendan Bailey/torpedo alley.a2m	2700	4c34031fe6fc6483,1d5d72eb97ff0293,929faa99943b69b9,ca33587717753735,27d8863975b18d85,097af130f9213b42
Brendan Bailey/treachery.a2m	3840	9bb462facfcd24ee,7f16cd0aec64cb69,6afb9c10ef3db09d,21282829c4c44b18,a70b4491c76bb2f7,3fb74848cc6b0d16,0d7131cf7125115c,17319fa3185f44a1
Brendan Bailey/twisted paradise.a2m	4224	6daf3bc017e140bf,ef253943465eb1e4,e5bc126cd0529e17,09a7a99f4dd29aee,c4ac8713abbdadec,af5e204599bb5520,e07f3938399610ff,1324df66e9f5663f,54a3f842b7cb3dd5
Brendan Bailey/ultraviolet sky.a2m	3912	beb2ca5a481d1ccd,767526296a1cb701,cae48753b9fe1f0d,c1c6036e9cd03bd4,c68bd66478c8bcb1,f92a81c68b15cb19,75d30bf0bee3100b,99f1e835e6cb1bdd
Brendan Bailey/very nice pachislo slot machine theme(s) (cover).a2m	3489	e5d455376841b53c,fefd5c9bca7fd7ec,635fad791ac62cf4,86bf804943e27aeb,1fbc82968ff315a1,86bf804943e27aeb,155e202848038d42
Brendan Bailey/waves of marine life.a2m	3600	d4efa6674d30653d,60c30754f8561027,8d1fbe17d9d78544,a457255852e84e11,b60c389bb78adbee,64799496ccc1a110,b0e584e9e676ffcd,7c0134d29cd6a081
Brendan Bailey/west bound engine.a2m	3456	74cd5189f39ba4d3,2bd941b4469b14d5,e23f98d0ce5b990b,fdf99a5df8fc0db9,14c81503374ec5b5,fb38929e19d0ef53,4fe643fc52a88b83
Corona688/newtune.a2m	3456	378b0c11e3fd63dd,ed76f7938f27f02d,4780e0284af98b9d,ff1e8ac4bec6dbf4,ed1dfd09de1824dc,f40c44fbb3297101,9d0bee2f438e27c2
DJ Speedstar/adventure in jungle.a2m	7680	ce9f12081b409d9c,682da45cd6a5f0ac,fa27a6b70ead547f,dc6b072776a14ab2,662268a49c89bee6,285f85e2452d08e3,5dd24b615548748a,ce9cf886424bce59,3ec2304212385ba2,da16b2c4da914627,2c0c77193c92fab3,1a066e62043f0d2d,f162d25a2ee3ce9f,555237d5055d4fdf,a20b013c38781db2,79ec78d4aa9a70f5
DJ Speedstar/come to dance.a2m	7680	865da3ae26539f18,3d87642467b8c0d6,6a1fa8cf6b174a3d,d4c3b8c098aa55f1,38ce3e7fca6b6673,f6eec8e7aeb71145,a15b9b956b6b317d,8fc695d7bf36309c,cb5960cdf2ec345f,35a475bf8b8db6f6,4cc56b53e8f409b5,e0bd82448861ebb9,7c3802f40839d73f,b622b037dea70cec,f6eec8e7aeb71145,96f4084063f27f39
DJ Speedstar/move to the beat.a2m	7680	765bfddf02e294d5,7ba3e441044acf1f,00f6d963ae77bb5b,b6997015b12832d5,a77cbe6014dda452,733125460021f660,b4e1be12e3f2da9e,6267285906a1ec7b,a0abc0ae150b41ff,09ba5d464b8acd34,15b7d17ffa613cef,276ca36a6158de8d,ec55f6c8ef1e77c6,73c8ef3ab885cac3,3f7f433ba4a95010,f27dd2815cb3f510
DJ Speedstar/music explosion.a2m	7680	6e6ee2d9e1a9ba07,1254f37a53f1123e,f0db4944e71da7a5,71e0bdd8d89fbd47,e83d136fd3ec9e9d,4bee6a90c995b65c,7af97481492e0bd9,e942d5d02cced194,fbfa5f46259fc753,6c181eb2c5503977,8797ff00f2daed43,ec5f85bd16f6ff9e,377d11c59e5f041a,479cd699305e9e72,fbfa5f46259fc753,af64724c8602eb6e
DJ Speedstar/remembrance.a2m	7680	b3819a67d4074167,6de3fdd1e9f5cec7,5dd1050449e8f98d,235107cc47c60cb9,0f8c4ad26b6d3837,10128c8745836d26,a3134e9e0624fb88,766b13ccf0bb3cea,694b3395c4b61f89,b8c9498ba34089ea,2edfc55be530771e,98c4f0003e5a724a,c0fd5437088a2ef2,eb3749d9bdcb8cc5,694b3395c4b61f89,3b64cacf4c042263
DJ Speedstar/world of fantasy.a2m	7680	a9d819cd1285b353,121beeb15916623a,68b27308bf11ceb2,d752cccc59282a36,6cbf6b65bf9223c1,e48843ab3b5b0870,e7301ce55f90e91d,7ceef0739788c668,614db6912acc2cd0,28215b71c27abb2a,0b38b9f299f0b61d,745c3a38e52b6a0f,7f368557e3d05c70,b2ba425d48a915f3,c7b1806a534a6e68,c1000f98f6a86bb1
Diode Milliampere/1856 step.a2m	36864	6ad67046e3bf3bd1,ca10cdaeab6d1c97,bbbcfbf5665d8277,65b4897033f0cee4,6f612540adbff4dd,e217bdf09e77edb0,55eae12c61c83ab6,65446d4f32908918,d1ed281889fa8aa8,8205f15e8e47243c,007c21e3ef30880f,3ba2d7c35d496915,3fc36e4da8f4a474,4c347f708a581c01,2d858d01ca757b2b,e56042a5ba22e87e,6ed54a1b0a2737d0,416162855dd9949f,610b71197d339bed,2346dce79f858644,3906d3b3e7dd6440,7edf6cef3676903b,c2f2588bf38c708a,6969b08415f677d4,66e7f7d37db51f07,6109b7e4e3b3de9d,8f8e5128f36b0966,be0c40d57f8c6b1d,bf71906e37ae1997,fd27e48a1fca8f5e,c7813f6e3ed01de2,afba3d6c2b1eb1ac,3ac35cf52d286ad8,51be1beac7784e2b,b006e4f4936942a1,e2ba7fd176dc9a73,5b19f4bd1592968f,8cf13ad4e252e8e2,43dfbe0ed0af21ff,deec7ab0119792dd,c5afe93b39c80037,495fbb4e7a900229,b6cba048dec9ce57,4414d97cd413ba21,d3fe35dd3b988935,602b5acdb3417b0a,42883d046b58aeca,048d2d32064d5eed,83f98c1e6a768e5a,abc915659eda0c6d,04964c8fdce507a2,b311845e42468e46,64e6539262d0c68c,ce1d0ca0e9865b2a,6113e725d917c492,07f5b215814abf3c,231ffcc183509984,4ae51e1c3a1a475b,be01a989f924b113,fe6e2281e09b21f0,804a756a06a9035b,72b4148c0d994f21,fc96ebf2b8dc9eaf,b1f58241c07195cd,0a7bb57fb3924de7,d58eb757b7e8a884,80e83b5f96ec8708,be78bcdbd952dd25,be78bcdbd952dd25,be78bcdbd952dd25,be78bcdbd952dd25,be78bcdbd952dd25,af64724c8602eb6e
Diode Milliampere/a l t a i r.a2m	43200	510df4cc93b87c72,449ce2eb8cb1e2af,4a0bce65c7a53a7d,9fce5317f47ea07f,9aa53d2d780c3098,69e26c5ad6939498,8022eb5ef7575bc4,01336462a2c2ddb0,0239315f181a7328,74d5d0072c89851f,a5c771ba57857e15,b139f9afd76101bf,d7c657ed21a34811,fae4bffe7a544547,da2aed9b2f9b53c5,60765f3f17002280,3f3ebebfbeb94c27,b068117a68eaee14,229449a0f4a04469,e3df0c4f2f763b35,03d0ba3f6a4444d4,5327c2159b3e5cea,48aed0e8a1625413,45c4adeb510ed608,a603aab646cb77a9,84ff33533535103b,abcf29cd250be9b6,7eb4264603dbcd66,19d1e41c2d102485,8cb1606c1ec6f729,74b3f39ae01b4378,0c510bbcf19e4522,572968e93153e28d,5ec2530db38a6969,531467983367da5e,af5154884806ca8b,fea7d94e8a44a441,4147b874aa6190cd,ce5b109cdf52d7e7,5bb1bb832f7a90f6,06a68755d521fff3,d2ec03eaea2e28b9,53a9a5fc1669326c,49a8b58cae358b6f,cdbe3f3f77a4eb68,22f8d4aa99c7158a,757b61473d642cb0,b96ee59840eaf0a4,9a150f92e987c575,71da1c21c4d9fc94,f60b4926a15f8986,8b4f49bc255782b1,fa714d425f703963,0546c9df620aae5b,8ae0d21b46f93003,b7906f76e052c7b2,682e4845aa3ae77b,fd81b994d301f48a,fb841b842fc99a90,168f8372edf0f06d,46ae82b24e3fc1f1,5874a8efd13d561e,a4d3299160e256e5,655f16090a7d9fb0,2cc9f9b704eab44e,464af84ed3ae6137,51e09f55b657d493,63916fe1ad66d79c,2f57e8475ce8a060,2cad48f31677621e,0fa161b3e139cc4f,4a8d9024746016f0,eeb564a3d0b0e0d3,6d8c994484f45f90,e93f40fb6dec96d3,8ce4fe3cd72cd2c9,0f353d34f7031bae,94600a9c8f3c950f,c27631be4deaea71,82dabeaf1bb959c1,c619d327856d1657,f2f1713f079eee90,beb86fc30d3234ef,0074257d330e0976,617c76b547075793
Diode Milliampere/acid tracker.a2m	33408	7a95ebc2a44129cb,ab7f9f60e8afd1c9,e726730a229deb36,e489d56a5649f71f,830cc0f0b977ac3b,62fc9f36e4c0cdf7,050a57c107e732c0,49e7dd3fdf52dbbf,dc3a00f9c98f8728,7d7ab5b513eb7e00,3fd7df1a63c15e6c,57825315dd97a9db,b00714d32e6b6960,13fdab94da7b5727,b3c1c90bf777f63f,82f5349f4bebaae3,27e725fe93e8e67e,a48cb7a90cf939ca,e954e6250ebdf036,68a89188a417fce0,a634456024025340,56319452c6727bc0,9c32caa6e69eef07,1eafb04f8deb1d99,38359f788b3e66df,e65a009be176c41b,0591589433339516,df63e6b12e3b76f7,ca3ab9d0b1aa3670,a585f4fe88a3199a,fe2de45d7a114e8f,33cbbda8722d6690,c3a4782540ac6a26,afe8796f4539f5bf,5926c01c7f14f99b,1d533d91999cfb28,4fd0d62831b25651,6b10e039cc27a2d8,f49a7f805fc41b4b,2194edbc6f687c7a,3691f54667286fd6,395ca5d31ef659c3,31cb34591c57b670,5c99b5c889bc8c57,95b3c3701326ac5e,ca0b5c2f8f5048a0,83affec10683094a,80abb464079053f2,21a50dff8b635db2,8b63edd9e3ab4d8a,e3a8bba45aae2368,3a92a72cdbc24692,7e3ddf98d06dd1bc,8c5efcbb4082588b,54302b6d9dedd5cf,c6fd22c6698a9983,f7408d13c91803e7,158b1a4374c35e9e,01173e4139f93478,853f854da7cc7067,8ad63544112a41f5,7e3ddf98d06dd1bc,68ad048e1dad2f48,68d988fe37dc525d,ab7f9f60e8afd1c9,8a650654bedbc751
Diode Milliampere/adr1ft.a2m	3072	5aacaf64541bb317,31b48b9863d269dc,97d8b3cc8c17dc9e,9dd5b492eddc40a0,e10e5c2f4b64ccee,db44c85986ec5394,d38ddfe671e3128b
Diode Milliampere/aquarius.a2m	10170	07af7bec90fd2c86,387af350b927196e,70cb0891a8e3d998,ac063354e7773ddc,24a39289b61442f0,569513ef7df81ec4,728f6e700d8fffca,552e75b92dc316c5,1ab1e95ced32b2a8,676817b483857a90,a3c665295c252aa4,99df548d2ddd7898,9bebe90d54e22751,7890a2cc06a906ff,39a7cfc2ac0f1ace,de2608cac1ff8d3e,6e471fee187f9f58,3f3403c9bbfd3e98,9f9e9e7a16c86d82,ae7c2c22fd787a00
Diode Milliampere/cat people-show your lol.a2m	29376	ad485d1015c38314,5cc98182afe4f79e,ac19cb8df02ff7d2,5a4d52ed01c61958,194afb5722b7c15f,522eb6d3d383e26d,8e1305cd6125f246,36467eacf83b73ae,3a6b10da7d192d1a,25e9ae5f39b53964,626b3be961dd6298,cfc87463af7486fd,6167332d31710187,cb7924402f61cf85,742c0bca344cea9a,78d71709d859c5b7,cffa012972140024,6f2d42295241f0be,0c6b4e398daadd08,29abdfd11bdbba18,99134a3023533926,839a9e222faa5ada,d8caa7cd81cf82b9,27315be62811a589,40bd962bd6d923e0,2ecda68b0978d128,886b3d48b78421c8,2836a3541f0175f1,e28ee1261e57a0ea,5748ea9039e2d50f,67ae62210614a5ca,20cd0f97b10322f6,3bb3d49b4d0b2c28,f51f007b12a024ed,d270f12bc1e138d6,a4984f2fec63fecd,c6ac53e4a0f11311,c81a9951ee67e76a,47ceddef9dd230c8,eda01951ea6c4b64,029b7cab64529127,cc7539f989740542,14444691b9a80101,26faac0b14d0b79d,9d2d126c65a573ae,31bf87b98b6e8d2d,ce7ea3e3f7f2acfe,76fb8e99b0a1741a,ec1c7b2c46b07266,ddf73362d6f6e1d5,3adb943041f62642,1e036503147c9a43,f1926b0326a7d0a3,99963791998405f5,f565554fe9b888c2,a6da471282ec0e24,4063ec3d2fbc3a26,41fa4ad13a92c0ae
Diode Milliampere/endless scroll.a2m	49563	1fe8417c776563b6,4e797acc1886b5f2,7c119aa8036e47d8,1e75e5eacc11742f,56b4e1c6a0173d87,7b31a1dee011e01a,cda22215d2520f88,5a145f15320d5a79,e1138e9961ab228b,f180b1b3ab6eae5e,f72d51e1494f9205,8000d5aebbd4c3cc,62d6832e5f993fc9,e02fc9fb16357caf,9aa3662b77fa9f1c,e5abc38f8f9f4568,642c584b1702b77a,1ccb8cfd84277da8,6ed8ff2d3bf92659,f8d33c31fcc271fd,181d1c653ecd20fd,9ecdf4db37fd7290,0bb1ab45961060cc,1ac8bc45b989176d,da4e235c6e71c1b0,37fd8a82293f0f9a,cff49664189b1396,0303d413168dac58,bbd7a67126290ae3,c9aa59764f0dbff9,8e2128ff028fd748,b1cea0f6fcc26b10,fa358736535bc75a,24779e5fc02fbc04,934dd8de471ad5fe,59a8db4ce8e54a44,757b63cba1c79f46,e9e1d230fb76e181,6148537d037a8490,627eaba890eb8e22,2329fb115817e959,1d33de9da6612bb9,ca750eb76da8ed7d,05bdf1cd75f06bd6,e41139e4e088f26a,2744a064af561e11,13a9a8ec060d19e0,b5ee863e79aaeae0,1199cb9de12c57dc,10c03412f3a093d9,aa6df7463710ce1a,f177be55e937ed6b,16ac2b6bf0b0b58c,f9e611c13a7d7798,9b958e8b31a8973a,46d9cfd5b418ef24,864ea3bf93cf2e2a,66103760ba92e257,218c98e9a6ae0c7a,6cbe5c795639cd66,706f1804574b6fa3,310bdd7a86543c6e,4b881dcadc3e14fc,a01ad9f541fbceeb,fd7dd9747d32d80b,9addec3e613c1778,3565bc49863b5490,124e32e0d19c864b,a3311433e9cab332,8ff8f4d042acff9e,1ab4ee6b2fe2b3ee,ea43dc60c36f23dd,b0155e7a5186c174,73b26629eaf60c5a,53cf0219a2424efd,01581d1792993d6c,ef74fb6c9940dd09,72409c453e5c5ea8,097cbf2a25ad44e2,ed2483956458f385,d0f42dc9e648c804,8df0d6f84df1637e,de277814bea33630,69e7fd5b26257512,3a142dbbeaa6805f,0e7974b8fbea6eda,5895913a464fb45a,49acc64ca8c6f45b,3025664668be706e,7d2f1d4d2a101211,3f6b7a4745279b39,8bc2297619fda8a3,93a356fb2a49596f,be78bcdbd952dd25,be78bcdbd952dd25,be78bcdbd952dd25,b69aff2221ea2499
Diode Milliampere/greets fly!.a2m	42048	d30ae697b6c255d4,9dbec1bb8209d3fc,058e855a67d08f3c,4298cc9c146a294d,6eb24d6aa2537ccd,5e02fb173aa15025,7623c3d140c3c5d3,1711809b00dccb3a,7b092e6fd916e73b,2f513d7ba00d67bb,5896ddb5e2b014e0,278fc5e0f478dbd5,421aa0d9ae35619b,7e29d3e2153e3b72,cc1b3f703cc00148,4f8138c1ad601dcf,fa5071406c77a61e,12fbf9572ff6e928,635f6e26920ab4ef,fadeba11bb695803,837b6424c1cb2ba1,f0d9a7a3bc74c2e2,98178cf433dc4b15,75e07ee62f9dedca,7bc08a8f22f38c21,35307091d23fd833,52b21175e082b0e7,8498ecdd1e6528c5,8acfcaefb3da4737,584b9c6d0fb79335,05c6874d6b273b74,d89a7fc9e75b2a3e,d532f1bc9216fae5,203ce13d8ddc263a,a24f61dd1b58266f,6ad3ff0ccaa9613d,e8894d28914d89bc,19559146c735cdcf,3c1b60543b4af4c3,5f0874c3ba7b8b0b,0043a39f52649cc4,a24f2dbf8ddfac46,e3c55d38108849cc,9f9ee120d5cef357,023fa0bc6adb8384,ec8a914c79d7ace9,be9856b59aaf4398,6130bd39244649da,1ef8ceec36ffabc9,632c163c93a03bd8,fcd4a4a01414cf8c,0ebda65b822b31b1,b1735d3ad20d3e54,dc18afc28572f704,68af58b6132619bb,c5196aeaa1141f21,36856bf1ea7986af,73fde4aa4b7162b6,f7cc79cdd15f6ca2,d532f1bc9216fae5,203ce13d8ddc263a,a24f61dd1b58266f,48e99e346cf9784c,ed8607bcb06182a0,c5196aeaa1141f21,36856bf1ea7986af,73fde4aa4b7162b6,5bafcf44196afbee,fcd4a4a01414cf8c,0ebda65b822b31b1,b1735d3ad20d3e54,dc18afc28572f704,254af437fffc0832,9cd8756890aca026,ddd86a1d876788b6,ead9a1f24852e460,1168d0d91ea12217,5d471ed0f12fb24d,7369418644941a1d,8c7a40c507ba5641,ce41693d6fa5ef75,793a05406bf58092,b5f502601f26832e
Diode Milliampere/keys.a2m	47808	dd00dca316e1fe84,22e3ce7a29e0a329,5b0e53a85a2084d4,2990b3f950ccb1c2,911e24f101a31ec6,8596c05aafa49f4e,84810343eb52aec8,e53b1cf9f121efe4,0cf4658bf867034f,a89ecc475bf73659,1ea9e3483a06624d,b8f3440e416d14bc,c0c0ae5d43189735,fb6fbb836869826f,2bcce332a702594a,74ce1210b9e567e5,4b79ce43574f047c,59ce59afdca74ebd,4852226c24d91280,a0addc7c1baf8527,fc9dd7ca9085648b,e2a5eb2f9d9e37e1,23d2472d9a6392c5,753a470e1e1b28cf,c8521f3b98e84899,b185ea2ed5cef7ca,a08e7b1dc87624e3,92700982d9bfcb7b,1ce2f57850831ed0,b03df9be3fc86ce9,daa950c1bda38591,60760d4919e5413d,dd99978740c142ca,089bbf1d95a22dc2,af96dacd8b19ef7d,0420598ec1217b12,f4bf9ac80267729a,c20f45bd4c1ac01a,2ec5b430cb18e121,3ecc194e352e455e,d2c7f19e2c99104f,09e6034e7025234c,9bc9348a2ee96f41,e0a01b40ed50836a,3acf239484f79ce7,230a27995911bc86,a935f1a06153d1d3,5127c169b3650f04,691305a4c23352c8,6246ec6eaa9315f5,05f78c4d79e5794d,395d202ddab770bc,dac0978632c5a8f8,5b6c7b0dac6e7baf,11a5b2ceb8932ad4,6a8887418a2b0201,fff21dbb5694dbab,8fc10e14cde4708c,43fc85057fb38e24,6e422d765fffa2b6,37519f849330a035,46bd96740ca0f75a,e766725866b765a6,f2d701d0d8eda34c,e9b5e954f6ee0a2d,7a21a5745d9e2b78,91746e50055ee4a6,b9e56fdff210162a,11094716b9ed711c,6346e27744b7f4bf,9f5ade36f64c06ff,4c8a78222c420673,7b79deb61979d4f1,be9f8065271ebade,55dcf6a4617f2446,8ca7f77f3d242d6a,867c7f51cfcdc7bb,de1aeac72f3ea2f9,16efdaaa9eec0f02,73a5c73a8419456e,08d0c8d184976f65,a24cfc842b27bb6f,c5db1d23c6aef0a5,b4c9a69488aced3f,ef4df703b057b389,0975977e3c72a504,a777105626efa5db,9c79294081903785,ccaa6615219ff865,be78bcdbd952dd25,be78bcdbd952dd25,be78bcdbd952dd25,be78bcdbd952dd25,41fa4ad13a92c0ae
Diode Milliampere/milinda.a2m	20736	d6c1c0cd4f6d35e3,dfc2ecf400fc3eb0,cf8816550f1dfb9f,bac69c36b6b1f89f,2bfa88063a959124,6ffa48f7d5877aa9,8a96d39f0379e221,d5345bf616252e79,eecae184cf369173,6f06e9a6b4037cd4,ee4f2edea06d41e4,9f2ef01a2598a0d4,77ca1fa10349de85,ccb7151f66694fc8,30cedf8fdf6442dd,832b2957bf9c40b4,49c1339e14d133b4,a61de8d040a8da7c,3420a001d9833715,17efc2e1297936cc,5dc1b89861e9e248,83a04b2f333e656a,d249cd0053584d84,788a8657d6206410,4510944b922ef4c5,1e05c911dbff53ea,734fc0d34534d7c6,a510701b6157de3a,89a2fedd5abb70cb,0e5c6b499e0dea5d,49bdb44d56a9157b,d8d5de66e8d9467c,09be9255ea841381,abc98b1471fc9f2c,da00596b836ef8ec,9b3aac15ae589b65,545cd2b322a9accf,9b62581213459baf,d276498110190c33,a01b7b877a1159b1,8d99c48c64251dec
Diode Milliampere/mutable signs.a2m	5760	a113ee74f203bbcb,804a39ae23c16898,08b5198e205b7d6a,77d330d0eea6a6eb,75b63911c2a423d4,96760737f1db36ac,4a7557d753250e21,c179a06bfbee52bb,7c0f928d91e0e7eb,17fe6ec54a96c8cd,a5a50a47a643869f,e29efceae5a526ee
Diode Milliampere/no72.a2m	39168	8ceaaa19f4352223,d77b3ed828d2b9aa,e64d7a48f9e3a4e8,607e48dbf1b85afa,130b3a024af470a4,f16078618ec94ddd,8317a467fe03c605,02a8e09d3c0aa2c5,2b1d1a1d5e60da93,68ab41e8a795e31c,5d5aa1d9f66076b6,82e941d8ad66e8c1,d3dd3cb9d2c1370a,de48491f11315994,5db17e7c91c22a4d,0add72253aa8d3da,5264e74e9d209378,1acdf59938a14425,16ec222e96230c19,8936548ce7c632f2,df3b6589c751def5,c1b7d1e37bad6e92,9a45dfbea65b8e8d,df06ec50934077de,7518a1899905b6e3,626a2262c08a31ae,7424eae6e92aab45,4e1ac7c76e26a4ae,ba1eb9957096f0eb,69339484f29dd4d3,314b85f1535c01a2,13f361d78629a36c,dec8ce533106dbae,017235d33393c8e9,f9982c595002bd48,22636c42fc7f73bb,d5e4943036fa46ea,903dcaff237189a1,23b6ab33bb0f5222,7d338b0d03751578,9d6ca4e6be48273a,1906466389d2ae20,9129d3c2b0075daa,43a3041488b6f579,7d724538d683daa3,00c9968cea632d41,0b1ed17d2d53cd05,4f957fb563058c8b,ddc3b94af06786b8,37c647dda9c4d74e,863fa11c80c88b64,aeb7bd2188bb50b1,f1f958058fe47bae,ed48a9b33390a782,baee63b59090e58d,6981f3ea570529a8,8b6c95311034a3fa,4f940d9e50cdd6d5,eb16ff12fe37b1a9,becbbd46a3c8ecd4,3d80e39d67cd1b63,52dee7ef7b8bc0e2,fb0ded51150a88e9,18bcc60f03b0be41,903dcaff237189a1,bdfce4a6bde4b15b,dc490e3988b70283,43269fa394f8c7cb,7c9e67dddac4d49a,b465bc51dd8ace77,37ca059393aaae6d,1af70576293004e7,ee2f1da3566f5c57,f4365d78bea87edb,3ee5d88647a89516,8e06d0c63af31c7c,0a086e6c897804b8
Diode Milliampere/null.a2m	2112	933d11ce80021ac9,80d2b30a3a8fab51,edd541bca51792e0,0d52555d038f0606,10c13e778c2a7a78
Diode Milliampere/odd time.a2m	16632	dd3bb495f2896d12,9160c926b576662e,05cd56c45fe899aa,8cecf1cb1925de05,d82d78aed41bf5b1,c5fc706e59f9d9f3,1a79c2f76d68cb2d,38dd388ae210a72e,21f53bbefffb0d59,24e94e412322fb44,326a9c85fe0193df,b58da985e567db39,f9838ebdc45075ce,237c6e4699fde2b3,69091cb89d7ed927,329c19d63213a97f,db3806dae40de1e8,208a220804d832ba,f91a85bf2c0881e1,08cd223f9e4bb9f2,480f658fb0378ecc,c4e3a3b8578d4334,fa23e10a33692ef1,633eae4becd7b510,9716f15f46b097eb,116a4f1ab5d42160,1cd5c3d24466191d,5f59b54cf4b7078c,c703d2766c2cfb80,7ec456041381c5b3,95b0606d493903cb,a30ea2579062be70,cc58a90b43bd0fa9
Diode Milliampere/on planet zaxxon.a2m	8064	54f680763a065280,fa0fef9d11bd74ef,b84721ff8c34885b,e6cc444620c96b98,c93e78c270575b3a,547a4c82b87c2fac,fc9089750a08a77a,70d3b5f0ab93c77e,c776b6ed04c0ddf9,c19255e02f2937e2,8c8a7d9345f2dc04,cff0d03c3e639ce9,2f672afc9f0d9b5f,3c8994b73c45930a,d1874ad408010c79,2f8a78740ef6f0b1
Diode Milliampere/phone.a2m	4977	2ebd0289b6dab9c5,da03c477de252c0d,43412639f3126599,e38f0d38c0cda130,5697c25202978859,7732365a5b70d759,8c80c6bfe4626958,be78bcdbd952dd25,be78bcdbd952dd25,76d74c2165c3c733
Diode Milliampere/psg.a2m	22182	d02909378e49d1d6,8a07c714557a2ce9,14b9a11331ab16df,31a3f24665c3bc19,de7c46b5747c05cb,8709657adedec2a0,5d1adbd8d18f4c52,4e6597c14b45861e,c5cafe3d5a4e84cc,16278b222bafa86f,c9cf1fabe4428b49,8287864053aa6969,450093fd46384771,cbd7b9385dbf01a9,aa5bcf5be0df3717,744a96961e562876,baecc8d80594a7d5,4478ba1ece053173,0abea80aee13b9a1,b4a6cabb60c8cb00,adaf9059968de810,a95109c621b896c1,83f1b551ef236d7d,ce8cd82ae268b391,7fd979625ab57ec1,e998e14058ad5dd9,67a823692eb2a787,46a85bd268ae6dab,d1b20453faea7191,47e4813d2360af16,e0680381dd057d10,53c75da348ca8b8b,594684a20295acb8,fbaed2dc0f988322,181521e736dc2697,5a9cad95c105118d,faa5c60ff9826f20,325ec812538b7aff,646e17a0058aa7c0,24014f9fc768a356,62379fb1ae39c5ef,f4916781e68463c8,f21fe29a0c091f16,0cba8c8dd439f5c1
Diode Milliampere/rip.a2m	29952	0cbeb4605457f303,7cbb4a71631e0c47,41f07578e2ce6de8,7a59a659a770b0f3,9c8cfa8231d587c9,6ceec85fa42e4903,d557e284ac0bf5ff,dff8948e208d36ca,775fa38e2a32e1dc,7316d38718d5e944,a920e24589282e75,ccd25265122f07d3,d19b377a0a0a3bb8,67e7ef4ca554ec13,0027f89633677c93,f20a957df6dcc25f,d8c275257a336746,846aa023fb62beb1,f7678d87e3b420ee,56ed4d9a776f0809,faa0e9e9e57f1d4c,51e912f05dcc6ba8,b4b6517dc51fad0d,8f2500da721c2997,e24df3ff4aad33a7,a594438ce496524e,32eaf72ee0af9568,902f09d32b8d2864,2f1c4295b9ad0de2,cb56787e4ba50b5a,3306146b662fbb27,4433774f08da6bb6,beeabb39c9488805,3310eaa54311eed7,a21e073e30bf4b46,e279a8c9e0e2de2f,3986b5e0ed873fca,b8298f048f9d0c01,3217a6cc791fa48e,0e63241144f9dc54,6e5e407b09535379,a1d081aa9217051d,35506647be988d2e,80b50d9995e9063d,996ed044d16d7a0a,e3b9fe4f050fe92e,050492c5abdf8508,cf7566ac4be4a70c,eea5ce69d0919a02,291d16fd0e2eb8d9,64992a7d83607044,edbb1ae891b77197,be78bcdbd952dd25,be78bcdbd952dd25,be78bcdbd952dd25,be78bcdbd952dd25,be78bcdbd952dd25,be78bcdbd952dd25,555a8ff0af5af26e
Diode Milliampere/samsara.a2m	29952	1b9dcd3f6e59266c,1aca832aa85dfbd4,254102cf9c01955f,a0cb52c99b3fb01f,d05a16f587786b38,bcd4f5b4e04cb405,6eff7c7ee9baf8da,ffb8086fa81d3e7a,f463a777f905b7f3,6d4b446ac210b138,c1a9dc0bee0a3a49,567bef0774e3a9cc,c907b2a214341024,65bc3814ed5026cb,72abcd3af57950fa,4dfe15c65f48d6a8,523ad0f6c4a3d1df,113477c2010c946f,ec9fcc24eea7a1a8,da9d59194cd0370a,ceb8e88421df36b7,c9a605a146e2f635,a06f9968b0b90a26,e30340252003b34e,9ff5fb4152bd0e87,478f3c69eee676bb,97253c8391e02417,03995c97a2ae97c1,60cb2eca8141a791,82c2a90c240a8cc4,ebc219133421da58,98b499d34e8cdcc8,63bbb49ef2c862fa,929211cf551595e8,cf78a520460a935b,3166247cb9071ab2,535955828d1d1110,2388904da1343343,5a30f95e056fb9e3,26e04c3daa5b43cf,de03fdbdbd1b1ed3,a0b751018056f666,0ccc472a85b90ae9,4ea516000fbe36c7,a8076d803d5643f1,f63fece155155c8c,3d34a53bdfaff046,8808aecc05496ee5,147771b76a518abd,d4d65e8d2fb61c87,6dd494975f868069,d9fd3d6c1208e104,72edbcafa8ec4a25,03f71ce70b871800,4c18b8d1a4f4ec11,be78bcdbd952dd25,be78bcdbd952dd25,be78bcdbd952dd25,555a8ff0af5af26e
Diode Milliampere/squanchy.a2m	36288	9fd07f3e4055c8c2,94f3cc191f63c167,160fe0a17322b955,8724d48eaaa4741c,aa91b308760f284b,26d2a462da6a87d2,3a21de74e10b3d80,5cdad63948ea45b6,555893aad0b7ae93,8d902a2487bf37c4,34f32276aae75eda,a661ff5fe39a676d,b9a00000d2c4911a,d28c743f8e134f17,486fee363f8d86ba,d69a3faef8260f40,62d395724339a307,bf52a2a42b4451f8,9519ef9e863534a4,2238335629eb030b,9eda0b943495cadc,352328bf1d01e34a,d2042ac3d6c3a58b,6d1ddcaee0f5ed72,7a138126b8a3999c,dddc72e5ac97cf56,47367ca2c667dff7,1238fe60e66c7c9d,9c10edbbcb45746d,7afa5e12971d205f,e345edeacd4e9482,f6a8945869ba21ff,4b4ac3e435efcab8,7f1a52c37bd11bbd,85c815d9bdad66ff,1c25b3fd57f318c4,8917f7a0c8417693,7b15d83888f05536,1947847ffb06468d,47b51ad5f727a64d,03db02047572b549,6b823cbd1d41e5f8,1a206dcdadb5110b,e959c330970a8df7,63c5530fad774276,13b5027a8fb89eee,a0d097ffae2de733,5526e45dbea32d4d,37e11b93e5972849,a987bd2a6107545e,77971c815e36db54,c2ca42f4b7d624e6,9831143a64f19ab1,2ff658cd5c6694f7,436cca2eb4e1d35e,19f2b5ca6b736cb0,69a60ef76f026273,60189789ef3c3423,f952780fbbd103c3,7d8979365103561e,2a0b78d3810734f8,5bf156066b0ce477,388175248f9bb8ba,7fdc62db3f086bb5,b26786542dea14ef,ed98098d08f2a9a0,b9125ee38373671a,039418c835f4ac61,671bf039b4842841,f0722b5e29f1e28e,5f42458dacbfc7ae
Diode Milliampere/xmission.a2m	9600	854a32e5dec5a8ef,b3716ebb2281fbdb,9da3aee1ae336a7a,fe5b84a61e9601ea,fc175552fc9855f4,8af65a4b919c2322,8bc93e6371ec443b,d1fb6e8f301cecd3,650e5994a0e73298,038395d06ef8fa99,2b83c948b2d256a2,e59a937b8b26e7ac,b126666cf08320d1,a22978d7cd87875f,053c9339183764ae,62fd85e00e6324a6,09f4b9ff43613d01,17ff086277fb643e,ccc6470ab88b2dee
Drx/schwert und skelett mix.a2m	8064	640cacf777394a8f,575f880afd87e700,e8edb9c2754a990a,e575ff4eecc79a5f,9c5c851df8e4bc41,d64e2d36c939b373,32e6ff9d08452a93,30513362af5575e0,24a63abd452b9d8f,d11eff532722b81a,253426d5663dc32e,afe88c6d295a1b2a,efe05078b9da5a84,cb189fb8b7f3be55,10a4aacf14dded7f,c17b758c7455a202
Encore/crazy little techno beat.a2m	13248	0a24ba57a7d23ab0,8fb49f7b54d48182,75c2253f39de6e50,cb4c7976f182ca94,7479a3821dd241c5,d24e54ca3a55bff9,182b36d7830b1770,a309fa764a316714,d4e01e859ef3278d,2175e041c72579d0,d7cc295325288046,278e15452d2845e9,aa7ea7f5ac827c58,7f81371bcc3fd986,6aa847149fb99e8f,627596f25b133862,c0e0c2de9ac2c099,71e9ed96783ccbeb,1500764217bde130,396e0eeed0c0b428,aeff93a70bc04002,2f876a654668b1f6,bcbf5ae4b04dc663,b4f3cdb26699c458,be78bcdbd952dd25,5f42458dacbfc7ae
Encore/eric prydz vs retarded funk - call on me.a2m	384	bf33946c6221b2ba
Encore/fm house (version ii).a2m	13312	7fb9cc718247a95c,c1c174979ba5749d,1be7bb3bcf3deeba,4ba88cab76c66e91,9252418ccd82cd88,a53e6e652ae52f4c,5806b925c30ccebc,723cd1787267bd61,7a916ba9eea92155,b73539b32886223a,27ced6e4ed718991,1b53b509077cc922,ff4d7bdead111cec,a53e6e652ae52f4c,89be2050bd65e79e,b462d9105c4447ec,a9746e4c9b5d7b03,8174ed971225df63,35845a216341947b,bae5f0372e3128f6,29b433c9c3c1bb63,cb31cce83fde9a34,75d371ec4e9a4499,723cd1787267bd61,dec5e3389d10fb14,3db4969767791b19,af64724c8602eb6e
Encore/fm house.a2m	6144	1aa2ef984250395b,6e906a6e288d052e,1be7bb3bcf3deeba,4ba88cab76c66e91,3b08558b7b22ee24,a53e6e652ae52f4c,862883dc0cf61c7c,723cd1787267bd61,6a33c2cf15f97477,85511ece17aea2ae,f0e9505146278fb0,56e236428a7d2a7b,eba6073be9ba7f05
Encore/fm tekno!.a2m	7296	3d0eed4e37cbaae5,21722a3b049de3be,a57e0ee529905c40,c647adef801c29d5,1a537b86019c47dc,682322230771dc43,aae8e52d8130c1fa,ffb18be87c906f77,dc50fe6b820f1efa,22d128d7d729ee4c,434c60c8f3e0f89f,ced75a2fca2209bb,42e0381afbfd6d41,81e15db7e55efe57,f8c04bc188c36b55
Encore/forest.a2m	7680	d5778f38e23d6101,a234203d600d097d,72b5a218f76f3e53,77eb10a6f881de1a,ba585151919c5d39,e4e31b117b926d62,13403c17769dbd90,fc86035bf9d5c2f5,d8e8b271c7f5ce3a,f91ea9b9e0f48884,2b4647c95141e706,7474125b4db83c53,babec4f42af7e65f,71824fd8e9e9a471,55418b3b1c9f6635,b770c67a676425d2
Encore/howard jones - what is love.a2m	22568	99ed8f5a7acd28c2,4820d7b14c62f6a3,79605ed4a42522d5,06db1a42f07c0b9a,0d3d693cd207319a,6a1044365601039c,7fb9ab0764296734,2410ee82f93a1451,39d3e1e07981ce2e,2480e1ebf1f87fcc,803852faeea9ae86,318f60f2edc7ac95,839c34658453a3b8,5e0f69b82fe00644,ed634cf8fd2b99dc,dbe26d189026523a,1312889feb0a62c9,c2c5533c0470c530,04400cc7a35d3e1b,df9398590a4d8b84,57a9854a074e2c85,520e4bbf1ffd4778,87ee35d69ae4d4ad,149836328f960159,15e5f945dbe2dd6b,a6701f7d634925d8,99fb5ac62d0dd89a,408c46a52ec01066,a926b111d1478b6b,59cfb91296c7df1c,34e212cfcd5488ae,e6702145f0503169,c7ab0885d368359a,b43795d0d8e6e76d,4db1c1d6f1e1b290,a64bc197372123e5,8a6d5cbdb783e8f5,0aefd80cd576515e,a46bac549cc7fbf5,34e212cfcd5488ae,90582543596d11e3,73d2572f3d7167af,a372b8b5944bf5f1,125d0a836f9f049b,887925ac281ad6c6
Encore/karsten obarski - amegas.a2m	13056	3169aff8ef5ff8a8,3a97c589398502e9,bf9b2fa8f0cbcb72,aa8dd3d2bfbbffea,3d13d8c3986fb420,62e8f06cf259d2b6,6749c0d85fe360ec,aa4e1891a40d0418,de474e061f318efe,b267927a2976e8b7,aa4e1891a40d0418,de474e061f318efe,bf0315a931fbedbb,dfcec9e03a96438a,dd724c6034608c1e,133383d19b110179,ebadb2fcca06aace,05578cd3dff34c17,86ccf847ab3a3fa7,d0f7fd6fca238c01,989548c9b497808a,427bb70411d1649e,d0f7fd6fca238c01,989548c9b497808a,a7ed29c057bb6eff,7e82087004760a1b
Encore/kraftwerk - computer world.a2m	2304	e4fc552920b73d09,5aa4e67c28937419,d37d4ad200a18230,45d2ecd1cc5ca55b,12d0a575539765b2
Encore/the absence of julia.a2m	11591	95635690bc19d1d3,7e9abde2416417fe,bfeb676f3ed69a9d,80fa41d7a2157266,f146b84542faa8a7,d2448446fcb166dd,9980c5b1dbd10ed8,534d1d6827752fcd,4a5f26cb3b870803,517670acac781a37,5868bef085057e22,d159b5cd4bfb30b4,2c6865ec2221ba7f,fa26fda7509dfb75,bdcacaacb8e15081,aadce95829c777f7,13bcd1fb9e38a128,87bb3bce91663b82,2179038503f3fc65,23dc6844367168f5,d38742e95a6f9b53,2dd6e7bfc58f6cdc,d70db0290a13a026
Ikuma/lardossian synthesis.a2m	5376	0de71880bb0f2850,cacbb7c4c067b5cb,4ad73ff282b46ca0,65bafe2325891594,50051083d4edca9f,d3c03f1ab571c90d,68730c229c19d74d,49f8c1b4c7fcd5e3,af8c3defdd4f41b8,e928fbc2fab52295,2096743e8439c5d7
Konakonaa/DRGWRRTT.A2M	4179	91ef66204a916041,9cca1cb335e8a6aa,81bf234efb44cc21,4fe84651b7e0acf9,3fd63aaacfcf4e16,d2bd9ff382ad2ccd,c637803776631aff,7ed3b44f72149d3f,6761f07cd1b47994
Konakonaa/DWRRCSLO.A2M	3072	bb96d8f9c3730728,8f239a139c2f5a39,2e3606cfb1df7a53,8f239a139c2f5a39,669af32d36fa23d7,e4586d1769e66907,af64724c8602eb6e
Konakonaa/DWRRFILD.A2M	4608	bbfe556c201cc6b8,8160b6c763d701aa,7acce0265d435b8a,a82b7078e9915e65,741b0cd37c875f81,1656f2ce0e61ef51,ae759923a96e5507,0890ae7bb9117825,98778a518da49706,4a494a9ff1397a61
Konakonaa/EASTDSRT.A2M	12561	27509e957cc2a751,59fe120ecf22b780,625997a8678df83e,d19930fb9a8e5c4e,1f8861df3f858e48,a57fab0c5b490831,9e79ce5d698e3b3d,2aaf0fd919d0129e,1ab16b9ad2e432e6,a4c78299ae86854b,c9e1e164d8beb234,ca94da9cba79dd2d,21f16a9cb35f5734,37a541e4bf7b1e94,ee05203b9c55fa85,2466c9c86f7c1f0c,4d4bfd9b463ab6b8,868f8f5557085552,b8ff04fbd1b17343,c723151391def5a9,0fd49a2279c4417e,f90bbe01528c6201,84456be314cc3267,d9179454b00d09a9,8ffa14a2f87f374a
Konakonaa/ETWARAWK.A2M	22805	e9dbbb8fb29b448d,4ecd37343b43dc45,0fe119f455e1165a,05f3021a0cf35d49,fb6e62f50031ab24,5e94b3b66dcfe331,2c10ed12db5fcf94,98acfd8df36371b4,89f1bd3bc9d62ef7,a60d11b2b25230a3,6888b73a2429e68d,2d00303f4f8a5b45,3a4de375810a4b7e,ee6c6d2a33f7d8bf,20fd242ca8d3769a,364c0436549dc33f,f9358c2283d26a21,f313bbca4e2b7b0b,63a895553949548c,206a2dcf2b5d269e,cb871c00d9bd05c8,c6250147759d2cd4,89f62f742e080cd0,918bba19919aaaee,bbf930c33c220238,cb1a940f14031a46,f762b1cfaaa966f9,acf0254126f031e8,913d51499e56c3e2,4dc8c3e834730cb6,e864e8c0379b78a8,f6021ab3ae76a8a5,53acd4618ce83207,fb041fa286f06232,0c5f1bc49cfcb6d0,c28bab0448702050,95bf5e2e88ac2607,a13223cb6a1fb8f9,b1876faae6f8d5b8,a790d6d1122564be,e45e3dbeea097ba5,79edb98c93f5bf66,1002e8da497cf9bd,787826ff5adabe88,0c2ac66face64e87
Konakonaa/KONAHOME.A2M	12468	f7c9fa493c989032,625c65cf5544f84b,b1ccbbdd6c4e4e9f,13f96d85e13374f3,e1d342d361ece481,395a047144236437,8e8e31a36d723880,9a92de5b5240725d,8e9dc00d7a696fdc,4f9602afe8a83942,e1d342d361ece481,395a047144236437,53232026d2ee13b0,41e9bc51bae4698b,caf5d61957159ca1,91db74c7bae649ec,b93b5c4ff053e734,66eef2185bbe60db,bb2fc89b0b158f66,66a6787e7143b5e5,757ce797388b4641,2be0c544f57e56aa,9a92de5b5240725d,4ce7d1bea6df170c,304dc74178a1a17a
Konakonaa/LIMITBRK.A2M	17600	6a761df9c27322a0,83b3ed29a0914b92,a12d3c3065001c36,252543fae0f4e683,5ce5692185a23869,f437b42930619e70,ceb61187527af7a7,cbe8e4c106ab22cf,b5d780aca2ea3f94,edf726815a80d083,e8bda6f5edc3a078,021b56b96b9ed374,83efa44b687292b0,b5d780aca2ea3f94,edf726815a80d083,593a72edbad9ec8c,8ea7fd7209a1dc97,a2bb75e9feea70be,a6b14cc625ffc0b4,8d76b40214af5313,dc2ee2959424f788,bc03a15233642a88,fa7a96ca3a8c86fb,214d18f2d78296c8,1d2bff7f2e950a45,b1ef7a561e095499,9e4ade8d6de15736,a9a9fc76c4db3f86,718f4e930c3b1a90,effaa33474838127,d04e58b38bfb88ee,565dd12b71701374,65222b39cda3e15c,6634982db19924fd,4abc795b5c0cb64c
Konakonaa/LOSTSPC.A2M	13120	4afa0eb6f80885c3,4b7327da749bf953,1f99084dc08e07c7,a12b7f1f3df526b5,f9c57b32f2d031c4,1021b87dbb18dd9d,1c4c7413600ab6fe,cbb1dbfff1eaef17,8a53b1a69407172b,4e6c4fce9ad5b16c,3ff369f20879bee6,de79a2eca87fa0e3,cea583b2b48e2078,2d260fa3661472a8,201d1f2d3df19505,07c25092793be036,8c8d986ef818ea6d,21dc07574b332c91,a592a87700f4a053,2cbf0bd9292262df,4223288ec63777e0,4b7f69a40ced1d5d,a34f9d8b81611e20,1789a7959c2c8a69,7fbd87a7ef74e366,15caedfa5d0331b0
Konakonaa/MUTECITY.A2M	3357	1f29f5d137bc2438,0db5c5404384f2e8,835f94ad2a4dda8f,0e6815fe69d3fc02,91b150d886aabcda,d89bb930d557b6a1,bf71b1cbb584c45f
Konakonaa/SALTYGRV.A2M	10368	609f19bc84a873fe,476f3a0805be45e9,f544e4741a9b5117,9ce6efde55f5b10a,d0e02efe64f33e17,caea69024ebd0c76,ef149d3fe846a38c,827140c4930a7abc,79ca0bc733047b02,45228a19ee436a62,b9d3b29490846bb2,b96136c768733f59,cfa15892cf7a11e4,f0068214bac8438e,963b539c3b425b14,593d909b25fdc625,34c84ffde6213568,a9dc818d08752b81,a85cd045472846d3,90609bcb3a01707b,fa0f1924769b3a64
Konakonaa/TG_VEGAS.A2M	12672	b44b825692488e45,f86dbfb1caa5c46b,6f093baa613d967d,627dbee91f09e875,3ced011d332493bb,de1193bf225872d9,f55dca757374601e,562613f5f5080ba7,0057d656829f9fcd,b750f0bc8cb3685e,6ca2750bf68a67f0,7ad0de5d88b64b1e,08c0227ac212a34d,cd6014c684fea484,24bcfdd0b1a98ec7,3fb264b7cab17055,70d62a14811eb6e3,6f030853b6dcb3d2,cd17ccb744eb2adc,6446cc09618be0ab,94507318fc75276c,b2448705ef423e9c,092dd0f2163d2b08,0b744716dee07e14,227e50bd48cb4e2f
Konakonaa/TH04WDRM.A2M	6648	e279c9264dbbdc16,0fca7d0d70845027,2eeff619846a331e,676e1bc4e0bcf767,4412ece22ecf9c9d,9680830b68532008,c9d3f9ea2dd65adf,d447eaa34c1e93df,699db9b77ccb94c7,faa8181c515a1b37,84f4bc359e102e8b,b4b81bb8504f7431,310332807a09ae40
Konakonaa/TOP-2ACT.A2M	8761	1c7c28a257b67b88,9e989d589c90b602,5883dc171c9a4dee,6b119d13e1573b92,b23335d2dd945051,36170a33d2c809de,49148d11296d5ea0,d0b897a6b43e540f,848032d9f7a6703a,d6763462051d6bc8,52bdc9e3a8d85417,292a77dc559cff32,0d1a6f5563abb2bb,ca3e9e3576a19bf1,f59d67d7affcbeef,6b3c6382c74360c9,bc167f6e356a59b7,d36db0a34810d42c
Konakonaa/battletoads-surfcity-new1.a2m	3959	a2043a68a88a13b1,d9be9d94540ffef7,85db4662810f0e23,31c3e2b16c12f57f,b4f0064704e0bebb,140aad05550ef9b3,5019e1de43a05072,3a373af01d1e2b43
Konakonaa/ff2-rebel-orch-pann.a2m	7679	e2f86a6de40733bf,bef1ddabdc07d9ca,a5df8ef727950f20,acaf9cc4810975c1,6df31f1a878fdc76,90c542ecd02fdfa5,7126c09a8eed11ae,25045168266b4b68,e6c9216d5fcf9fad,6b663a21c3811b51,966cd3add60b1a9b,3660ba0a784c86e2,dc4a1b4a08dd86af,6b760c709ca1f509,62d7c87957f2ae5c
Konakonaa/kenseiden-stage1.a2m	3168	8e3f1b0f3ec678b7,f6c505ca42b420c3,90aa94d4ac1239de,06999aa7d75863d2,245c4d958f4e5226,c2aed703ae98e620,84fe86dd8fd7728d
Konakonaa/pkmn-gsc-newbark.a2m	2217	52a805dddffd361b,ad358c17d8a770dc,857f9de306c11803,586e5d4cbba3f2d5,bea370664b1559ee
Konakonaa/reflections.a2m	3840	f793134a54e02a77,2bb85945638fe1f8,5fa025a52c5a10b5,07205e58b6f3faab,6ff3e78ee8fbba3f,5fa025a52c5a10b5,07205e58b6f3faab,457286860a6e95d3
Kvee/mega man 3 title.a2m	3520	adc52e87b543dec5,9708e6a47f6ebf01,d33f229d67d24ea7,c44c84f07d6480cf,ec93f96df34875df,8a0030c7120bccce,8474745650209aae
Kvee/paradox #3.a2m	6272	ab6ce21c477f7e01,94acbe11f55276e7,68434324ad7d1381,799997d53e2f7ebd,58ba7ac2c867c48f,6dcb6875ad824a72,3bab208665c11d8a,8275322ff23e8f91,0581807e9fafc7d2,081bf528a795138b,083bb08498bbceaf,2ddf601943941adb,9b3ea6c56d5a5be0
Kvee/the sweetest sin.a2m	9856	36bad57e658e0eb4,486dd4cf29cc200b,99e4b80e33190b83,6f25f8909e58acb4,0ec87711cbabfbd4,6b888b0fd1989c7b,c98efc2550d57695,3fe76c255176f75a,5524b79fa2303cd9,3212dc6743d2eb3e,6ca3d19625cdb508,99821f64f1bf0acd,710cc4ebd6cb496f,c8167f49f37edb71,0148170bad6a5d50,383453ab562345fb,3212dc6743d2eb3e,f661143feb5fc84f,99821f64f1bf0acd,c39e0fa3612b18fd
Kvee/where are you.a2m	7680	20b89632ed40833f,f38b4fe7795bc81d,1e8db4432c711948,f7ecc55d587675e8,1a2d5dc8b88e4f87,17231b55fdaf264a,9f3703fd1b632ea1,d0add95a1dee7ac7,e6def17f62768649,445ee1230d120810,838d8ddebd685c41,acdb6db80808a845,0b29bd09d91a0778,c40d84f04b4cc532,103040ca42bcd900,03faf983fc77fec3
Kvee/ym3812 funk.a2m	7680	4c6d148b2dbd06d4,efb2f11de13c17bb,bca406cd7f596fb9,536f06d5b9cef10f,985e03f7553c3b93,f62a58dc65c51c75,f1800f4cf26d2319,aa15af669ba3f72f,3ccaa1503c827f54,c24c4ae854568dc1,2cfb305021652685,efe5a066fad86682,b24c31cb0a105ffa,b24c31cb0a105ffa,654daaec8c3c7544,af64724c8602eb6e
MadBrain/grab bag.a2m	33271	99008e30c5775b3c,99ca87ab86da069b,e4f544893895507e,7ae3a11e4b31fdbf,966f198b61aeef55,013bbccbcbe9919f,35e1cc414c0f1d33,d316d94fa6ecc316,a21612e4e49e66fe,a362a96a9dcfb1da,2927a35c44080714,4ac3b4afc7136ae4,09f785e2be3da3bd,53593da14201dd1d,daef0b1b3cbd632f,f464abe47b51a1c3,f4b5fb2589c70247,284cc876838fa1de,72ac42f2dc8bbd92,5b33753033bf6642,2cefedda94059607,f2acd84c241afe31,eb067610f67958c1,78ead1c43ae5f5d6,a23e2239f2401f30,aa91d4c7bb828ae3,e5e524d7aec42d8a,d95c025a87e5f2fe,6152368b49f480ef,c51a65451281fa7d,50fb858b34173657,64a0f88cac2252f3,cafadb74e2791bd1,baf379af7f79ebec,ed3f7b871af6fb91,ab2f8981f3b092ee,d5cc6b8a6605f908,13a233f9426846e4,4bc66233d0d18545,802292323cc129e4,f52b3a664121832e,3cd1c63e6d805115,1c782c770a532593,4ad7edfba02f3699,8adc658f2a1b0990,f62cca8a6bd61af0,5fdecc845af46005,73475ba79dbd82b7,79ef93d48c8a5c37,7f2c5016d26c677c,fc7d55679e471157,a1a4b614a202ddbf,aa7d569d73f50345,67d26887b4345872,c017dc38e8bba249,3df6a1781cf57450,b2dfb8b613c1b50d,1a7640228d5c9838,e91d270b99b31971,12b01c1a6bdd6433,f8f22455c5233187,03042a9fab4ab0c7,6514c3d2bf2afe2c,d69c83d4c80d9f19,0ab956b96225d8fe
MadBrain/international crisis.a2m	55861	e83ce2ff850d9149,8273622484de8d41,91f457e4f6018ae1,c2f58193d0be98fe,ff0f53ad523285c2,6fbfe85ca9a4fa17,1020ad56e0e963ab,f34e01dbfccc1f84,6a56a45127d922bd,eb1a49c90038715a,5748a9cc16985c67,bf507ad742b282f5,06c6689cf56ac838,04e8ff35e15a8c9f,d89428b8764a742f,2a3efdcce62cb55d,0b31f612986888a1,72247f25742bc9c2,7c676fb6dcaf1548,9756c2ecd42de860,1f6e2e27ee0a9348,1dfa73bd40d3ca3d,64e36bd10ba9747b,8029307df862a30a,80c716ae31454bfd,27f53238331d3e49,122978346a254996,86cf87aaefca9ce8,9e2a678345088150,df1cb75fccd9cfcc,8ed2a71d28866fee,6aa1ea44f03c0174,078487965d01014e,b6072d0d7a7d6f20,6135aa15742d0c5b,4ead8e49652bc142,8a012a02ce2bb6d6,7c1c20727abf4b2e,47d976ed06d21e60,8cb40c59c1ec10b1,e270799ba38178d8,63581a9512c452c8,ea87aa032bc624b4,0b80d8092ffcafb7,41f860062a2fdeae,4e3e372debeb12f8,7843b296ec84ae3f,ef18774b8d4735e5,85f5456efc02a92e,5a2c02415c4ad582,a276f5de8475161c,f190bcde48ff548d,f3c47097a9398d3a,87079d3a99511cf6,382eef83c625deb5,33f60b39b772a170,67a9b18562f1de0d,0e8948b11ee43ff8,860cd1825c1746d4,d77e493e75e35295,4355c6be091078e6,72bb9ca970256f3d,2d10b1b3e2646521,0e33d44ade0f91db,7182f1cff18f52e9,accce2b278f4293b,7598be8b3fc37848,c6651334270336fd,8029307df862a30a,8dd276c5bc410aca,a79ed1b70084e0c9,153b56e5023453e3,9c9d4d5c49d2e892,e876aa2fcaea711d,84bb7fed52df9ba3,b9abac60a27c37ec,8680f40101d96a28,f94777f457ee0e18,09631484783392de,d4671a0c75c40488,eae1da955920efe7,479027afb6e49c5b,71505dbf13aa0ef8,86696381257069e6,3df67915573ab34e,c2f9db5bf7747ae1,2fa760d07126897a,8d4f975cdaa42421,a5d5a27a79873f93,ef7d2eaf9b4397a9,452e1624a77b3a75,f646ca66966209e6,47f4768a4d44644f,0a6ee6eee360c264,b9f71ff2ad5ed938,ab26da9c30c3e7db,5efeb50b63aaf110,495467136084fa00,49a9b80db074ce84,649fce9d7886adb6,2128704209a76b0c,c0431a48ab93edc5,d72e368369fdc7b7,94b5fd497f5e1586,359cb2817e753b58,040585d56d3b974b,94b5fd497f5e1586,359cb2817e753b58,040585d56d3b974b,a37bdbfba5847472
MadBrain/oskari leads the investigation - intro.a2m	72625	fb1f5b27beb194d7,dfb3cf55d7e6124e,eed56b4b1100ca60,2ae9f60d8bfdc520,404f43b48f2c102b,935fce84899a9cf8,710ee8a946420316,7e1b88342c6dc754,a989e8b1e73239d2,052d1f825dddb41e,e1570eebd332ea73,f0997663e6d82d2a,4cd346c78b0dc398,545c3710e9b2aeb7,7f31a0a624bedc15,91cc039d508529d8,29603d5d62fa586c,0eb837b791ea509c,c4fd694a7c5868bf,689a272c3c6df195,faabf131826efe9c,a510c82174217121,6505bb2f17bf35a7,2db887e26873c79b,011f059eed42f28f,83e1584972f31f46,fbfb0e8d29e422ea,031d8af4ca11d74d,6f5ab1567b1487bc,de4a122e2692a023,48fa6f44414f85ac,999151776c650a17,3114d954605224c2,4cdd32606aa5e137,c188872ae69f21e5,fb41a998c1427121,e98c497ec3164ced,0600634ae3f2042f,3a8f736815f78c64,38a22ef67613df50,691647b67bba4c79,b3b74c94e03288e5,0ad107b1825bf041,bc11223d950790a4,b7ce6b1107c6dbf9,b65c221d1bc4fde7,bfb77b1a868990a2,a5889e4ed36e8556,64365aa639162d1b,d1454b4ec19e67fe,338f81b443e4b633,39f2cd7dc821f990,7e982f40b652cc6f,98139a5f45a84b72,0101069559e0b183,f924dc866872ea65,339375fac64cdd5d,35de4d3bf4fab972,86604adbbfd7863b,60719bf137baf518,97017d393ec4c029,507ecaf625da12c5,0dc94d664877e7fa,720f4e642d6e0cea,6a3ba149ad95c9ac,2b47df0e3e6ebe60,94480bfba3be969a,e48f1fb58c390796,a4a1a80a0218b9dd,82c0cf3b177542fc,247f86dd1c139f9e,121176f02a8a0a21,54c6dfe94f1bbe37,978451202bcd0a9f,6ba2295212015a4a,2fd76069d84e1015,1bef24889f1b02ab,7d49b3bee0c8b902,3876da8e734e4c75,270fc7de9e9947bf,98cb75681a0359e7,6ad487b1e3b9cbe3,78bbfb8820721f29,d74874bb4d5203bb,b4d7e17274056798,a2bd4567ab7d9de7,562004bc0e347780,22bd687c4776bf6c,007c2d18709c1fbc,8f571b30fc8ed5a0,a7d76284255aaf3c,a439c7709eeb8997,45500ede829c6fce,c1074f4f12c171a7,4ef67a9dfd0114de,dd71494f8cd9674b,5b5621055de9029f,945a8dbb2acec64b,50f7dd319b4d0573,e67a3f50a31901a7,ab91bb3fc29e5c1a,1dcb4e3e56685d2d,4b403ea86516b1d6,a7053cc68cba855e,f42ac37d045346bb,d5a6b733f86298a0,66ac4d315d989eb6,92039669b4d844ce,f35c5c557827cb0d,370fe5409760fb35,1f216e474dab645e,8f2e9a7472a4d155,2d815ecf772313cb,d8efe3af4854544f,4bc8ecc1278798bb,5ef8aa18babb3f66,3f323b607c49de77,94eb1e258002c99f,f6864ee9356b495f,19e5f29334826555,7c619551f30b0715,9e8f3c0e05eb6b4a,ddec4716f83fdd08,a06864f03040c53b,f5c5f61e65a92635,368c2794de9729dd,423ece913b81643d,fc1a0a7873c4b4ee,2efa2fd8edbd9c8f,8ca537a9cc3f9e2e,1f86101db21400da,5b1d7af302a90401,f86966b1a7cae5c6,b05fe9cf9c27a851,07d42d894182e71b,b480dcc6949a7139,a7b6d9e1a04cb89f,07d42d894182e71b,b480dcc6949a7139,a7b6d9e1a04cb89f,07d42d894182e71b,8c9b862cfdf4554b
MadBrain/oskari the heimfanker.a2m	93733	ef4e99e68a1dd25b,9973efb3f1949597,891cde03e71d7a3a,64958ff2c7f2c429,ec42cf9e819b7452,2c248f0af0981b08,9338cab0a961ed73,35710c3ea8535695,bb3953105a50ee48,c8a9875d71e602f4,19b9421b3c66b639,71813aeccda82469,16619838f4b806ba,da6b5f32d562897b,d3ca2e71132ffb96,fa0427d6f226ae10,3265f92b91990b72,7aca9b892b86e087,bc1ce8d118551cc1,2031f733b5466be4,ada97a8ffa3b251e,61a6adb401c9ea76,bf32b9c145da1ccc,d0b61aff7d6144cf,c0b46f86ce4639e0,be321eed3e1e7c0f,17a2d16a81ca0bcd,30cf5c808282c488,cfc78a2e1570c7c2,0ba0f15ec6addd1f,af3bb491dd8876af,05677e5ccc88a584,af357f6f531cf952,d2d3156697c522fe,66854ff8eef0d207,c7fd181cf0951120,a2e5c2a49ca09c26,b6963fdc180aea8d,fd23b10391665ddc,1442e3267392f1dc,60164e6320e26871,fed23524b59528ca,d5c1dab094cac784,f6f6f60747c58e5c,ab5c4b5f21f31c76,218650452e2f44f2,1d3a6a692108a4dc,d69f981bd14fdd01,a651448b4d103a1f,8c9ce9212291e4c4,5afc4a66a7258b43,d4bf5d4bf06272ff,bc2166cfb55defe9,d5b6755ab23f4490,c481378c367ff8a6,aaf653b425a76e08,02dff473810719ce,d35f32b79f3a3a37,76b4f5371f981ff9,5eee9ef139212828,ef5ac479fb1f9a2b,dc60035946d76827,81fc6fe088317117,477e1b5bd11f8f81,e9010b224cd0e8cb,1e2ac399e5e4fcd3,1d5572eb8d044368,4fb723bc8536dd71,5c55f300faac43ac,82447a91fd83809b,70c95a9d195489b2,5e7e906b340445f3,61fa9dde67910d33,4e713312f55916b8,a05d87837abfb995,c22a9ce4e677a0e4,115350acc0e9964f,dfb93819e7db7f11,7c956b736e51c2fc,f3159efb8c7e00ea,2537eff6853c7068,5bea3da2d8672d37,bc11b8cf35a534f8,94482d856405bea5,af58b37061862ae3,22dde2adfca271c9,344660f1f3ee5323,297efd306673d096,b3331c223ccfbd32,922c1ee0c55ff6bd,25d10a5c12a19777,60b33ef0cf0888f2,8c870ad0ef11e8e7,2c535a3b966ff9bd,b7f2cc5085f03632,3ba0594e769b8357,a560a4f4a126fa49,6c64213a9e12c64a,e905c39ee373b435,0502f53a944a9486,7b26ba22b7d0aebe,e7e1e707d93a2b53,8fcb7019448f8bc2,19b131a1a5fd22dd,69c5e48420429cfc,9edcd1a10008349f,6c18f743810aab09,1e6b6eb9ccabaa84,5a12a6225cdea522,bd2b2be9ef732d77,bfbaea47da158a01,6c8f6fabff011fe9,3afb14b343c0a6f0,910094f22ea10ded,a6578810232bf7a0,9f44080febcd3343,fc976e5f340ddbc9,4452c751f74d0123,33370d0c066a4b5d,e874d5321ad4cef2,28f443760c1d4984,8f030cac4e39bb96,41db619a3f5db11b,b1a5245fc702d9ad,bdad3cd9696c6780,f061fd7487e43233,167f08a063c125fc,2a8e9bde3f42b16b,e678b40e00caefeb,d72f68fd277e3ff1,ead17a21057e09c6,d3531d84a63710ef,9e418ba393fb4abf,968569355a058b25,7802ec694ccb9ce1,4df978a859c47187,06c299f47bda8f72,199bad169fe6a50f,dfb9cb0817c5ed16,49d1d03625e2330b,6a7218dd6f077ce6,7ea0c62c76c5ae76,19aa16a337106470,5f3aefa9347a763a,84001d835dcab26d,4b3d94b9dee15f67,895076bd0988b170,c4c537d0c6102185,932b4d4416c192e5,82cb696af214eb2e,f73b543d01fd7f3d,9aee6f96f0e09bb3,09cb31bd04107eb6,8b543e15b16b200f,445b0ecbc2cecb28,3684b00882184525,3ab879a9375e7e5f,9f0a3f0af8f1933b,ba5d87ca1df89286,f807ef6cd3073405,dc4666586475a8db,aeb2692c224ffe9b,8461fabfd11ccc82,458566f18dad3944,61ab63c35542959d,bf1c779c3fc4a725,f2c9b2b15f37e6d1,acb35fe85255ea4f,51b266fbe65a36aa,02e3ed5946d872c1,c8173d9c100a9571,159e5ae8b5fb3371,e7462c46e2adc749,4f8cc347cf5619a3,be78bcdbd952dd25,034ae6665228477c,be78bcdbd952dd25,be78bcdbd952dd25,be78bcdbd952dd25,be78bcdbd952dd25,be78bcdbd952dd25,be78bcdbd952dd25,be78bcdbd952dd25,c8055a7de3706bcf
MadBrain/oskari travels to a new galaxy.a2m	61151	821c3c53afd0862f,bace8f9b5780f3b1,08f7e7ea428c1910,8df5f63473b75120,0b2c04d56ef89607,1ef852f66b3de80b,d92be9d2c6401693,27b3ce64a5cfbbe0,803e6f2388726721,7ac3a3ff201a64d3,e4676cf4cff31d26,1f4b7e959f3d3b6a,f331030f358bc3a9,88a0ccde67e6815d,00d30ef186988e58,742793d3bf984181,13a48f71fe69abc0,2fc5c0651e13824d,49f536354e7bd08c,4bc2a061a377f345,57aabe25ddd38e54,d92be9d2c6401693,b03f3141a30bb286,6d0678f77b3f6a57,8cba45fe657c6141,6e94b2df01fddb75,c1a4763c2aa3b3f5,1bbf0cf4c3c0e6e2,e5797d2d6139bbb5,cd08ae85bfb5fb16,8dae9bd2ecb3bd2e,c121d75c2997193d,d3b2178fba4f90f8,69068e4d169bb2c4,52c7e9fd974b6f50,c0277c5fcefe137d,74e5c26ca19d8b84,cbfbc359f4521542,d2be28aac142504c,d5e72946097b34d6,a5ae3d1a2c3908b4,e7bb1e20f0bc8b8f,470e556aa31b13cc,5155fd02693b4f14,4bcafddfb879d0e2,4df320046b418c59,8d5391cc6f3a3fce,fa5b19323ee5ef9f,7318ff55e10d456d,6df752969bd04a53,fde87621f13723cd,20e511806e9effa5,9cb2e88d6e440047,a235ae92946181de,65c374d4dd699f18,85165ce56ea3a711,c33981abd7a94e46,16fdcac609fe2363,0f36987f49a40614,84bfce2393284b80,0d81e61f5bd06c12,f06a1c368ab646da,947e8f28caf04b8f,947b7b640c394c96,ae407ca4efff82c9,91e89eefcc0a18bb,2c8385d22457bfcf,8bece297c151af18,4a0a31dec3e27a11,e9b6c44c5b4a7cd6,7296b1430199fd51,10ec64705e920393,31e95c5882a7873a,59f87396d14089f2,4c2a1ab845a2330f,cf9a7fc309d7c69e,5e8464de8fb6b445,7b06e3cd5809a382,c3d1d4fa1df19658,72a3ecb08680cbb5,e17fbd66050b72b6,96f5603c019c3ff7,6d7302c48fa5fd08,4c08d3cf9201dd5c,46854bc0b96bad2c,82b6083d8fe21fe0,a499e788b7ccf6ee,c77f0b8e403c9b9b,1b07c2bd58f8a03e,a338d2f5509dc254,bbb38fa3d0ed069d,cc2980816df9dfa0,243c67aa4f1b74ce,8c0865f661ead318,3242574a04c35fc8,bce12a39278d375f,b505d1c4d73d8b37,995024172177bf46,4128e4f3d6764828,ef460a9eaa5d917d,0eb5398a6c29c8f1,21151cf73f601e59,7dd342a1f99bcd55,f481f740026d3811,7df3854a37bb1779,0eb5398a6c29c8f1,21151cf73f601e59,7dd342a1f99bcd55,f481f740026d3811,7df3854a37bb1779,0eb5398a6c29c8f1,21151cf73f601e59,7dd342a1f99bcd55,f481f740026d3811,7df3854a37bb1779,0eb5398a6c29c8f1,21151cf73f601e59,7dd342a1f99bcd55,f481f740026d3811,e42d8193fe702d61
MadBrain/oskari wins the game!.a2m	37625	a8c942c80dc4f282,b7a7775ee3c8ec05,ea2e87154d92c698,27265b955c25f85d,779b10cecf91347e,edfef5bf13ab948d,e4a649df926e775d,ffb17c45a98adda9,1e29f72a125fbca2,973a4aba5c6b002b,1fa273708132f837,f53e476e2426725d,994ba972e4322170,bf8d7165c4f47e37,2592bb16a6448819,a4cae0c7e28d62dc,90ce308364734712,a57303171bc62a71,5635e876f7130898,5830083b70d13cea,457662b7bdc6791c,47917db1287a72a9,68b493a2426a78d9,3c9f8d722b557ec8,219438e22d3efbb3,5ffd0b44a67af3de,e013d6c5cf1f716e,150c1a0a76e81769,0ea120759234ae01,4dd6a4456120a2d8,2bb6780f208a27c0,e6198cf9b001d547,3d39b46d9bc7a112,8afcdd6ebcef5a9f,b6070f97c0dee62e,02f7e526c5806f1f,7d3be6c84e007f35,7210688c746b8e95,dc19a4af7bf4e130,469e5971c4f66633,a289ce1dcae7ad8a,58c464ee6b6e43ff,ef07b0de04ae5c07,cb9ae5a0c11dab7a,2f94d5889a4c6e63,643cf064e27499b7,dc19a4af7bf4e130,469e5971c4f66633,a289ce1dcae7ad8a,58c464ee6b6e43ff,ef07b0de04ae5c07,cb9ae5a0c11dab7a,58ad7c5c67b05d71,830a0309441fdf59,b169a3ded96a237e,9588a90e2e822cbc,ac40ddbc753d2efe,4274d7efc6412e46,77ab8977b3b353d6,1186013c1f3ac1af,71e430f52a72ddac,54a8226ff5a054c2,e84372ded124b95b,e41ae6bab4594362,5051c34496863895,49a829576f2d836f,c123d60408d8cae4,964c1da8ef47df2f,a2cddd63e3f24185,e999373df9c595d1,9706295492f4525d,1113565d3b313aa4,736638317cd4936b,4462fd6ffc679d73
MadBrain/oskari's returns to soundblasterland.a2m	68174	c330c1cf8a26e7fa,75f1cc16a1a1a371,e0efa3cdf90ba1dd,47d706c579b78641,bec825374287d6b4,56cf3553f97ce384,3a248468bd9f79c9,a276cb938b3fde4f,5cab95289ac883ca,0d0659b3cff08ff4,86131f6af714032e,86f9cf7efe321bad,8cb73b4426564fbc,1e04729755021cc9,10f6226f098a90ee,fbb715e80e8e9f3f,d6b2b9a58ba30da5,4f51a0eeb6e2c7d9,3a167e83bccd8f33,cc0a7a25333fdd50,91dfeee20cfa66ec,ab6f1448a70d86f7,c3830f096fea8c80,b389af609daf5582,96ae9b81c073b8cc,dc923cd5b18f8fe6,2129c2eaf6982ad0,a5fecacb2bed21fc,0fba06258bac4af4,fd33853e9b57663b,bdb7bb48430a18ac,4bdcf89e920d385c,8bbd8cb1aebf1736,bb1ae1b7b613c13f,226919d38ea2769a,4198a9c654c70532,96ccff3cdbc1bf44,d3c001d340f1c857,f7471a3cf46a5ce2,d585aa396dca9c3a,4757993d07017d80,2f924f871bd2f034,73cef28668870cf3,88dbb243c73e27e4,2d16b0eee3b43727,f65eaea64d8099a2,1be8e15869607104,9876ec5fc3e36ea6,8b4eefd9e9af3638,78c61c022454268c,4140b9fd2aba061e,f5142ce4388723e8,1c6d974200f825fc,ecafdd3c6e63cbb2,88984f2eb5e98bef,e295e7294b88ebfb,a48c03aff55ae380,99c4806726235a6f,375628243b1de8b7,fb79558f059e3bfe,e723e149a56f7745,533630e639f9958b,6d2d48c1342fc2d4,ebd52cb9d9e91f17,798604cb52537b06,da1f12b54a52a41c,cc3c6d28c82fda92,52ab89770f693173,61a98ce7e49ced4b,2b687011092a6ee7,3512529ba63f1bb8,4b006dd2ed65da93,c54637ff26f51562,e46eced4faae1fe5,63e1f4b69233d1b2,57f770b4e956d4c9,0b3e2f26a4a26799,cf6259ae001a712b,f1125d08cf0eb32d,d7a669451274b298,07a36a79351c091b,70a7fac39b34eb2a,d65334a6dce4c2e6,d152a5df48679499,f74fdc50250c4b5a,ea21deef7bade35a,d29be243bfbc3a9d,041a6074cfaac749,32e4c19088c084f9,21e74236684c682d,d738053beafdc651,ebf3a4412bdcce52,1b2bffd5b68f16c9,f4673324fdbe7006,4313c065725550f5,4c5370e595f2f136,d90fc4679765977e,79645b8d70750756,499fd8b49f381d55,939d587db590473c,893ae7190ada366d,096aaecc9a346ffb,b08ca4c15c2e3c41,c4eea6f9ddc50b02,86a3189945de7f24,21bc4b2b62ff0404,ac462e17a690c7dc,603e72215d61da49,02022bf7ec5b0e5f,1d4c83d6eeb87fc2,8ee48bfffba3fea6,ee800b4e8b960eac,5e007a4ebf91365a,a01736e52acb14c8,0a883827f4e9815a,fb60ed1538646b02,dc45a7ebd91bdcf2,c14543a9e707c428,e6bd2ae125b69ec0,5cf3d87d12cb5e3d,d962fb83b16fd96c,fe014eed9f443692,d22dc182c8c02af7,89262edb5180d571,25aba8756e928a9b,90cc327fb72131e2,edc52ab5eeb3512f,cf1937725cc6bec4,2fc5674f2000c6ca,010e4945ab15277f,40a6c6b16784e2f8,612d1055384582d3,80bba3db173c89af,f1b98a82f1b8d0a8
MadBrain/sinner.a2m	13533	120c8bca6137b96f,0e51e365e4370184,4e7376133032cab9,7ba0b7c4738a7bd7,e9249a95e2e02af2,0e51e365e4370184,b03f0fc2a7cf9658,33ab5bc20b4261eb,765d9b0775111f26,ab1a75cbd33dfbf2,a3e6be050004e5cb,f9d9f05f7b73e0fb,b7006d6aef1611ed,ab1a75cbd33dfbf2,412c0638253a244c,c88626bb564f8039,107980a9d9558517,cdf17b4d50768085,b1fd548cb935cf4f,035efdc628023c69,c246466a856c2e72,cdf17b4d50768085,a0786a5ba955631d,b49a923a872d0e71,be78bcdbd952dd25,be78bcdbd952dd25,46a3e16b3d2624b7
MadBrain/super mario bros level 1-2.a2m	14329	36b2083b84dffb38,a53e057540ca3770,fc4e9873d423604b,1163ccf9068d58f2,aeed9824a0ad9d30,c44af94b0f8a874b,7d3e87a8f1a174f3,c04180816b593d8d,7b5914a29f9d99f2,fc4e9873d423604b,123cd8eb3be38f3a,088646753240bb57,c44af94b0f8a874b,7d3e87a8f1a174f3,4406808ba9c160c6,6938779763a7c3b6,fc4e9873d423604b,b7bc76c831ea070b,9628fc719629f817,c44af94b0f8a874b,f12fd9b669d8efa1,8fd2ae23740199ef,7956fea791726377,5c12670103937886,86302dec8bb2c174,6e54aebe326fb5ca,57c4aade91b625fa,de61a8d836bb3563
MadBrain/weird sounding.a2m	55297	858cda60c933558d,4c627538ab853e15,bd37e6980e7c51eb,6f838020cb405a7a,1db7ab8b320fb45f,2250a25fdc172133,e96ce29facf50d0c,230d488072a6dbef,990a3f04cad30c2c,b6ba42f90bf224c1,2607c520fa782f33,1f295942ebe04306,40f45e2bb56709a9,265b64625e272578,2a725b3ac7063017,eacfa1fda11598b8,ff505afb24080ae2,4ee686178201f06e,c6099eb335e68905,a555463885c1f9e6,752ab7558f30aac0,1ddfb0919c203d6d,85df01eaa53678d3,5b0579e0559238d8,cf5e995b93d94bd0,f0619bdf0c991892,95c121aa8f552891,ddaa5feabd9e5ed5,37997329d5dd13bf,908e11eea51e68db,a7bc3f87f3be8a45,8a566ac8034429ff,21a9171a14f8d1ec,85407e2ca147df97,48483e83ad044e90,67d3f5463e9ec204,b7d98609b32dd12c,bf98b5c31a75ebdb,dec16a0bfb1954ef,50ba63f6f79ad4d1,11d6fdf7b1f2b413,8ac058910a4fdda7,baacec9e54524d8f,d5eb9dcc96ce66d7,75649a8dcf38f2e8,25081b24e84d40cc,daf29b5e82cc02ce,e337d9cc42096f35,6fe395152446e086,b6b8e40400284ccf,ad91a4a57c445f7d,e13d6e15434ab5c2,414cd7030962e790,d6f9a785d9e4bbc3,b0f35a4c432be8db,3749306c917cfe7b,61225e9215151c4f,3ab7d275e992267e,10d824a6e22db968,2a1f60ae39407fb3,ab609c09549ffcc8,738d84e7566e9fbf,a85b8519b0f2a31c,690e7cdb12b024c4,03b6e634d705e271,167224f5b37216e5,0e0d9227c5347c08,5e308373f01b5b07,44e114bfca148237,19a44543689cd7b7,325de63dba8bdc4a,ed7754b41f0cd573,45e0b6585cf3beb2,fcc70bc16a8845b7,d072fa90a68c8700,35ff16e80b0900ba,6678279dbe12c2f4,664ba3f07e6ab1d0,09b132830d265b03,451716849871e49e,35ea8f957e10e635,e05321cb0f2b0695,644fe8dfe74824ae,921fa0c215d0b502,ac4132dda00d7f89,73664fe9adc33d50,6f1f98d50a233e80,cc92db3523754cda,03a84f7dbadae49b,edd81a80b60d8b5a,fcd0387c47b104f3,d9476288cc2d466e,2ee0635e2e940352,f46b00c98f9acd9f,f7d3271f44661974,e30d1c41de754af1,98d5003ef44d4eb9,53dcac6dc537095b,5776328c97425c6f,2cda0c72e1f9d2d1,bd71bb840f5a6895,c9d5a07e5620172e,bb758f29b20375ec,a635479ec50a4f71,aad3afd4ebe4c3a0,838dd70c0d02e527,b2c8c614b34af142,35aed6a11c784461,0a99c907b6f64763
MadBrain/whak.a2m	33271	8d90461b40afbfe9,fc35f6ab0db9dda7,957d32396ecb03f6,06151eca4a4fdac3,b2851fadf87a82e9,6d33d854ee92c4bd,06789b62ff92fc33,957d32396ecb03f6,4875c2d1ccffb6c3,154a5ad7253c08fa,68bd8cd1e035dab8,78a81480ba4f5793,0e1cf42f1da2b7c0,df1afe0e60b3f9cb,e3a7e5fd809ba121,60bc3d5af581e4d4,78a81480ba4f5793,0e1cf42f1da2b7c0,df1afe0e60b3f9cb,e3a7e5fd809ba121,3efbe6b470f7d195,6f9d27d850d0d66d,4d557c11890326c6,3d871b0f3f6e34f4,2ce4af9a9768acbf,8df5906166eaffee,edcf94e49a980423,240f8bc86cb3de98,b47ec36e12b24d61,25fc5553d559d293,d2572bf0162adabd,6f9d27d850d0d66d,4d557c11890326c6,0da7932c70f10729,9948bad2b220cfaf,980090e39cffbea0,d1b737a7348e726c,82c02d2f3601066d,59f0183335e26fd3,8f6a7ca094283c60,8f5d83ccc995c034,2a736da4aab5c979,07aad58e1eddcb8d,e1bc2676c2548a42,2ce4af9a9768acbf,54cfa321ff7e396f,1570c3b0f597ac17,fedbd2a1ec68e7d4,47081b639350ff85,5d195d4e81673a43,e90fd6eb49a4259e,d43bbecde4b086b9,eafc18a931466f67,2749bb252553adc3,9948bad2b220cfaf,12be60562ca4d422,8e890208bf481aba,ca49183cb3ce1b31,2e21db9adbf7f1fa,052bf32423be201b,be78bcdbd952dd25,be78bcdbd952dd25,be78bcdbd952dd25,be78bcdbd952dd25,ba1e9fd466700f0d
Malfunction/analog trip.a2m	4992	4d7dd86b68aec663,b230b38cf5516d5e,8d6145f407c216fb,46ff7d914af49bc2,3a9f5aa8ce0b5276,d04774fde0c4246c,525e9eeb39362a58,04ddb4d560dc28cd,81a19430803d01db,7325f600985d7b71
Malfunction/dancing on the glass.a2m	44206	d2ee48c355a0e0b7,2ba40804643bbd8b,cd43103d02decf57,3ec94a7484d0aade,67909d9e630174cb,d961440350fb6d86,db0c678974322039,6ca3e7455fcc5187,425753e14690447c,4c23b19f8e97e83b,54e92d73b2240575,fb4e902af5bae1b9,76f4d1764e601309,8349aeda94b45afb,02c94a8b7980ed62,a319cb8bfe5f51c5,e74ac88fbbb16d9b,08debd05c2cddfd8,bc026ca7572af118,a5ebf8923bec5d31,53434518b82a9aef,2f2072218900d1c4,36dc8acac67bfc3b,3c36bc6bb1cc13e7,ff554bff1483e692,002d2e9c9895b9c6,7b74e6d14750e826,49da5b60d266ff33,fff368fe615f12ed,4b9a1596238ed4ac,2c29391a558dc2fe,1bf2aeb435884029,9470a25b933656ea,e95cbcb33a1b6f01,ab1a18637a5e853d,6bf730de519af1c4,323b8d9237e14be4,91f94b700d270bf2,a28c202d7bb8e1b2,500d1519077ef488,0580a8b89d33d857,1f81c0659dbf21af,84ae5ec3831559bf,68792e5629ea71b3,54cc9e3a41b4c690,cc527757a4b8436c,65b74ae7b6cd5130,bdeea940abaf750a,970e218b07d814e5,a1ee532dd28e82a3,0d15d7646b03a3eb,8a5a44c242e64668,784256114ea090c5,0cd042cdce94e862,515950164cd950b1,629696bfb03148ca,da01bba2e66227f2,673beed4b847b9d0,5e6433d611c79139,21dcb99b0d10d56d,53b0f79c9d4601f9,946f1dc8bd4b419f,992aa78832b11841,0dd05a216ae68871,4a2821d39d3b3016,ee926b45588b0d65,c565e31bf6564a10,12e1bcc441ab0047,eed9fa4e814c71b9,11bbda40ffe9ed64,9ea27fe54b0b6d56,49c6496400a962f9,be78bcdbd952dd25,be78bcdbd952dd25,be78bcdbd952dd25,be78bcdbd952dd25,be78bcdbd952dd25,be78bcdbd952dd25,be78bcdbd952dd25,be78bcdbd952dd25,be78bcdbd952dd25,be78bcdbd952dd25,be78bcdbd952dd25,be78bcdbd952dd25,be78bcdbd952dd25,be78bcdbd952dd25,3f3ad014fefafa88
Malfunction/fm-tronikk (aka altair street dancer).a2m	33177	3e4783403f1a65cb,c5a66b302d2422fb,6437f9474577d285,8275dc72c19bd522,4888db8ae53661c8,3c198ec2b2a93393,bdfd6621f804b72f,4285f998b07f2c97,57ee78d5a363e335,15a8025f74aa7cc9,637e720e0d0b55fd,b1648e25d0ce8e3b,df59432e5af6bdc0,9c3271b946e0c8f0,91259342ed661727,e9a79160e48c6277,5071e3da2d2da321,833a95065a8d2f27,857a3ee4572dde90,5548e9a12aa719df,27620aefd299f73e,eaea6faa71a978c5,689216bc6e5416ca,32ed2b8b9abadfa3,df0d7a35df7d7d12,f30627307c2ff0af,85994a0903cbf69d,371ef2a1346f3c9c,9e10f155043517e8,be78bcdbd952dd25,be78bcdbd952dd25,be78bcdbd952dd25,be78bcdbd952dd25,be78bcdbd952dd25,be78bcdbd952dd25,be78bcdbd952dd25,be78bcdbd952dd25,be78bcdbd952dd25,be78bcdbd952dd25,be78bcdbd952dd25,be78bcdbd952dd25,be78bcdbd952dd25,be78bcdbd952dd25,be78bcdbd952dd25,be78bcdbd952dd25,be78bcdbd952dd25,be78bcdbd952dd25,be78bcdbd952dd25,be78bcdbd952dd25,be78bcdbd952dd25,be78bcdbd952dd25,be78bcdbd952dd25,be78bcdbd952dd25,be78bcdbd952dd25,be78bcdbd952dd25,be78bcdbd952dd25,be78bcdbd952dd25,be78bcdbd952dd25,be78bcdbd952dd25,be78bcdbd952dd25,be78bcdbd952dd25,be78bcdbd952dd25,be78bcdbd952dd25,be78bcdbd952dd25,b35c9c6840ee3d6b
Malfunction/khaos (4kb intro tune).a2m	2176	1ec354caca1dde31,4007971ddfd73ed5,1aa22723dce4f702,f5cb31337c7747a8,8ca6b5ddc6a71305
Malfunction/khaos 2 (4kb intro zak).a2m	3008	05b75265e18a2941,28cffc8510b1b366,8fd63756da009a2c,53b015e233deb889,f1daac95e5fd64fa,0bfb15fe0315ff05
Malfunction/little boring trance.a2m	11520	d039aeffd6555b10,40d5a63825112582,a550204d5caada8a,32dca393bb062c17,8e4240e154332b09,6982a0afd88e8fe9,a82d10b65b55c8d7,d76be0c03e2e67c6,827f4e39428c93a1,a224283553c90400,0f6344ccd5b4f8de,37cb1bdc053f3cb9,fd5bd08788157b71,66ef4cee51239cd1,4d042ff389a1973f,2b03e5b21968e51d,fc5e5f71410d90fa,07ec21dc3043a080,383a57497f04e5f5,323f05f697942631,08718e2c5e3c6587,44df8e546cc0b5aa,259407d75d5d0754
Malfunction/oldsk00l songs - chapter 001.a2m	4992	7ea574ac5e71620a,a3a397a7e05b236e,57ab279290b3df7b,d1682ff75a90951d,20858c93d298f357,fdd4345c1a5be666,e07404b22e4341a7,d10399f6e3fba03b,739b23b5e8a58c0e,8221534e10a56d2a
Malfunction/oldsk00l songs - chapter 002.a2m	5120	e5998020a9d927f1,a542b6fb22b924eb,a6a94fbdc4e423f6,f14eff69e3315faf,a9e95d1b93d40a6c,ed5ee1268210ec64,232a458cefeba729,a48d221297c501ef,b643eb4261c45c8c,eb5765ebc08b9e20,c2682a03f7b631c2
Malfunction/opl303.a2m	109814	498dcd1dd89c30b9,e1e18849027d7e14,acc9a43f46fd8c51,be78bcdbd952dd25,dec83605e13b30fc,be78bcdbd952dd25,be78bcdbd952dd25,be78bcdbd952dd25,073b4411b19f24b9,8a57326a136b7365,fbde47a7ee923dee,65ccb16d1b67e479,c44896c01723b24f,a7cb1e0b6a77137c,74f1ccf469631638,e664fa02b6bd05c5,5026378e7340a909,ee9a0b20be9e93a0,e194ad147557f3b6,97f16f5f3f52460e,bd81bfc55695ec92,03e766914fbaa5db,7ec88abb48250ab7,20ff09e38f060835,719d9510f07bbac1,49cc3bf5c8ac3f74,d246bcdfb09e0701,6f8f88d32633cdd7,252b1dfc3824a985,9aac608bbee8629a,00108f483db4fe10,a6610812db0f0d38,b0398f16b4295fda,1d121e722705d8d6,d14e7b98a0397cd1,fe2d8baf3f45336c,9a7895e2261c34e9,939baddc84d8da5b,20f34cd01c262754,28c338c6cacf88cb,3b710a92d644cf69,e90d09a9780ca130,577ae52b62f4a9a6,32ed89a2ec3500df,042e87e339ded8e3,e9f836ad86210267,a51931e1a7658126,89bc114a7aa3ecdf,71fe572ba670ab9a,70c19fb9a1d48bfa,8d53d85b5f7252c5,8c1c1c743733e497,c8526edbcda6683f,15bdbde6853d314c,0405ffabc6b02b72,9c67fbf3f8120287,0ba58af0d0694050,207992145b4c9d80,c1e1cad5d71161c9,52325889573bd9b2,c70378ba88ea3fc9,50a91bdd4c24738f,d713602c8330e5e3,c2161d8c9e93dba5,ce8e40e0fae45caf,06be936b6e8bcbc9,cacb0b49fb0b678d,97db61135f30ec3d,c6d9ff112e907e9a,c2df7569089d4cde,16c36b931fb0dca7,b093c9a156501c92,6df0dabb2712b457,8a813e0f9b0bb4ec,75eeb5c792e7f0f1,bb63b338830294c6,f4e8c9d2ec16578f,5704ae4aec5939d6,68666ef74725f5bf,057a6513b59d675b,fc82dc98fa1acc4c,0ada4e006b3dde2a,3314f79519c8cd4b,cdb942ddcbe2eb61,5e450fd8aaa4f9a9,3b80749bca5c98f9,a2012443bf2ee33e,0656d7186cc4a617,d1366fc7cac3e7d7,738420fb9def3646,9f8d5d2a75dace1e,cd67bc9237fa8ce8,389bc0f2818bb99c,5e18115ea065f6f0,03b84681e61e48b2,476ed7f31f62c25c,e35a23f4612638f6,37cc8fb55b95f61b,26abd58c1d3b36ac,5b04cc2f99a836bc,9aa3e56efd09a246,e255417d3e976562,7824898684f94ca1,387d8666ddda6e8d,9a6ad5b3e795c736,4745b72ad29f258e,da899cc7dbb6720f,a26fd390d199525d,1d850a6f551ad9da,d2925d628c8eb90d,d2506f6003a9ce31,98016e7863f814a9,d363d269f74841fd,c00e924715c2b3dd,f7ad451b1c2ce494,d93ddc3cf39e7a4d,e7a53c07a0bde3ab,0028ec1f155daca7,917bb017ad3e0eff,0d8d5fbc2d16e47d,3d661b0c31bd2329,b12e3269f183a457,f603a704ba77840f,131cd8fd92c4af95,c19e88d950ae84d6,abf5eb6b4625badd,b8ee2d5476263f04,903fa33a64f31d7c,ca29e82c51e3723d,a04587d4e5b8b557,9e520d7b43ceef9e,e26932a193e21ac6,d2c7f0287a2a247e,3fc790ec350e1db2,6922871de87381a5,2cdf154013fef7c0,04632f72d339ce8b,bf6064532c7292d5,9f4f407a2f3ab895,86c4e95484f2fc9a,28db00422dcbf24d,986044c511314eda,014eec5897cfb2d9,7349b1f50632c5ce,d48aabaa6f8cb671,92c965fb39827422,67cdb99c329a82c5,8481d0e725c7f228,64f7b634244fea0a,978e0d9aa6899ec3,c08cde24164cabc4,f61762d5788863f3,912012eb2f3a92db,066834460005afd0,06ee1f27281efcf1,83259ef92dfbeb68,5a3faeaced17d663,b1eb2342671ae7e2,4340c98e4bfb6775,232d36c8d2715d7c,1f2757879dd3ca00,e6a2a6d3bc7d3918,2c9f4b4d23a02a3b,d18f4afd0da37349,910491792082a031,e8f8b73d4362a41c,9e1a324afc19fadf,ab836dd10a13c898,ce1335f38c66ed09,614c00b370113db0,a17db6cbce71c92a,ccc073b544eaa925,27d7a96fb272a88f,4c61603c2dc991a9,7b57cff3872fe237,ce308443da76d337,bfff82aa6226ed65,209e45cccf001db0,dc67074dfa301d1b,3358e2c55a446162,9c852558b8981100,388e7d43dac4a73c,42af62a0a79e2974,8d591826a7fd8b27,f3c08c3fab58c839,12cfc479797f7ba6,30a7a0366744f4e9,636fc89d015c86bc,bef7b9d0e3c30b4e,f914d3ea84715b2a,0e53dfeddca4421b,7c93a5e882d889a5,4741cbfdcb0c6b2f,d61dcd446b9d1512,96bf0746bdc2fbf0,98ce280a399af7ef,2dd81e1e47eeb41d,55f8129d8362a118,d199cd90a656b1b9,7a7d8e7911126b5c,a31b90fde7ad398c,c5b043db60461914,85b4cac148970736,64c2b5348ae85abf,3ead201f87e697f9,8358822f13ee7246,41a2806899768535,42dfdfffc34f7bb0,f1f0d151903edf2e,8032e8d9d720670e,be78bcdbd952dd25,be78bcdbd952dd25,be78bcdbd952dd25,be78bcdbd952dd25,3b6f66359333fdc0
Malfunction/pink chiptune.a2m	4872	4f44b3122ef02252,d9461c6b6c97a30f,7cadbc0ba1bc7435,9b3d321bf62d785c,85a8a01db198e99b,099ec7d826050cff,d4650b0beab024e5,3e41fe1b535c13ce,ac77d7369fe87f1d,c1df1435342df9ef
Malfunction/space dive.a2m	9549	fd4b895bfc68ac10,3aff6a8cd30cc900,96e8520392b8cf4c,dcca5aefd5b48ac6,b938ddae9f616f6c,35571912de32ed0c,cfab71315cfe9288,ed300f6c0e932b26,65d39a4c6bf5c6ce,e2941b03b9e84ad0,88428e7c48ffc215,b52a7454d20f8187,97bff95bfab45d4f,be78bcdbd952dd25,be78bcdbd952dd25,be78bcdbd952dd25,be78bcdbd952dd25,be78bcdbd952dd25,661d0a9f9c601087
Meritaehti/ceydip5ll-6.a2m	9600	03d0d8d4a0cf1374,41bd5e84cab1d221,a03f70939856d8cb,0248c5856c6f2a98,796ffa934f199323,17e030972bbb3471,678ce81c0fed1bfd,7302ce0d16d6c67c,861585e17b4f2ba0,d6eb8557abdcdd6c,7886ff6999f46e0e,4b3827bc20f7ca17,578c9e4c9b1d0313,60eaa92e25b65919,cf89dc8dc5f185a5,5d83e572f82ffa11,60eaa92e25b65919,cf89dc8dc5f185a5,3982781e02e205d4
NAB622/bad apple.a2m	115019	b70cb099aa2dcf26,3acb583dfa2c91e9,b09b257de81220ee,774115662ab14438,b8e11a19fffc73b5,7ac1de54b3db2f3c,12291dd141f344d6,77466597bb061c1e,d5e99cb800de5945,c25ba73ed70126c8,5a256446855095e9,ea4388c1665bef9d,f09e0bbeb5424979,089c6837755c1abc,a478b7beb9ec8115,136e5a1a4888c779,aa2acb98194b279c,860852c57f052b5f,d89a7de305169da8,5519ee5cf3c77102,94f150fcd7b45f13,9e685a467f69f2dc,f578529ab6811798,1b7eafd34df76183,d5aa8c890d07d084,670396788bf9378d,48d62dc00f65bc0e,043200a06af8f543,dd752f25921715d0,842579f0ead786e6,2a78434622d15d9c,961235221d8acfad,d151116c27768811,958434d7fdefc546,6e62b36d2a5a3440,0e1fe5c80c71e0e3,73220ada24b2b147,2e79010e219f9603,c2d9805224a1282b,3078962d55f94b75,c1e5ab0f1e46da6e,82892197801dcdc9,9c2abae6b1a68374,7f96559a9b2f1d64,b3bbcc6970d065ec,83513d2a6e97387a,efbfe20c73ddcb7c,cf951c46bb0698b3,773fb680a7a40de0,94d4978cf7d3df15,058925916269ce46,e1299cc96448a7f9,61acee125d45bc77,cf951c46bb0698b3,59ee6b6ee78b9cf8,43be69b761889255,d1742ee440305cf2,cf92b2c1cef95516,4bbd91a0f75a3fe8,d220193caa6b50a3,371bb057fcc48830,8817b660bdd61ac5,62237b200ba99aaf,cda3d0b267c2534e,3c7a155141565562,a9bcc994c2f86197,d7be86b57ff2fa0b,d97a4c4041188da6,dc32cfa39781a2a9,8793afca51d3442e,bd7fc41ff4720813,48b31d4a9f812e2c,f2f77955a043d6be,001a217d3ae8926e,6a9dc4e40f9e6d9f,8c40f3847c83a7a0,2c9a6302c8e7cff7,11481c95aea5abfd,0178ec8a02384a06,3e9d70e66b89163b,140048bf9d87552e,ea066d81e3a185d5,d9769f1db4f36a48,5cdc3c57c59a3f5c,2eaf03cca99473c8,2efd766f3f01a295,68e914823e2cafb3,4ba9608d4498ad1e,d9769f1db4f36a48,832d410c699a6e45,af43734bcf979558,2a6653420748e0f4,728a2479ca1a3eef,4ba9608d4498ad1e,d9769f1db4f36a48,eb4ce75506008b73,2eaf03cca99473c8,2efd766f3f01a295,7c66a87b5ef38f60,4ba9608d4498ad1e,d9769f1db4f36a48,4c4fec6b08cb0bba,f5f7d3b06b6bf109,8c775de8a3bedc5a,feede5e1c9d0fbde,1b9c7c52ce17be1c,260cd2daab3098de,9b3ff4056cc3a0fb,6d22e1bc338b776e,d05f573c529f2b0f,960af3aa1871e800,a0226fd50a908059,fed39d9de9c52564,37378d50f725c396,1779fec5cbbe862d,d737b6759a9177f2,02d7166e90f2a155,9ab3f855bb7fb8f3,32b120198a43f95c,55c6d6d62905e5fa,b8698584d614681c,0bcb15a3060881b1,10e0ac35fe592c8c,71dfc6fcb1affc79,ed5fb24ee3ab683b,d1130a47664e60bb,047182b240465e20,1b8975e9fedab2c4,85f0b3d9dcc63fa9,81df5259164993a4,f9ee450805c85f8f,dcb22a2ac6427327,a561f29279cd0d3f,fddb52b1143f619d,a850c454a7691a3d,71fe2eb0a1c36dba,d59a26830b56ee11,d1130a47664e60bb,5f7210b2883a665d,ca6013d3230e36ba,2c1dfc229ce9223f,03dddbd84f16a702,96bb3663cf489a6c,d51691ccd6dbf2be,7b4a86f7597e12e1,ced976d815b8b0bd,9f0f481e08c39323,31d28cea1c6a1573,e0a51db2685ad0c9,e7bb23412866e9bf,88ac6569c71e4c2a,10656b70cbd2051f,234ab7f403ff0062,a2e1ece72906f08a,1b5ce034db27fa11,ed1a71c0a60d6061,513f92d1ceb24d47,4e36fc43f246c617,f1bbb3ab0bbeb692,d006b5579dcec581,2f987c48ea027bd9,25a4a4d3469c97c4,9e46df1c80430d8e,f31f9d4ccb8b603e,63425208ad1d6548,40f2509c81418bf5,6041f51b5f88a0e7,0be370d5b5cc0f75,8e9d7cff79d1e2eb,970a20bb54a627cd,962d0e18a2902166,4a155f4cd75f6db4,f1511583a2797343,172fdb9c66c10987,9aed878b63677439,1f580ccfe6459bba,5790502673613e5c,a7689a4545e76b5d,71f27290adb99b82,39d6c2c4795db2fa,c66315533998c031,1890bbf5fbcab7fd,01edbe3bcd2fc001,d1d648799b93d0f7,085e4ded6048d29c,52d7c78886f01093,0c2beb366ea3a3ae,6836ab2f213fc8b9,188673fcffb17ca4,c4bd73c89ad2c921,13006c8b5bcdbe7e,8fbead5fbcb95f3f,37635f3bc323bfad,cb94a26439a4cde2,27aa305e516e4a25,b5eda3d5d8fbcb3c,1259f023f717dcc9,3f85501f0eaff67e,909906fdbc2cdbb2,8ee94a88a31ebcd4,0c8b0a7689d483bc,96e95ffc39bee514,c606c42c0b19d3b7,105e5592a0faee5e,253629ff5c3ea544,edecc9cac965e62a,ef0afa8c3bb7119b,5e2684628a9cc94c,eecba3f82e2536b1,64b04820834442b1,274e81152a42a98b,b24eba9a2f64b29e,d451776e8dca6dc7,ec2a0d94d40a715d,a9e2fae03fb7c807,fa2f9c62a2083650,09ef412b2a7ccead,87a7da9247496a99,a80618ea40eb4dc0,5b114d57b79271fb,be78bcdbd952dd25,9a50912dd78fb893,be78bcdbd952dd25,be78bcdbd952dd25,28e9dfa0137295c6
NAB622/corridors of time.a2m	16380	16b8384f3fa3afc5,5344c264e619209c,17ff0675e8bad9b5,78db9fa8864f0fb8,45cf734e670eecc9,a52b280fa0c7c5d5,77ac518fd1c1877e,46b1f1d7eb0b8f64,23381b9669dd8ffb,54737d7b86c90dc9,0ee9da5e28abe867,5219c7771105af0a,cfd3d78400844265,02cfcd21be467b5f,5b51faf765ffcf53,927e951173bae196,31464cb08ea1552f,5726f753e6a1a834,31f05a482631cf8d,43f78b34b3b696ef,2b43d7299dc15875,5a3a273778650b26,2200bb7e26082c0b,69b30f7bc8f8c268,90e500331f8c0042,7162f85e8f663cbd,2765de3b96dbe405,244772b2a2ba5330,d75403aba24b2129,f064625b739fd8dc,4760b6df1ca4fd3b,6f2d04346c9aeda8
NAB622/rainbow factory.a2m	11970	6ffeb0eb6afb4f79,47794ac9085a8246,68ba324edd780b5b,f268fd2fef8a0863,cb2ae964196c8a59,2205980c954b83a3,7c330079bc0333cb,9b6b0a73aa7bc275,8e6b455a5ebaac9a,598d9fe8f781ee7c,fbc1f4a7b2f62729,49f8bd02ffa96867,c9b0c74940d7eeee,32af2e07f7246c2f,0a622049f216bcdf,62696f7f22ce5f63,ca71f84d90309660,3ddb0142bea46b6f,79043f59582679bf,6f19ca6ea441ffa5,92d241c71fbf5dd1,7b42f1fe93634745,1c40e392e69244ae,980ce07d0c931595
Nula/cracker.a2m	6144	323b43ed9cb0c9ae,3fc5acfaaaf88b48,8d893acffb4d12a5,ac522dca7320dc79,4f5269895e45ccc4,c58611661b990afb,beb8324904b94c6b,8234a21d127aad44,118280038765f4c7,dc51c59296bb4743,635974d2f038f8e2,bc14d760e1301fa4,af64724c8602eb6e
Nula/fresh.a2m	3458	4d7a764a48e02149,e78cf4b31c324660,1e19d8d6308a18ac,b87bd867066abab7,e6aeec80770c8d2b,1d83f4426f902d9a,90ff617c851cae0a
Nula/gummi bjornarna.a2m	1281	bba8010faa489a11,f0f6fe4a2b5b9dea,83b1aad266d6824d
Nula/imadick.a2m	1920	90f1a9d4343e8283,128a409392f3a867,57c6c70f9f6ed578,99138d5c2a728eb0
Nula/kulje.a2m	2816	1cd2f3b49de6f512,2118ddbe8db529ec,cc80451e3f13e7fd,22be0781e1f62170,39fb1d700c7981d8,71334014af38c57f
Nula/matkamies.a2m	4747	698fc8d8070c8314,d0ae8bc4de1b8b41,bd2b3a9f60e83dbb,fdd0d5d375826fa9,8b2ae5434513e7e9,3d581b3961831ec3,f47e3d66e151abbb,2bf543e89d41ba53,29fb9e00b590422f,7700cfb8437db769
Nula/menuloader.a2m	2688	8015c53d2b1b7642,b1d41ccc66ff41ff,bf76d23ddd742834,d1e539dfba448e9a,4d383e510f98b0c9,752bf0e0b64dd056
Nula/onward.a2m	5376	ad0a7f4977f55294,1c971c009015073f,7de749cfe3fa0104,7541d072dc375af8,577239b49a2cdb96,68d9a159870583fd,aa77a96b0e67ffbb,a36f91b2a8db1cdb,1de238039de8caca,ab0fab97ef2285c4,5881251cd64b7e26
Nula/pogroma game loader.a2m	3076	3ed2c6e1b07659fd,2ca6acd6b3c51ad8,c4a594ad43200bd1,44121d2a3eaa001b,8f3cc77084f7633d,0af02d57c2002ff2,03dac7d25e95468f
Nula/prehistorik (2nd version).a2m	5952	0445522a8c4a54b1,881fca5350de4783,ed318d2f23ef8454,03925c6bac0e78b7,d03f37146294819c,d3378ded7fe1ac17,33f48b73002b0187,f8db5977ff5e7fc2,0fcbd430d3508c87,6a83cc8619bb9686,f68f07bce09808f7,95e9ef4723717bf0
Nula/prehistorik.a2m	5952	312d4e2b29c3eab4,881fca5350de4783,ed318d2f23ef8454,03925c6bac0e78b7,d03f37146294819c,d3378ded7fe1ac17,33f48b73002b0187,f8db5977ff5e7fc2,0fcbd430d3508c87,6a83cc8619bb9686,f68f07bce09808f7,95e9ef4723717bf0
Nula/psycho3x.a2m	2561	deab677f48e1138f,6a306984af8daeed,3d793c240ccf3bd2,c4043c7e603b7531,dcd7980b5d54a6e7,0a99c907b6f64763
Nula/psycho5.a2m	2561	43c4340ec8e36123,7d34d4037da1344a,8d4d0ffc4220975a,a57ef5df8a281502,32cd0de4917eb4a9,55eaf5256a2b4b12
Nula/sparapaaczci.a2m	1538	39e6db2a17908ec6,b2b1e82b79c77c52,5a5db0922cccab25,09cc8b1b836ff892
Nula/super mario.a2m	2306	39f7ac3ab8981453,0db1956691aac781,dc89277f9f7505c9,a0a390fb0d775861,40a994a992c8060a
Nula/unreal.a2m	1311	1e7d4ce017b35313,188398a5afa63c8d,485b4af2c9b6dab8
Nula/unreal2.a2m	2561	53f32fd5f01cee7a,a5f1d6244f0da9f0,8ac73df3aa493baf,42338c7c1db3a236,d45feb13432e1c72,ee15d2ef2e821841
Nula/worms.a2m	768	43ec666836e941b6,f671765bb04df7f9
Nula/zalza (gote gar pa tivoli).a2m	579	e1948114db2b3063,6f3788c4ac8cb154
Nula/zandax.a2m	2624	b3f5c92bccb7c1a1,a7523c357b083452,7ddfba28395cd741,9724834441bdaf2b,943291d9ea71a92b,07ef0379140557f7
Nula/zen-bowling.a2m	2401	c57cc8a99b6c1b8a,db9ff65084c4010c,40b69031c950de01,9e905805ab7f42b1,04a1ac4711dda9eb
OxygenStar/bagel bite beats.a2m	20320	d96c5d7e59ccb0e8,d6044a82041c0e11,28ad43cd656acae4,5570ceff210aa063,4bdc54b55a7c1971,e38ee4ac87234fe2,b10f5c8de848fa99,5c7317f9b9f30507,7594afca61cb59e9,f6a2b68265e11480,b947c31426fb1dfe,147d75bb681d7fca,be78bcdbd952dd25,be78bcdbd952dd25,be78bcdbd952dd25,be78bcdbd952dd25,be78bcdbd952dd25,be78bcdbd952dd25,be78bcdbd952dd25,be78bcdbd952dd25,be78bcdbd952dd25,be78bcdbd952dd25,be78bcdbd952dd25,be78bcdbd952dd25,be78bcdbd952dd25,be78bcdbd952dd25,be78bcdbd952dd25,be78bcdbd952dd25,be78bcdbd952dd25,be78bcdbd952dd25,be78bcdbd952dd25,be78bcdbd952dd25,be78bcdbd952dd25,be78bcdbd952dd25,be78bcdbd952dd25,be78bcdbd952dd25,be78bcdbd952dd25,be78bcdbd952dd25,be78bcdbd952dd25,043efcdc4bbc10bd
OxygenStar/big trouble in little china.a2m	11256	3a9cbc956faa63ce,51943fe4bc05b94e,9d8210836b67644b,fee8e6fb92eeec20,b3533169c1cd2b63,1c813c22c747f0f3,c4cb6c62d68d2f22,f95fceb2eb522473,eb262367211c4ec6,f34ed70db4776a18,edceb2da0a6e8dee,3671603dea75be5f,5c98fe9a6438ec95,82fd42ee1a1e95d7,39ab6b7eeb0131e9,c666af422f6fad01,541d35fbd25c2b44,e8a9e50434a6031a,9ab20be73dcaf5f3,1033f931c94337a1,51192d56cef73b24,14ecfa309f56ef76
OxygenStar/bring the pain.a2m	41421	97faac6b815b8042,4f4567dc1b09b09f,97ac2aec315efb68,4a3866a2189b8ba1,a7f2edf71b4030be,eb895bbce816761a,1b18ed47769f8734,825e9e8a11d382c2,403017f4b27f45fb,172020485443e0f8,d68f8eb589e79f86,11736e2dd9c3db3f,c92c26ee94feb1c5,6eb46a1d682eded8,55c714c1db7a3b18,06086f563f7beba1,f175ecddb2bd0467,33e7d0ae26b3b3dd,be78bcdbd952dd25,be78bcdbd952dd25,be78bcdbd952dd25,be78bcdbd952dd25,be78bcdbd952dd25,be78bcdbd952dd25,be78bcdbd952dd25,be78bcdbd952dd25,be78bcdbd952dd25,be78bcdbd952dd25,be78bcdbd952dd25,be78bcdbd952dd25,be78bcdbd952dd25,be78bcdbd952dd25,be78bcdbd952dd25,be78bcdbd952dd25,be78bcdbd952dd25,be78bcdbd952dd25,be78bcdbd952dd25,be78bcdbd952dd25,be78bcdbd952dd25,be78bcdbd952dd25,be78bcdbd952dd25,be78bcdbd952dd25,be78bcdbd952dd25,be78bcdbd952dd25,be78bcdbd952dd25,be78bcdbd952dd25,be78bcdbd952dd25,be78bcdbd952dd25,be78bcdbd952dd25,be78bcdbd952dd25,be78bcdbd952dd25,be78bcdbd952dd25,be78bcdbd952dd25,be78bcdbd952dd25,be78bcdbd952dd25,be78bcdbd952dd25,be78bcdbd952dd25,be78bcdbd952dd25,be78bcdbd952dd25,be78bcdbd952dd25,be78bcdbd952dd25,be78bcdbd952dd25,be78bcdbd952dd25,be78bcdbd952dd25,be78bcdbd952dd25,be78bcdbd952dd25,be78bcdbd952dd25,be78bcdbd952dd25,be78bcdbd952dd25,be78bcdbd952dd25,be78bcdbd952dd25,be78bcdbd952dd25,be78bcdbd952dd25,be78bcdbd952dd25,be78bcdbd952dd25,be78bcdbd952dd25,be78bcdbd952dd25,be78bcdbd952dd25,be78bcdbd952dd25,be78bcdbd952dd25,cd84af30f42257ff
OxygenStar/c3 comp entry.a2m	3510	6cd2d9d68ea3c442,a6217fb0ab265ba7,a2ee6eb7f8d167b1,8d9e2c3d65fbc165,bd815f12bee47450,ad6cdac6deaaaacb,52129ce6c6aac59d
OxygenStar/enjoy the violence.a2m	25944	77c53a6600a8b9c0,edd22cda298a7447,62de991e89e1982d,265e6a2371389e2b,eedb5b8bf6ba5447,0c65d0d9385b51e7,0c7ca42522dacf15,723cb529b17b03cb,60be29c17430680c,8763326e584f8816,cc3f4b0b531aa39a,3caf56190c9b912d,b151ef0503678a37,f71fc64673dfa831,5ce047959da6e959,ac4c634233098758,6cacc43f9f0eb7b0,0db64d878a8640a2,b0e51840b7faec56,d5ac2705ce31733e,faacb2f00a8cd46e,7b6da5a1d9391a5a,be78bcdbd952dd25,be78bcdbd952dd25,be78bcdbd952dd25,be78bcdbd952dd25,be78bcdbd952dd25,be78bcdbd952dd25,be78bcdbd952dd25,be78bcdbd952dd25,be78bcdbd952dd25,be78bcdbd952dd25,be78bcdbd952dd25,be78bcdbd952dd25,be78bcdbd952dd25,be78bcdbd952dd25,be78bcdbd952dd25,be78bcdbd952dd25,be78bcdbd952dd25,be78bcdbd952dd25,be78bcdbd952dd25,be78bcdbd952dd25,be78bcdbd952dd25,be78bcdbd952dd25,be78bcdbd952dd25,be78bcdbd952dd25,be78bcdbd952dd25,be78bcdbd952dd25,be78bcdbd952dd25,be78bcdbd952dd25,32a7f2944dcaa5a8
OxygenStar/enjoy this gift !!.a2m	3072	d3400bd45eaff068,ada19ce581008e5d,9e7e9b718d2b51a6,aa190d1babf448c6,57d30e573a8d0a84,4cc472efd04bf753,a8391032ae7a0e93
OxygenStar/enjoy this gift !.a2m	6144	2fedd161460e6210,f7159fb4800f0a1f,563daa34442fe0f1,88ab512bbd034e03,590d33bd52af8247,d51379a8125ffb4b,f2d492e05d6d7eb1,b4b60a03202cfc3c,3b640699c892a624,9847b8f2b82bd647,d7c6406bcac0cb87,d51379a8125ffb4b,b3cef8e174fbb965
OxygenStar/from ''deaf compo''.a2m	4864	7feddcf722d2679e,592ab4c990a1af6a,b4fef8358d06f12c,048a45de006b2049,6f203a7c2e02d637,d279279f00a8c9f3,8b760fb9aa4479bb,40d1bbf803b32ddf,942fcafdc3fe79aa,272cfcd737d8f4fb
OxygenStar/ghosts n stuff (deadmau5 cover).a2m	78084	bcf10b416a689b86,76bab9fb697d3c51,0911ec154c88586b,f04b1276d76b94a8,d7ef79be681bb345,a8bbb3610f105c64,1950ce2a85103951,3450da8ce0f2c3ca,0eb7e0216c6f36f9,d5d200134ab15172,ffb02b069dda5e2e,3e987c25b72a74a3,eb9300010cb121d8,f96f496eeb5b5aad,38d06b4845842fc9,7b9c228aec729909,72dc12a7f6987923,06f4c165e384b401,280db87ffadb99be,f6f3630b9b1fb382,4267840a422e8d45,36a02c27b38ed618,4696ea858ef125ab,0ee831fcbdc72390,040fe6ad8ffbff93,dfad1a25821e2e26,be78bcdbd952dd25,be78bcdbd952dd25,be78bcdbd952dd25,be78bcdbd952dd25,be78bcdbd952dd25,be78bcdbd952dd25,be78bcdbd952dd25,be78bcdbd952dd25,be78bcdbd952dd25,be78bcdbd952dd25,be78bcdbd952dd25,be78bcdbd952dd25,be78bcdbd952dd25,be78bcdbd952dd25,be78bcdbd952dd25,be78bcdbd952dd25,be78bcdbd952dd25,be78bcdbd952dd25,be78bcdbd952dd25,be78bcdbd952dd25,be78bcdbd952dd25,be78bcdbd952dd25,be78bcdbd952dd25,be78bcdbd952dd25,be78bcdbd952dd25,be78bcdbd952dd25,be78bcdbd952dd25,be78bcdbd952dd25,be78bcdbd952dd25,be78bcdbd952dd25,be78bcdbd952dd25,be78bcdbd952dd25,be78bcdbd952dd25,be78bcdbd952dd25,be78bcdbd952dd25,be78bcdbd952dd25,be78bcdbd952dd25,be78bcdbd952dd25,be78bcdbd952dd25,be78bcdbd952dd25,be78bcdbd952dd25,be78bcdbd952dd25,be78bcdbd952dd25,be78bcdbd952dd25,be78bcdbd952dd25,be78bcdbd952dd25,be78bcdbd952dd25,be78bcdbd952dd25,be78bcdbd952dd25,be78bcdbd952dd25,be78bcdbd952dd25,be78bcdbd952dd25,be78bcdbd952dd25,be78bcdbd952dd25,be78bcdbd952dd25,be78bcdbd952dd25,be78bcdbd952dd25,be78bcdbd952dd25,be78bcdbd952dd25,be78bcdbd952dd25,be78bcdbd952dd25,be78bcdbd952dd25,be78bcdbd952dd25,be78bcdbd952dd25,be78bcdbd952dd25,be78bcdbd952dd25,be78bcdbd952dd25,be78bcdbd952dd25,be78bcdbd952dd25,be78bcdbd952dd25,be78bcdbd952dd25,be78bcdbd952dd25,be78bcdbd952dd25,be78bcdbd952dd25,be78bcdbd952dd25,be78bcdbd952dd25,be78bcdbd952dd25,be78bcdbd952dd25,be78bcdbd952dd25,be78bcdbd952dd25,be78bcdbd952dd25,be78bcdbd952dd25,be78bcdbd952dd25,be78bcdbd952dd25,be78bcdbd952dd25,be78bcdbd952dd25,be78bcdbd952dd25,be78bcdbd952dd25,be78bcdbd952dd25,be78bcdbd952dd25,be78bcdbd952dd25,be78bcdbd952dd25,be78bcdbd952dd25,be78bcdbd952dd25,be78bcdbd952dd25,be78bcdbd952dd25,be78bcdbd952dd25,be78bcdbd952dd25,be78bcdbd952dd25,be78bcdbd952dd25,be78bcdbd952dd25,be78bcdbd952dd25,be78bcdbd952dd25,be78bcdbd952dd25,be78bcdbd952dd25,be78bcdbd952dd25,be78bcdbd952dd25,be78bcdbd952dd25,be78bcdbd952dd25,be78bcdbd952dd25,be78bcdbd952dd25,be78bcdbd952dd25,be78bcdbd952dd25,be78bcdbd952dd25,be78bcdbd952dd25,be78bcdbd952dd25,be78bcdbd952dd25,be78bcdbd952dd25,be78bcdbd952dd25,be78bcdbd952dd25,be78bcdbd952dd25,be78bcdbd952dd25,be78bcdbd952dd25,be78bcdbd952dd25,be78bcdbd952dd25,be78bcdbd952dd25,97bdbc8b73b20701
OxygenStar/i used to love her.a2m	47178	f18ca226f49ac522,013552363d231aed,f8861227ce1ab718,412e268245d73fab,5738a2dca37fa723,546fd2cec1e1b0b2,e35d0c55143c2abb,5702c26b4e413446,ce4370e2b4dafccf,50b1e54010203eb8,fd846f57d8997ae9,ecbc99ecd9642e04,8b6a47a9031a78e6,7f35c1f20348b91c,f55a1e4f514cfee2,8620d0d16eae0fd8,be78bcdbd952dd25,be78bcdbd952dd25,be78bcdbd952dd25,be78bcdbd952dd25,be78bcdbd952dd25,be78bcdbd952dd25,be78bcdbd952dd25,be78bcdbd952dd25,be78bcdbd952dd25,be78bcdbd952dd25,be78bcdbd952dd25,be78bcdbd952dd25,be78bcdbd952dd25,2c8b25e986a4f45a,be78bcdbd952dd25,be78bcdbd952dd25,be78bcdbd952dd25,be78bcdbd952dd25,be78bcdbd952dd25,be78bcdbd952dd25,be78bcdbd952dd25,be78bcdbd952dd25,be78bcdbd952dd25,be78bcdbd952dd25,be78bcdbd952dd25,be78bcdbd952dd25,be78bcdbd952dd25,be78bcdbd952dd25,0340f7a20f096bfe,4460ced13e799866,be78bcdbd952dd25,be78bcdbd952dd25,be78bcdbd952dd25,be78bcdbd952dd25,be78bcdbd952dd25,be78bcdbd952dd25,be78bcdbd952dd25,be78bcdbd952dd25,be78bcdbd952dd25,be78bcdbd952dd25,be78bcdbd952dd25,be78bcdbd952dd25,be78bcdbd952dd25,be78bcdbd952dd25,be78bcdbd952dd25,be78bcdbd952dd25,be78bcdbd952dd25,be78bcdbd952dd25,be78bcdbd952dd25,be78bcdbd952dd25,be78bcdbd952dd25,be78bcdbd952dd25,be78bcdbd952dd25,be78bcdbd952dd25,be78bcdbd952dd25,be78bcdbd952dd25,be78bcdbd952dd25,be78bcdbd952dd25,be78bcdbd952dd25,be78bcdbd952dd25,be78bcdbd952dd25,be78bcdbd952dd25,be78bcdbd952dd25,be78bcdbd952dd25,be78bcdbd952dd25,be78bcdbd952dd25,be78bcdbd952dd25,be78bcdbd952dd25,be78bcdbd952dd25,be78bcdbd952dd25,be78bcdbd952dd25,be78bcdbd952dd25,be78bcdbd952dd25,be78bcdbd952dd25,be78bcdbd952dd25,be78bcdbd952dd25,d19bac6b79aa0c6d
OxygenStar/involuntary surgery.a2m	120000	90aeadf4b436e8ff,76d1490796399e3f,d42e93f8842d968b,dd374e03f1b7aa78,b7fd2574ca73249b,37409f21d3342d9d,673a8d50b1cbfb03,0f514441d41e6207,70abe33d794b7d11,4d719e07e0b05d9f,c4f0f224f5e0140b,4315d1f0cc7f44b6,bb9ffa50788422c1,be1d8bc170c12927,895951489fd1d147,b035d1408a7e028d,663b2f1ca413db9e,979dc7a1d595a937,be3c21f2ff94c752,9077ffbb137cb313,1f778a2108d60a72,cd049011516381f4,413d7fed8dd4e867,be78bcdbd952dd25,be78bcdbd952dd25,be78bcdbd952dd25,be78bcdbd952dd25,be78bcdbd952dd25,be78bcdbd952dd25,be78bcdbd952dd25,be78bcdbd952dd25,be78bcdbd952dd25,be78bcdbd952dd25,be78bcdbd952dd25,be78bcdbd952dd25,be78bcdbd952dd25,be78bcdbd952dd25,be78bcdbd952dd25,be78bcdbd952dd25,be78bcdbd952dd25,be78bcdbd952dd25,be78bcdbd952dd25,be78bcdbd952dd25,be78bcdbd952dd25,be78bcdbd952dd25,be78bcdbd952dd25,be78bcdbd952dd25,be78bcdbd952dd25,be78bcdbd952dd25,be78bcdbd952dd25,be78bcdbd952dd25,be78bcdbd952dd25,be78bcdbd952dd25,be78bcdbd952dd25,be78bcdbd952dd25,be78bcdbd952dd25,be78bcdbd952dd25,be78bcdbd952dd25,be78bcdbd952dd25,be78bcdbd952dd25,be78bcdbd952dd25,be78bcdbd952dd25,be78bcdbd952dd25,be78bcdbd952dd25,be78bcdbd952dd25,be78bcdbd952dd25,be78bcdbd952dd25,be78bcdbd952dd25,be78bcdbd952dd25,be78bcdbd952dd25,be78bcdbd952dd25,be78bcdbd952dd25,be78bcdbd952dd25,be78bcdbd952dd25,be78bcdbd952dd25,be78bcdbd952dd25,be78bcdbd952dd25,be78bcdbd952dd25,be78bcdbd952dd25,be78bcdbd952dd25,be78bcdbd952dd25,be78bcdbd952dd25,be78bcdbd952dd25,be78bcdbd952dd25,be78bcdbd952dd25,be78bcdbd952dd25,de937db924e3261d,5d96b2c4f4adcefb,77848a2f32a95bfd,ae86b48a9dee1e60,a0599064cd9fc49a,01d83e5fbffb712f,c941d5819ce59cbf,b09157b2aaffe951,0db6c0d216396e55,ad8e0b9027a603ef,c632e82918ec0fa5,a3144623d2a6404e,ac434ce9f516ecaa,8f3f14d6b0782a3e,d8e6df5be1cdba53,7d8e7d8fb38a499d,abfb94c1cb7afafe,e508319b8fe51636,605782add4867a08,8b36b56ab7904b51,4cc89fe382c8e1e1,c0dff3136e6e408a,37ab72b966710a8f,4ad21e0a374941b2,be78bcdbd952dd25,be78bcdbd952dd25,be78bcdbd952dd25,be78bcdbd952dd25,be78bcdbd952dd25,be78bcdbd952dd25,be78bcdbd952dd25,be78bcdbd952dd25,be78bcdbd952dd25,be78bcdbd952dd25,be78bcdbd952dd25,be78bcdbd952dd25,be78bcdbd952dd25,be78bcdbd952dd25,be78bcdbd952dd25,be78bcdbd952dd25,be78bcdbd952dd25,be78bcdbd952dd25,be78bcdbd952dd25,be78bcdbd952dd25,be78bcdbd952dd25,be78bcdbd952dd25,be78bcdbd952dd25,be78bcdbd952dd25,be78bcdbd952dd25,be78bcdbd952dd25,be78bcdbd952dd25,be78bcdbd952dd25,be78bcdbd952dd25,be78bcdbd952dd25,be78bcdbd952dd25,be78bcdbd952dd25,be78bcdbd952dd25,be78bcdbd952dd25,be78bcdbd952dd25,be78bcdbd952dd25,be78bcdbd952dd25,be78bcdbd952dd25,be78bcdbd952dd25,be78bcdbd952dd25,be78bcdbd952dd25,be78bcdbd952dd25,be78bcdbd952dd25,be78bcdbd952dd25,be78bcdbd952dd25,be78bcdbd952dd25,be78bcdbd952dd25,be78bcdbd952dd25,be78bcdbd952dd25,be78bcdbd952dd25,be78bcdbd952dd25,be78bcdbd952dd25,be78bcdbd952dd25,be78bcdbd952dd25,be78bcdbd952dd25,be78bcdbd952dd25,be78bcdbd952dd25,be78bcdbd952dd25,be78bcdbd952dd25,be78bcdbd952dd25,be78bcdbd952dd25,be78bcdbd952dd25,fb1781ca3ca1dc66,daea023d388769e1,032989ec56d4f59c,efd9c6c47f9a8c1a,40a4c680955c4a46,66a65c6fdd96403a,1d1de32f320a618b,218792dab3089f27,07a1dc78f38e5f0b,ef6116e9670018b7,618f67166797efb3,8dc7e013ec2b3679,23f62f62a5bfae6a,d57974317dcd5141,c72d8ad54acbf34b,2a086e55ad74a19f,74ebd245a50de395,0616a3a2bdd99221,f71d886567f2abee,2dfb7f1bb7bd59b9,76251b5a54e6217c,457aa4b5fb0b8817,3d048585d3f888b9,7973a4c83e57ce9d,57252a2550a8d9a3,be78bcdbd952dd25,be78bcdbd952dd25,be78bcdbd952dd25,be78bcdbd952dd25,be78bcdbd952dd25,be78bcdbd952dd25,be78bcdbd952dd25,be78bcdbd952dd25,be78bcdbd952dd25,be78bcdbd952dd25,be78bcdbd952dd25,be78bcdbd952dd25,be78bcdbd952dd25,be78bcdbd952dd25,be78bcdbd952dd25,be78bcdbd952dd25,be78bcdbd952dd25,be78bcdbd952dd25,be78bcdbd952dd25,be78bcdbd952dd25,be78bcdbd952dd25,be78bcdbd952dd25,be78bcdbd952dd25,be78bcdbd952dd25,be78bcdbd952dd25,be78bcdbd952dd25,be78bcdbd952dd25,be78bcdbd952dd25,be78bcdbd952dd25,be78bcdbd952dd25,be78bcdbd952dd25,be78bcdbd952dd25,be78bcdbd952dd25,be78bcdbd952dd25,be78bcdbd952dd25,be78bcdbd952dd25,be78bcdbd952dd25,41fa4ad13a92c0ae
OxygenStar/left out.a2m	23032	d55295dad030a3e2,fb394fb97a0ff86e,e3ad624065e9088e,17d4ef7459c2f5c6,c5c518a92e585b0a,3b950642f9d66ac6,6d3bdb17c68b7098,b3417fcb06f71a46,78ae8c4b5f9b3d14,e93e75665a73758c,849763416c7a6468,205e0a69b03f2bb4,f13d0c36f1fd028e,13577b3d5b67026e,54262c14bf2d1457,0b1aeee6f7d1f0b1,b20fc38c09bedc77,a48b7e6125725f4c,bc10768acee5b3b6,1beb14124aaa2ecb,430f853e8170b047,64f75add42e51aad,7e15a1e4ada45b9c,b9907f3641dc76ef,96c92f0a279e8c47,3d635d886ee6a2bf,142dd493f9bff8fd,29e53b7b73a51a23,a5642c42c79f2dc6,1c79e0f40158039f,be78bcdbd952dd25,be78bcdbd952dd25,be78bcdbd952dd25,be78bcdbd952dd25,be78bcdbd952dd25,be78bcdbd952dd25,be78bcdbd952dd25,be78bcdbd952dd25,be78bcdbd952dd25,be78bcdbd952dd25,be78bcdbd952dd25,be78bcdbd952dd25,be78bcdbd952dd25,be78bcdbd952dd25,ab640a7f1f9b273c
OxygenStar/oxygenstar's instrument set #001.a2m	1	f59ba6245ba5b1b4
OxygenStar/the complete devastation of planet earth.a2m	45636	5c725f4f177bf084,fdcb32d5f86cd6a2,63b869ee7006ec35,9fb7ea296f8f4364,34fa2df98db7d603,4e37cabed7e12161,0bb3a0514a25640b,6ae4e6e17f60e336,bce07f235b3ae71e,7b8fbfd711201c8b,701397804b37944a,0f3c24a24a3de9ec,4305787b6789e2aa,88f4e114f7d83fd8,db93d5f1c95169fe,ff8cac22c4a4e6ba,9fd23564f35be1ca,eb5a140e84d4d65e,2c025c677ed76196,23e2ca2078f90d32,7d75a0554b084652,01df11db30ffe3ed,7dc26798d85680dc,a6a12845a5a88411,45248f6b098fd700,0481d99353e4ddf8,be78bcdbd952dd25,be78bcdbd952dd25,be78bcdbd952dd25,be78bcdbd952dd25,be78bcdbd952dd25,be78bcdbd952dd25,be78bcdbd952dd25,be78bcdbd952dd25,be78bcdbd952dd25,be78bcdbd952dd25,be78bcdbd952dd25,be78bcdbd952dd25,be78bcdbd952dd25,be78bcdbd952dd25,be78bcdbd952dd25,be78bcdbd952dd25,be78bcdbd952dd25,be78bcdbd952dd25,be78bcdbd952dd25,be78bcdbd952dd25,be78bcdbd952dd25,be78bcdbd952dd25,be78bcdbd952dd25,be78bcdbd952dd25,be78bcdbd952dd25,be78bcdbd952dd25,be78bcdbd952dd25,be78bcdbd952dd25,be78bcdbd952dd25,be78bcdbd952dd25,be78bcdbd952dd25,be78bcdbd952dd25,be78bcdbd952dd25,be78bcdbd952dd25,be78bcdbd952dd25,be78bcdbd952dd25,be78bcdbd952dd25,be78bcdbd952dd25,be78bcdbd952dd25,be78bcdbd952dd25,be78bcdbd952dd25,be78bcdbd952dd25,be78bcdbd952dd25,be78bcdbd952dd25,be78bcdbd952dd25,be78bcdbd952dd25,be78bcdbd952dd25,be78bcdbd952dd25,be78bcdbd952dd25,be78bcdbd952dd25,be78bcdbd952dd25,be78bcdbd952dd25,be78bcdbd952dd25,be78bcdbd952dd25,be78bcdbd952dd25,be78bcdbd952dd25,be78bcdbd952dd25,be78bcdbd952dd25,be78bcdbd952dd25,be78bcdbd952dd25,be78bcdbd952dd25,be78bcdbd952dd25,be78bcdbd952dd25,98b4dc0c260aa69f
OxygenStar/the lazy gnome.a2m	9096	a9c88507cb8e128f,02b68712653e4397,3bb819f527074c90,159095ad950a01a3,670752ae127eaec2,35296b9214df0a48,bf695643d28c8a08,b0e5986d7be6c687,43df4529ed1aab08,c3dc6ef4ddef97e5,8696d2d420f99de2,9ebc5a8f4e8c899b,fda7be72acb8659f,833556da527809c0,be78bcdbd952dd25,be78bcdbd952dd25,be78bcdbd952dd25,aa32b2d6927cb826
OxygenStar/universal health scare.a2m	12639	5bfe8af2dfde1cd5,292a938c066c868a,27fe6bc7420596e5,66f47f8f0fede148,442e02e11a6085a6,61dd808d47918fd0,cd06792708304b7a,f4072a0b4d86e14d,4af10fac64adb176,126f31e849ed2b73,9a727d954b0bb683,6e183140a499e72e,a347d12e172b1ea1,1f4aeefd936d27d5,ec85078b309592a4,840261a7a7b621c0,ce3ad75165bed0bf,235b97cb91639316,0db12963d1c36090,91a533dae9df9425,37047bf560c423e9,4d8b87f8793a926d,0e0c3e5af060a1a7,7b288be528bba6e1,c43d49d0ccf897a5
Peter Gantar/andromeda.a2m	11664	c962ff6bf132f40c,9069b73620d12230,618db8ec9923ce57,4c233e9487e2b51e,b24f329ec2562c6b,b28076e386fd6384,9082c232754d6e15,75cf548f1049be16,19a46437c260e688,6aafb4d09f1d113b,3f1e146b5674be55,a157c31c58e8c00b,531bbe6ff531d65b,dc2fd69af2f0b3b9,ee81e8849c337638,1acd96e8e564ea6f,97b373511ff4129a,131a4c2d1dfc6374,852df5c86c1646d6,19085823758d67ab,2b65c7f5ac692da8,b497acc53f5c8ebf,eb6e317aa66fc83a
Subz3ro/1942.a2m	2400	0d6cdba05e2ad90d,8e4d877ae13c3f51,f3964fe4c671c82b,235254638b033fab,4a78201fb51604ce
Subz3ro/alloyrun (remastered version).a2m	3840	a4a6933a5ddf631d,4bd4d623e7918c01,fbb379b3b4965ca1,641847203283da6c,e1d6fa982546e34c,55b87b50255a2294,c0fc326859bf79f9,10ae47bb2d9a3022
Subz3ro/class05.a2m	4992	dc9361c66f11ef04,42c5170620dd93b5,3a9e15880f81a46e,d2bee50608508b32,84ecdcd4de50d0b4,1e25de7cfc612a79,98331c878c213de5,504f7a7c0ded67ab,08400a3fe701bbe4,e8c4d113c785800c
Subz3ro/crack it.a2m	3840	4b9085a849405b6e,6747d709939454ad,132b087a9df25873,f01efa9eaa46e664,0f8c672d0cebedb8,5ca78500e4a4dc71,3bbf84b40b4827fc,faae89a5dc9ba3e2
Subz3ro/d3lta r3mix.a2m	4240	a6e201a50183b8b3,aa7cf22cd61925b5,fdc4c797f88add9f,b7dd42726c35d17a,f6741fa9138ca94a,1df8c4f805f55b11,b73fdc11cf22af5f,97a152543a8be97c,515618f66caf336f
Subz3ro/fm63b-rv (remastered version).a2m	17756	c741ce89385c2ae2,78f016c2e017de9f,251c60c43f1d4d53,285927d4a0098135,5b684fe6e7bfc109,6ce522a7ef64c0b9,ae89214e661cb082,d1894762b51988fc,151ba54c33506013,e43659023c8849f8,b2021c34a4e57038,c00ff5eff1f384b8,e6663660ce2a5239,fbc011b91697ce46,b373b607f2bb55e2,de6d964079bb295e,fd77daf105564d8b,fb43792075afd13e,c2a500ca905c5225,6477b27d3350c483,92df2d06d99e5b5e,caa3690037385167,e0b10c7a7f12e2a6,ca8b0b49f3e8c237,b95c3d934befdd86,1cb6a416fc2d5eaa,0649488f665b03c8,96d5aaa9ebeddae5,384bb5ff9bb9b22f,6b3992aff1b791f3,5f0029d0b88c4cc0,9655ac75e1cd45d1,92af5def2ed576e8,b0839faaa06a478d,bb38255edaa2e3e6
Subz3ro/intro-tune coop.a2m	6528	5806d76f1deca8db,397713c0a2f8b890,dda46d7f64acb70f,5128f65f6fb39e3d,901ad70b326924d8,ec0185100a285587,02e36d84eb8c5790,81fb0b4e6772ac12,f881c031e48aaf11,a86b2e1df5816de4,901ad70b326924d8,049d8d3935d30320,f8686fbf5b07045f
Subz3ro/psychedelic sound synthesis.a2m	6445	4410574dc8956447,794ace42729eab42,45362891ba15e330,87abeab5806aaaa6,5e5c64def2eac9b6,4d7e2abe2334f7f3,57d34be4a12a055e,da7bba21c1945371,77a6b6adb168c008,80826d3b5b790efc,e3e4ff749a65c5b7,76f320baac0556e7,f49adeff1758b33d
Televicious/asynth.a2m	11136	0255c58197b54d1a,0864c8ffae608335,f40057316c871174,5c40a7154314b92a,61926aeaa1f95cce,6fb6a0c87a28c5e0,2caa67bbea5d0f78,6fb3c7ddbed4636c,9d1d9828b88ac44b,30a0f8d9c06a9656,6fb3c7ddbed4636c,9d1d9828b88ac44b,07d2becfb22ff901,c3f2062bba20b99f,d6fa7a149e043f38,388dac6a1c99fd1c,6f4fc9d67e529052,709e021fff3f6a6a,f06a7b3d82015e7d,86d34ce638e3c0a5,82869dae000a88cf,bd4cfc87b0e53d5f
Televicious/ayeyayay.a2m	17094	3370f7784a749d75,95678bc77e2efdf9,94679704506bf689,bd98a32d934a48ee,d7aa384e2c4fdb3a,99eb6979ea9a287d,515464ef54af1186,a4a828cb432dbbd1,03d2b382e5eba315,4edc64739266c22d,c5e7deaeddbd771d,a1710a2b4caf71c1,5809824dad50f125,48c3dc01c3cac40f,105cc306fcea85fe,233358fb828ba23f,336707ffa7afafc5,c125edce0d4a3bf0,98d4e77304db636a,847712b43176fea9,dc38e23f138772a0,a3382f9136568bb3,0ea1c8803ce0da96,d4d0c7c1e7ab6ae8,b37fdd0865b112e6,0afb158514e1be1c,bd5599ed8d927f16,a12f1c029ce4a2d8,d7aa384e2c4fdb3a,a36f64691c787498,6f9f1c8047b0c9f4,83e3709554bbf991,d2d894ef61863be2,9992ed2c9e16b6b1
Televicious/badlibdi.a2m	9600	b0dd0c39fcfd6f4d,420bd1e955ff7054,0de5537961b13560,a35c9723104d8945,25b229025bef798a,7a74b97e59c00a6a,6a4e331a4e5c1fc4,f752999a6d6031bb,b13b908f858b774e,4f28e67d9998fcbd,f9d8679f62bd89d4,5aaf0ab991f028e2,94e031526ce46f20,0606e2d652c3b873,05749f7858af275c,a77f359372b77581,f0e9e5e9f8bdc56a,d19f0b46d9a6c6dd,961fdfb24224820a
Televicious/boom.a2m	9919	edd6dc97caf67e39,bdb5a1dfca57f082,ba51742da5e6a0b4,c2d8715249379205,d997bc817a2d0f2a,8e0b6ce4c567647a,dc0cc40513a4bbc7,717372190f40328f,75d95bd74c155a00,356b45cc3a8ac2b8,9c7718491c981bd6,a5bbff9c830f2430,9791f596fe825911,d04609ab8487dec1,e12b4a4eb18396c3,5c1671dad56df567,98efb9f6cd1d0db7,5de313181bbafa91,0027b663c4603796,faf02f7ca7dbd965
Televicious/clear.a2m	11407	398a2434003a2b68,531699e6dfdbddea,6ae6f429f97adfa9,8f160302e4b075eb,18f93d77988fe323,f8d53e3b59afcbe0,403ec1817337ddbe,26b7f03bbb5bebaa,716ce137db7ad1b9,681b58dc83ea3666,716ce137db7ad1b9,12f091d6f8d386c8,4e47453a248bd9b7,f4a6c3ac1872492c,f5a617021ff96158,d6054faf546bf1ce,159855372762a737,e4efbea1090e4ec4,159855372762a737,b40c9cfd0ff3e1f2,feec701ab2db9600,d04a7ebf3ef78231,8d2c0a326d3f84d5
Televicious/cwakas.a2m	10751	87e3444f6cfacb7a,40a4f3f2c46f6811,d251d158079096ac,620e7bf23dea92c0,5dc01f9f2e2f52a3,dc15946430c43a69,4b3d4a79ac0541c2,4bfbf7e9128bf9df,a3fdd957a072b371,aef4c5fab87f0035,4970311ad7d62e83,dc15946430c43a69,4b3d4a79ac0541c2,b5e4f80507439781,c71e10c741a99710,ab4aa2efc2ae2194,17cc052c7833c63d,4b431e79728a6198,4b431e79728a6198,4b431e79728a6198,c604c9b252581d26
Televicious/deadleav.a2m	5760	a9059f1c9db00cc0,88d1dba779af0af4,ca5272a3949e5d90,51208deecc01720c,6fe9f23db88afb4a,8cd0111ff2be0c60,8748613363f2df64,b796268c44554985,5b6bf2dae88fdd25,0dee37fd14af1c80,30517c7c413121e2,e29efceae5a526ee
Televicious/dim.a2m	7936	96673ccafe9f2be4,6bf7707cd5c68074,063bfab0e0a0d66b,4ba10bf16dc0bca2,827b01a5d5d53c67,a67daf5f535ff356,67c03b173d1d55d9,3687d1ed99b45bd0,5068a6e54185d8a6,b67f57df5a9c513e,0603e0dfb95a4a0c,58c638c46d161651,936b873f3ff477fd,740a81d696c2ab10,3ae8504390bcd1e5,9e8c1c4ff6492f82
Televicious/discwrld.a2m	4608	17341068abc7fc87,86bb172bd4a3f1e1,baad4c56e3b45c34,35dee0d3e1c6d082,e33a03e4189728a8,12d7bf183991b3c1,d938675cd9862744,724211d6240fa06e,4c40a4f49c19d41e,31d68ff0b135809f
Televicious/fmnexus6.a2m	13056	1d615037c2d808ce,9b4141c5ab203f91,ed1f7ade163887e0,c68d7cfed28bca35,619b001efd5a0749,2fef13033711fe03,68e93a0e849f80d9,ccd4ad8c542afb03,8da04be7f08460df,7a64a923dd7d36ac,b613ba95daf0a4ae,f686be495a0ca297,526d34527f9f8217,7212a454028ee124,ec4d7b5b1ed6453e,5dce2a13a62d43f3,3b052f8231dbf0be,bf9ea1fbfa667809,10399c9b55d916cd,ad2bc202e4511d99,f317128733767f14,d7c7a4656ddbf1bf,39da017dabc526b7,841b45c35fb7705d,94e79ace89f67b2c,2b29c99d941c2444
Televicious/gatearry.a2m	16128	8a31f17ef525f512,c3c2069d2a1c93da,ab9ca5f35e153acd,d3e939e692bd615e,5902d963e6095ddb,ee3306cd29b48cf2,810ce35361f38d6b,bef690a72b7963b7,3cce47c6c6cec2fa,e1b402e776ca0d40,7939bd2f4c35d254,eb300e08b9c71df2,fe4cc03e815044bd,4f323fed279d9152,57433ebf6ccd5b55,1cec157cd62375e4,8544a6ab9dbd740b,03f53bfc137f645f,18d941680467e331,0f50f84625398cf4,01430367aec065a0,b42e4d7747c8036b,a3926b70540757c7,e052a974d3610cd5,d2b74b537d2aace7,32abcf41fa169e8f,b8cbf98f11fcd09b,6e5720dd524f00bc,ba72e7b66084ac61,493aadd1ee098d17,9da4f98563b10690,14f070d3ae30fe19
Televicious/phased.a2m	11136	e1cb65518881ed07,c68dbd18c11a4802,d4f564e8b39b1451,264fd58841b39bae,cc26c6833436e3b7,9978b48afd15effa,8d9bcba91ece9c77,7fbe6b5c3870442d,c39c357002d2b5f7,d1be5ac0fc8ab4c8,d0fd9db244b8a0df,9ba579bc213761d0,85bcefa270354d50,7fbe6b5c3870442d,c39c357002d2b5f7,deafb6fe7aa0fc45,72263b72a83f8b7c,9ba579bc213761d0,c83a072429d85cb0,b5cc418e2ea1c28e,ff577e928a550ed9,105302fc94cf7a35
Televicious/revenge.a2m	16128	fc091010c9cf35b2,4f77ea1f08bf8b46,1fd57b272c7d3fa5,570ccfa48c83eef1,b476f97ef88ed35f,0eff25122f66fbc8,25c320e8a6bfbde8,f719c4afa5940ed5,a010e8ee01c7f424,773cb5b374af5794,adfd4dea3e41c404,3eaabbe84029a143,602c3e9ad7a62558,b9ae1ed3ee76acdb,d213d400a6921ecf,56151156f43bc8fb,2c3e1159703a986b,35d8b4d2d8801300,997345dbfc575511,77e4ba2fa6177ff3,26b0daa8dc976744,89867926a3cd2da0,a06688334fa6f38f,0c92d1f9854b490e,47ab78012461f332,97ddede6a3d94dec,0eb2a6fc3707e120,8f3bd01ad44976a5,dacb6e3eff39b71f,be78bcdbd952dd25,be78bcdbd952dd25,555a8ff0af5af26e
Televicious/rockin.a2m	15104	23f3bae66f21a0b3,69ed76e740002105,6dc6bc435055da4e,88abc42cb6cb2636,58a9442e379efce8,f450d3dc6498c68c,bd0135dab0bf2727,186cbde8fe5cb160,a35d4e763a734043,bc940934384cdda7,bc940934384cdda7,bc940934384cdda7,9f0879dd07b49162,ffcffe195c95aa3a,f282170e30002e28,181c37d97842c284,ce9613b66c683628,828e4749c4e23796,e1f1fead22d461a7,ccf12cb6a8a71e92,9abb2e31481487e1,bd71e3e6b1ba6391,20a4c787b34e993f,7570ad68eaca5e43,20a4c787b34e993f,4cd688194fd9aa4e,e1f1fead22d461a7,a901dd8ff491f0b4,69ed76e740002105,92f043052e9ac59a
Televicious/shophard.a2m	9664	4b9d2808f9cf4229,74e62c71d5937b01,d614c378564ecc12,a481287da9d4576f,0815b7dfbbf7b743,633851eb1c23f32e,3b3d6b33fe268483,20c05a9087c5983b,5251ade34b0ac687,f176d30b08de30f6,e51d0ece2777db1b,5251ade34b0ac687,61ae78a7d20e6d3c,c9e7958ea4cbd8d6,0508194bf326c7fd,c15b5a8198ed4248,d424c79c46caab93,d614c378564ecc12,3ac5885aaf713ec5
Televicious/suffer.a2m	17920	e5f4a1aa92774b93,f75450644aadc0f8,0075bf45d7d93ce8,f0bb8daad6b653e1,2424ea2ac6f5c64c,5bd87b5c977b0306,f2a3edd1f9231446,631b852fb822ac9b,5e3f67adaea026fb,7b11833a7d297ee9,bdb5eee608fc9fe5,14cc505302d3eab9,3c57003386678194,257963dfa26d3a0d,337ae48d8f8332d3,509f58cb496d17e8,452d236ade7d5a25,5d00288d38279ddd,7fe2c5ba34fbe08f,16bbeff8f84a10f3,93c8960ee3d946b6,33f60c33b6f30615,50f15e588979136c,3d5aabc5a8bcf851,88dc7352fb77d544,916db3bf7c615107,1a9cbd52bc55bb3a,39e0e1953b15a0a6,53d0fe9bd5b229ce,54836bdba3e7ccc5,c5b4e9ab69a13b15,38d9b058a6e89f7d,51c53c73a788efb0,be78bcdbd952dd25,be78bcdbd952dd25,af64724c8602eb6e
Televicious/topgear2.a2m	9216	a4fad58b83e3e4e2,89db0db6ce005d38,547354788ffa8e9a,c4244c63fc446274,3272adcd84f255df,bd3ad52aaa143688,44e0eb801a5f72c9,478bad47eb9fc089,9bafe115f0d0c8d2,bc801512aaad5b2c,fbccc5888ebbc153,d0c07b906d7c56d9,1295155a2375d099,5cf194233bbac278,ff5bc4f59a99db32,6fee701ff06c2b04,22da2241b4fd3761,32c0d1c9a22e1d7f,af64724c8602eb6e
Televicious/watercry.a2m	12672	8bf86c703b9a5605,1db60b543f302675,0ecb6ec7cd8ca4e4,79764c2c446138f3,c8e58aaa53b4940c,ee22fc12bab2233e,5b676ddc524aef10,1864cf26ece7d1fc,3fb72c6072c76135,4ff28ef72cfc4a21,ca5460f529332167,ccd0c2e6c68914d1,e42ed676b2b3f62f,365ce3d0be90d6e7,8910d2ab76b83fbd,397f882ad013393a,36fead52b1ec1939,2fcb4094a0274b62,3f361a562bb8f36a,38e9b7126de0674c,39d0c3f2c00894de,6a48eb2630e6d719,be78bcdbd952dd25,be78bcdbd952dd25,ccc6470ab88b2dee
Televicious/yellatfl.a2m	5376	cbf661891dfc834f,b718869ba5aa3fd1,b6206ad7000de408,ccc57543213a43b0,555a1cfd18c340db,fa75d8932b27b37e,4ee49994a1262397,c2d32a9267679590,124117f657cdc3e8,e1c44e4022074fec,67b1014e78e553c3
Televicious/yellowwe.a2m	8832	1fa9409f1b344eeb,db41a7e435a5eb91,9a2785ba1745a981,0d3d5f44a1b76366,7e50a290002c8ce6,83db1988ebf6c12f,b8f291afb47f5e3c,c0cb624124610ed0,e21c0f06fda3023e,394d1dc8690027f2,21587af712da428d,15e7e2b3143fe7f8,85ca9e0ae220ef3d,c0cb624124610ed0,e21c0f06fda3023e,ba3f9f405054cc1a,ce8697206c837d4b,e0f420ddbb52c809
