# probe	ticks	song (gate.rs sparse form)	state hash per 512-tick chunk (regen-gate.sh)
amp0x02	80	v 11 50 4 0 64 18 1 0 - -;n 255 255 255 255 1 7 256 20 255;o 0080808080808080808080808080808080808080808080808080808080808080808080808080808080808080808080808080808080808080808080808080808080808080808080808080808080808080808080808080808080808080808080808080808080808080808080808080808080808080808080808080808080808080;l 0000000000000000000000000000000000000000;f ;i 0 01021000f3f40a06000004 0 0 0;i 1 21221105f1f21a16010205 0 0 0;c 0 1 31020c200000;c 0 20 310124020000;c 0 21 000001010000;c 0 40 320000000000;c 0 60 330000000000	9507b6164ff7d468
amp0x0f	80	v 11 50 4 0 64 18 1 0 - -;n 255 255 255 255 1 7 256 20 255;o 0080808080808080808080808080808080808080808080808080808080808080808080808080808080808080808080808080808080808080808080808080808080808080808080808080808080808080808080808080808080808080808080808080808080808080808080808080808080808080808080808080808080808080;l 0000000000000000000000000000000000000000;f ;i 0 01021000f3f40a06000004 0 0 0;i 1 21221105f1f21a16010205 0 0 0;c 0 1 31020c200000;c 0 20 3101240f0000;c 0 21 000001010000;c 0 40 320000000000;c 0 60 330000000000	5178a9c222db93c8
amp0x13	80	v 11 50 4 0 64 18 1 0 - -;n 255 255 255 255 1 7 256 20 255;o 0080808080808080808080808080808080808080808080808080808080808080808080808080808080808080808080808080808080808080808080808080808080808080808080808080808080808080808080808080808080808080808080808080808080808080808080808080808080808080808080808080808080808080;l 0000000000000000000000000000000000000000;f ;i 0 01021000f3f40a06000004 0 0 0;i 1 21221105f1f21a16010205 0 0 0;c 0 1 31020c200000;c 0 20 310124130000;c 0 21 000001010000;c 0 40 320000000000;c 0 60 330000000000	f55712f4f149e5bd
amp0x22	80	v 11 50 4 0 64 18 1 0 - -;n 255 255 255 255 1 7 256 20 255;o 0080808080808080808080808080808080808080808080808080808080808080808080808080808080808080808080808080808080808080808080808080808080808080808080808080808080808080808080808080808080808080808080808080808080808080808080808080808080808080808080808080808080808080;l 0000000000000000000000000000000000000000;f ;i 0 01021000f3f40a06000004 0 0 0;i 1 21221105f1f21a16010205 0 0 0;c 0 1 31020c200000;c 0 20 310124220000;c 0 21 000001010000;c 0 40 320000000000;c 0 60 330000000000	d8e770d1fb9351fd
amp0x32	80	v 11 50 4 0 64 18 1 0 - -;n 255 255 255 255 1 7 256 20 255;o 0080808080808080808080808080808080808080808080808080808080808080808080808080808080808080808080808080808080808080808080808080808080808080808080808080808080808080808080808080808080808080808080808080808080808080808080808080808080808080808080808080808080808080;l 0000000000000000000000000000000000000000;f ;i 0 01021000f3f40a06000004 0 0 0;i 1 21221105f1f21a16010205 0 0 0;c 0 1 31020c200000;c 0 20 310124320000;c 0 21 000001010000;c 0 40 320000000000;c 0 60 330000000000	892894c4c71b65b3
amp0x43	80	v 11 50 4 0 64 18 1 0 - -;n 255 255 255 255 1 7 256 20 255;o 0080808080808080808080808080808080808080808080808080808080808080808080808080808080808080808080808080808080808080808080808080808080808080808080808080808080808080808080808080808080808080808080808080808080808080808080808080808080808080808080808080808080808080;l 0000000000000000000000000000000000000000;f ;i 0 01021000f3f40a06000004 0 0 0;i 1 21221105f1f21a16010205 0 0 0;c 0 1 31020c200000;c 0 20 310124430000;c 0 21 000001010000;c 0 40 320000000000;c 0 60 330000000000	56fcdc3a65a3714e
amp0x53	80	v 11 50 4 0 64 18 1 0 - -;n 255 255 255 255 1 7 256 20 255;o 0080808080808080808080808080808080808080808080808080808080808080808080808080808080808080808080808080808080808080808080808080808080808080808080808080808080808080808080808080808080808080808080808080808080808080808080808080808080808080808080808080808080808080;l 0000000000000000000000000000000000000000;f ;i 0 01021000f3f40a06000004 0 0 0;i 1 21221105f1f21a16010205 0 0 0;c 0 1 31020c200000;c 0 20 310124530000;c 0 21 000001010000;c 0 40 320000000000;c 0 60 330000000000	e5b76d7db98f4124
amp0x62	80	v 11 50 3 0 64 18 1 0 - -;n 255 255 255 255 1 7 256 20 255;o 0080808080808080808080808080808080808080808080808080808080808080808080808080808080808080808080808080808080808080808080808080808080808080808080808080808080808080808080808080808080808080808080808080808080808080808080808080808080808080808080808080808080808080;l 0000000000000000000000000000000000000000;f ;i 0 01021000f3f40a06000004 0 0 0;i 1 21221105f1f21a16010205 0 0 0;c 0 0 310125300000;c 0 1 31020c300000;c 0 20 000024620000;c 0 40 000024620000;c 0 60 000024620000;c 0 80 000024620000	bdb65e895a44cd96
amp0x72	80	v 11 50 3 0 64 18 1 0 - -;n 255 255 255 255 1 7 256 20 255;o 0080808080808080808080808080808080808080808080808080808080808080808080808080808080808080808080808080808080808080808080808080808080808080808080808080808080808080808080808080808080808080808080808080808080808080808080808080808080808080808080808080808080808080;l 0000000000000000000000000000000000000000;f ;i 0 01021000f3f40a06000004 0 0 0;i 1 21221105f1f21a16010205 0 0 0;c 0 0 310125300000;c 0 1 31020c300000;c 0 20 000024720000;c 0 40 000024720000;c 0 60 000024720000;c 0 80 000024720000	fcdaa5f86483461b
amp0x82	80	v 11 50 3 0 64 18 1 0 - -;n 255 255 255 255 1 7 256 20 255;o 0080808080808080808080808080808080808080808080808080808080808080808080808080808080808080808080808080808080808080808080808080808080808080808080808080808080808080808080808080808080808080808080808080808080808080808080808080808080808080808080808080808080808080;l 0000000000000000000000000000000000000000;f ;i 0 01021000f3f40a06000004 0 0 0;i 1 21221105f1f21a16010205 0 0 0;c 0 0 310125300000;c 0 1 31020c300000;c 0 20 000024820000;c 0 40 000024820000;c 0 60 000024820000;c 0 80 000024820000	bc79004e607b921d
amp0x92	80	v 11 50 3 0 64 18 1 0 - -;n 255 255 255 255 1 7 256 20 255;o 0080808080808080808080808080808080808080808080808080808080808080808080808080808080808080808080808080808080808080808080808080808080808080808080808080808080808080808080808080808080808080808080808080808080808080808080808080808080808080808080808080808080808080;l 0000000000000000000000000000000000000000;f ;i 0 01021000f3f40a06000004 0 0 0;i 1 21221105f1f21a16010205 0 0 0;c 0 0 310125300000;c 0 1 31020c300000;c 0 20 000024920000;c 0 40 000024920000;c 0 60 000024920000;c 0 80 000024920000	cd3c239a612868cb
amp0xa2	80	v 11 50 3 0 64 18 1 0 - -;n 255 255 255 255 1 7 256 20 255;o 0080808080808080808080808080808080808080808080808080808080808080808080808080808080808080808080808080808080808080808080808080808080808080808080808080808080808080808080808080808080808080808080808080808080808080808080808080808080808080808080808080808080808080;l 0000000000000000000000000000000000000000;f ;i 0 01021000f3f40a06000004 0 0 0;i 1 21221105f1f21a16010205 0 0 0;c 0 0 310125300000;c 0 1 31020c300000;c 0 20 000024a20000;c 0 40 000024a20000;c 0 60 000024a20000;c 0 80 000024a20000	1ec1974cb12532a2
amp0xb2	80	v 11 50 3 0 64 18 1 0 - -;n 255 255 255 255 1 7 256 20 255;o 0080808080808080808080808080808080808080808080808080808080808080808080808080808080808080808080808080808080808080808080808080808080808080808080808080808080808080808080808080808080808080808080808080808080808080808080808080808080808080808080808080808080808080;l 0000000000000000000000000000000000000000;f ;i 0 01021000f3f40a06000004 0 0 0;i 1 21221105f1f21a16010205 0 0 0;c 0 0 310125300000;c 0 1 31020c300000;c 0 20 000024b20000;c 0 40 000024b20000;c 0 60 000024b20000;c 0 80 000024b20000	b641cd997a6ac1a6
amp0xc2	80	v 11 50 3 0 64 18 1 0 - -;n 255 255 255 255 1 7 256 20 255;o 0080808080808080808080808080808080808080808080808080808080808080808080808080808080808080808080808080808080808080808080808080808080808080808080808080808080808080808080808080808080808080808080808080808080808080808080808080808080808080808080808080808080808080;l 0000000000000000000000000000000000000000;f ;i 0 01021000f3f40a06000004 0 0 0;i 1 21221105f1f21a16010205 0 0 0;c 0 0 310125300000;c 0 1 31020c300000;c 0 20 000024c20000;c 0 40 000024c20000;c 0 60 000024c20000;c 0 80 000024c20000	7a6e416da2489a35
amp0xd2	80	v 11 50 3 0 64 18 1 0 - -;n 255 255 255 255 1 7 256 20 255;o 0080808080808080808080808080808080808080808080808080808080808080808080808080808080808080808080808080808080808080808080808080808080808080808080808080808080808080808080808080808080808080808080808080808080808080808080808080808080808080808080808080808080808080;l 0000000000000000000000000000000000000000;f ;i 0 01021000f3f40a06000004 0 0 0;i 1 21221105f1f21a16010205 0 0 0;c 0 0 310125300000;c 0 1 31020c300000;c 0 20 000024d20000;c 0 40 000024d20000;c 0 60 000024d20000;c 0 80 000024d20000	50c8988a23476793
amp0xe2	80	v 11 50 3 0 64 18 1 0 - -;n 255 255 255 255 1 7 256 20 255;o 0080808080808080808080808080808080808080808080808080808080808080808080808080808080808080808080808080808080808080808080808080808080808080808080808080808080808080808080808080808080808080808080808080808080808080808080808080808080808080808080808080808080808080;l 0000000000000000000000000000000000000000;f ;i 0 01021000f3f40a06000004 0 0 0;i 1 21221105f1f21a16010205 0 0 0;c 0 0 310125300000;c 0 1 31020c300000;c 0 20 000024e20000;c 0 40 000024e20000;c 0 60 000024e20000;c 0 80 000024e20000	d889c1983aea3d99
amp0xf2	80	v 11 50 3 0 64 18 1 0 - -;n 255 255 255 255 1 7 256 20 255;o 0080808080808080808080808080808080808080808080808080808080808080808080808080808080808080808080808080808080808080808080808080808080808080808080808080808080808080808080808080808080808080808080808080808080808080808080808080808080808080808080808080808080808080;l 0000000000000000000000000000000000000000;f ;i 0 01021000f3f40a06000004 0 0 0;i 1 21221105f1f21a16010205 0 0 0;c 0 0 310125300000;c 0 1 31020c300000;c 0 20 000024f20000;c 0 40 000024f20000;c 0 60 000024f20000;c 0 80 000024f20000	7ab84daf22c57128
arp18	80	v 11 50 5 0 64 18 1 0 - -;n 255 255 255 255 1 7 256 20 255;o 0080808080808080808080808080808080808080808080808080808080808080808080808080808080808080808080808080808080808080808080808080808080808080808080808080808080808080808080808080808080808080808080808080808080808080808080808080808080808080808080808080808080808080;l 0000000000000000000000000000000000000000;f ;i 0 01021005f3f40a06000004 0 0 0;c 0 0 310100270000;c 0 20 000018000000;c 0 40 000018000000;c 0 60 000000270000;c 0 80 000000270000;c 0 100 000019000000;c 0 120 000019000000;c 0 140 000018000000;c 0 160 000000270000;c 0 180 00000a010000	6a3105324e0b7f8b
arp2	80	v 11 50 3 0 64 18 1 0 - -;n 255 255 255 255 1 7 256 20 255;o 0080808080808080808080808080808080808080808080808080808080808080808080808080808080808080808080808080808080808080808080808080808080808080808080808080808080808080808080808080808080808080808080808080808080808080808080808080808080808080808080808080808080808080;l 0000000000000000000000000000000000000000;f ;i 0 01021000f3f40a06000004 0 0 0;i 1 21221105f1f21a16010205 1 5 0;i 2 21221105f1f21a16010205 0 0 0;c 0 0 310100470000;c 0 20 00000a010000;c 0 40 000000470000;c 0 60 000000470000;c 0 100 000000470000;c 0 120 000000000047	fd5a5cf8772a5612
arpbase_slide	80	v 11 50 4 0 64 18 1 0 - -;n 255 255 255 255 1 7 256 20 255;o 0080808080808080808080808080808080808080808080808080808080808080808080808080808080808080808080808080808080808080808080808080808080808080808080808080808080808080808080808080808080808080808080808080808080808080808080808080808080808080808080808080808080808080;l 0000000000000000000000000000000000000000;f ;i 0 01021005f3f40a06000004 0 0 0;c 0 0 310101200000;c 0 20 000001200000;c 0 40 0000000f0000;c 0 60 000001200000;c 0 80 000002100037;c 0 100 000002100000	602debdd165df3dc
arpkeyoff	80	v 11 50 4 0 64 18 1 0 - -;n 255 255 255 255 1 7 256 20 255;o 0080808080808080808080808080808080808080808080808080808080808080808080808080808080808080808080808080808080808080808080808080808080808080808080808080808080808080808080808080808080808080808080808080808080808080808080808080808080808080808080808080808080808080;l 0000000000000000000000000000000000000000;f ;i 0 01021000f3f40a06000004 0 0 0;i 1 21221105f1f21a16010205 1 5 0;i 2 21221105f1f21a16010205 0 0 0;c 0 0 310100000047;c 0 20 ff0000000047;c 0 40 000000000047	27f9b64c6b811ade
arpmacro10	80	v 11 50 6 0 64 18 1 0 - -;n 255 255 255 255 1 7 256 20 255;o 0080808080808080808080808080808080808080808080808080808080808080808080808080808080808080808080808080808080808080808080808080808080808080808080808080808080808080808080808080808080808080808080808080808080808080808080808080808080808080808080808080808080808080;l 0000000000000000000000000000000000000000;f ;i 0 01212515f010000201060a 0 0 0;m 0 0 0 0 0 1 0;a 0 8 3 0 0 0 010203040506070800000000000000000000000000000000000000000000000000000000000000000000000000000000000000000000000000000000000000000000000000000000000000000000000000000000000000000000000000000000000000000000000000000000000000000000000000000000000000000000000000000000000000000000000000000000000000000000000000000000000000000000000000000000000000000000000000000000000000000000000000000000000000000000000000000000000000000000000000000000000000000000000000000000000000000000000000000000000000000000000000000000000000;c 0 0 310100000000;c 0 20 330000000000;c 0 40 ff0000000000	b285791adbd43ee9
arpmacro1	80	v 11 50 6 0 64 18 1 0 - -;n 255 255 255 255 1 7 256 20 255;o 0080808080808080808080808080808080808080808080808080808080808080808080808080808080808080808080808080808080808080808080808080808080808080808080808080808080808080808080808080808080808080808080808080808080808080808080808080808080808080808080808080808080808080;l 0000000000000000000000000000000000000000;f ;i 0 01212515f010000201060a 0 0 0;m 0 0 0 0 0 1 0;a 0 4 1 0 0 0 0004070c0000000000000000000000000000000000000000000000000000000000000000000000000000000000000000000000000000000000000000000000000000000000000000000000000000000000000000000000000000000000000000000000000000000000000000000000000000000000000000000000000000000000000000000000000000000000000000000000000000000000000000000000000000000000000000000000000000000000000000000000000000000000000000000000000000000000000000000000000000000000000000000000000000000000000000000000000000000000000000000000000000000000000000000000;c 0 0 310100000000;c 0 20 330000000000;c 0 40 ff0000000000	a39e12ef097e47ce
arpmacro2	80	v 11 50 6 0 64 18 1 0 - -;n 255 255 255 255 1 7 256 20 255;o 0080808080808080808080808080808080808080808080808080808080808080808080808080808080808080808080808080808080808080808080808080808080808080808080808080808080808080808080808080808080808080808080808080808080808080808080808080808080808080808080808080808080808080;l 0000000000000000000000000000000000000000;f ;i 0 01212515f010000201060a 0 0 0;m 0 0 0 0 0 1 0;a 0 4 2 0 0 0 0004070c0000000000000000000000000000000000000000000000000000000000000000000000000000000000000000000000000000000000000000000000000000000000000000000000000000000000000000000000000000000000000000000000000000000000000000000000000000000000000000000000000000000000000000000000000000000000000000000000000000000000000000000000000000000000000000000000000000000000000000000000000000000000000000000000000000000000000000000000000000000000000000000000000000000000000000000000000000000000000000000000000000000000000000000000;c 0 0 310100000000;c 0 20 330000000000;c 0 40 ff0000000000	3e263d45db592b54
arpmacro3	80	v 11 50 6 0 64 18 1 0 - -;n 255 255 255 255 1 7 256 20 255;o 0080808080808080808080808080808080808080808080808080808080808080808080808080808080808080808080808080808080808080808080808080808080808080808080808080808080808080808080808080808080808080808080808080808080808080808080808080808080808080808080808080808080808080;l 0000000000000000000000000000000000000000;f ;i 0 01212515f010000201060a 0 0 0;m 0 0 0 0 0 1 0;a 0 4 1 2 2 0 0004070c0000000000000000000000000000000000000000000000000000000000000000000000000000000000000000000000000000000000000000000000000000000000000000000000000000000000000000000000000000000000000000000000000000000000000000000000000000000000000000000000000000000000000000000000000000000000000000000000000000000000000000000000000000000000000000000000000000000000000000000000000000000000000000000000000000000000000000000000000000000000000000000000000000000000000000000000000000000000000000000000000000000000000000000000;c 0 0 310100000000;c 0 20 330000000000;c 0 40 ff0000000000	4db2d2f7fa95671d
arpmacro4	80	v 11 50 6 0 64 18 1 0 - -;n 255 255 255 255 1 7 256 20 255;o 0080808080808080808080808080808080808080808080808080808080808080808080808080808080808080808080808080808080808080808080808080808080808080808080808080808080808080808080808080808080808080808080808080808080808080808080808080808080808080808080808080808080808080;l 0000000000000000000000000000000000000000;f ;i 0 01212515f010000201060a 0 0 0;m 0 0 0 0 0 1 0;a 0 3 1 0 0 0 990081000000000000000000000000000000000000000000000000000000000000000000000000000000000000000000000000000000000000000000000000000000000000000000000000000000000000000000000000000000000000000000000000000000000000000000000000000000000000000000000000000000000000000000000000000000000000000000000000000000000000000000000000000000000000000000000000000000000000000000000000000000000000000000000000000000000000000000000000000000000000000000000000000000000000000000000000000000000000000000000000000000000000000000000000;c 0 0 310100000000;c 0 20 330000000000;c 0 40 ff0000000000	ef0d575cda3a9c0b
arpmacro5	80	v 11 50 6 0 64 18 1 0 - -;n 255 255 255 255 1 7 256 20 255;o 0080808080808080808080808080808080808080808080808080808080808080808080808080808080808080808080808080808080808080808080808080808080808080808080808080808080808080808080808080808080808080808080808080808080808080808080808080808080808080808080808080808080808080;l 0000000000000000000000000000000000000000;f ;i 0 01212515f010000201060a 0 0 0;m 0 0 0 0 0 1 0;a 0 4 0 0 0 0 0004070c0000000000000000000000000000000000000000000000000000000000000000000000000000000000000000000000000000000000000000000000000000000000000000000000000000000000000000000000000000000000000000000000000000000000000000000000000000000000000000000000000000000000000000000000000000000000000000000000000000000000000000000000000000000000000000000000000000000000000000000000000000000000000000000000000000000000000000000000000000000000000000000000000000000000000000000000000000000000000000000000000000000000000000000000;c 0 0 310100000000;c 0 20 330000000000;c 0 40 ff0000000000	7c711056a4e2fb5b
arpmacro6	80	v 11 50 6 0 64 18 1 0 - -;n 255 255 255 255 1 7 256 20 255;o 0080808080808080808080808080808080808080808080808080808080808080808080808080808080808080808080808080808080808080808080808080808080808080808080808080808080808080808080808080808080808080808080808080808080808080808080808080808080808080808080808080808080808080;l 0000000000000000000000000000000000000000;f ;i 0 01212515f010000201060a 0 0 0;m 0 0 0 0 0 1 0;a 0 6 1 0 0 0 030500090b0d000000000000000000000000000000000000000000000000000000000000000000000000000000000000000000000000000000000000000000000000000000000000000000000000000000000000000000000000000000000000000000000000000000000000000000000000000000000000000000000000000000000000000000000000000000000000000000000000000000000000000000000000000000000000000000000000000000000000000000000000000000000000000000000000000000000000000000000000000000000000000000000000000000000000000000000000000000000000000000000000000000000000000000;c 0 0 310100000000;c 0 20 330000000000;c 0 40 ff0000000000	c2ee36060f5d3e7e
arpmacro7	80	v 11 50 6 0 64 18 1 0 - -;n 255 255 255 255 1 7 256 20 255;o 0080808080808080808080808080808080808080808080808080808080808080808080808080808080808080808080808080808080808080808080808080808080808080808080808080808080808080808080808080808080808080808080808080808080808080808080808080808080808080808080808080808080808080;l 0000000000000000000000000000000000000000;f ;i 0 01212515f010000201060a 0 0 0;m 0 0 0 0 0 1 0;a 0 5 1 3 3 0 010203040500000000000000000000000000000000000000000000000000000000000000000000000000000000000000000000000000000000000000000000000000000000000000000000000000000000000000000000000000000000000000000000000000000000000000000000000000000000000000000000000000000000000000000000000000000000000000000000000000000000000000000000000000000000000000000000000000000000000000000000000000000000000000000000000000000000000000000000000000000000000000000000000000000000000000000000000000000000000000000000000000000000000000000000;c 0 0 310100000000;c 0 20 330000000000;c 0 40 ff0000000000	0f8650b5f2104e92
arpmacro8	80	v 11 50 6 0 64 18 1 0 - -;n 255 255 255 255 1 7 256 20 255;o 0080808080808080808080808080808080808080808080808080808080808080808080808080808080808080808080808080808080808080808080808080808080808080808080808080808080808080808080808080808080808080808080808080808080808080808080808080808080808080808080808080808080808080;l 0000000000000000000000000000000000000000;f ;i 0 01212515f010000201060a 0 0 0;m 0 0 0 0 0 1 0;a 0 5 1 0 0 3 010203040500000000000000000000000000000000000000000000000000000000000000000000000000000000000000000000000000000000000000000000000000000000000000000000000000000000000000000000000000000000000000000000000000000000000000000000000000000000000000000000000000000000000000000000000000000000000000000000000000000000000000000000000000000000000000000000000000000000000000000000000000000000000000000000000000000000000000000000000000000000000000000000000000000000000000000000000000000000000000000000000000000000000000000000;c 0 0 310100000000;c 0 20 330000000000;c 0 40 ff0000000000	cd6a61df1fbe6a56
arpmacro9	80	v 11 50 6 0 64 18 1 0 - -;n 255 255 255 255 1 7 256 20 255;o 0080808080808080808080808080808080808080808080808080808080808080808080808080808080808080808080808080808080808080808080808080808080808080808080808080808080808080808080808080808080808080808080808080808080808080808080808080808080808080808080808080808080808080;l 0000000000000000000000000000000000000000;f ;i 0 01212515f010000201060a 0 0 0;m 0 0 0 0 0 1 0;a 0 5 1 1 2 4 010203040500000000000000000000000000000000000000000000000000000000000000000000000000000000000000000000000000000000000000000000000000000000000000000000000000000000000000000000000000000000000000000000000000000000000000000000000000000000000000000000000000000000000000000000000000000000000000000000000000000000000000000000000000000000000000000000000000000000000000000000000000000000000000000000000000000000000000000000000000000000000000000000000000000000000000000000000000000000000000000000000000000000000000000000;c 0 0 310100000000;c 0 20 330000000000;c 0 40 ff0000000000	f82935093e942f3c
arpnote	80	v 11 50 6 0 64 18 1 0 - -;n 255 255 255 255 1 7 256 20 255;o 0080808080808080808080808080808080808080808080808080808080808080808080808080808080808080808080808080808080808080808080808080808080808080808080808080808080808080808080808080808080808080808080808080808080808080808080808080808080808080808080808080808080808080;l 0000000000000000000000000000000000000000;f ;i 0 01021000f3f40a06000004 0 0 0;c 0 0 310100370000;c 0 20 000000370000;c 0 40 250100000000;c 0 80 000000370000;c 0 100 000000370000;c 0 120 310000000000;c 0 140 000000370000	bc6db150cb575118
arp	80	v 11 50 5 0 64 18 1 0 - -;n 255 255 255 255 1 7 256 20 255;o 0080808080808080808080808080808080808080808080808080808080808080808080808080808080808080808080808080808080808080808080808080808080808080808080808080808080808080808080808080808080808080808080808080808080808080808080808080808080808080808080808080808080808080;l 0000000000000000000000000000000000000000;f ;i 0 01021000f3f40a06000004 0 0 0;i 1 21221105f1f21a16010205 1 5 0;i 2 21221105f1f21a16010205 0 0 0;c 0 0 310100470000;c 0 20 000000470000;c 0 60 320000300000	aaf9ca3b017b707f
arpstate_keep	80	v 11 50 4 0 64 18 1 0 - -;n 255 255 255 255 1 7 256 20 255;o 0080808080808080808080808080808080808080808080808080808080808080808080808080808080808080808080808080808080808080808080808080808080808080808080808080808080808080808080808080808080808080808080808080808080808080808080808080808080808080808080808080808080808080;l 0000000000000000000000000000000000000000;f ;i 0 01021005f3f40a06000004 0 0 0;c 0 0 310100570000;c 0 40 00000c300000;c 0 60 000000570000;c 0 80 00000a010000;c 0 100 000000570000;c 0 140 330000000000;c 0 160 000000470000;c 0 180 00002a370000	e2e3ababe4e2adda
arpstate_keyoff	80	v 11 50 4 0 64 18 1 0 - -;n 255 255 255 255 1 7 256 20 255;o 0080808080808080808080808080808080808080808080808080808080808080808080808080808080808080808080808080808080808080808080808080808080808080808080808080808080808080808080808080808080808080808080808080808080808080808080808080808080808080808080808080808080808080;l 0000000000000000000000000000000000000000;f ;i 0 01021005f3f40a06000004 0 0 0;c 0 0 310100220000;c 0 20 ff0000000000;c 0 40 330000000000;c 0 60 000000220000;c 0 80 ff0000220000;c 0 100 000000220000	339d428ca5c13505
arp_top97	80	v 11 50 6 0 64 18 1 0 - -;n 255 255 255 255 1 7 256 20 255;o 0080808080808080808080808080808080808080808080808080808080808080808080808080808080808080808080808080808080808080808080808080808080808080808080808080808080808080808080808080808080808080808080808080808080808080808080808080808080808080808080808080808080808080;l 0000000000000000000000000000000000000000;f ;i 0 01212515f010000201060a 0 0 0;i 1 01212515f010000201060a 0 0 0;m 0 0 0 0 0 1 0;a 0 4 2 0 0 0 001819e10000000000000000000000000000000000000000000000000000000000000000000000000000000000000000000000000000000000000000000000000000000000000000000000000000000000000000000000000000000000000000000000000000000000000000000000000000000000000000000000000000000000000000000000000000000000000000000000000000000000000000000000000000000000000000000000000000000000000000000000000000000000000000000000000000000000000000000000000000000000000000000000000000000000000000000000000000000000000000000000000000000000000000000000;c 0 0 490100000000;c 0 40 550200cf0000;c 0 60 000000ff0000	19938f193653b68b
arpvib	80	v 11 50 4 0 64 18 1 0 - -;n 255 255 255 255 1 7 256 20 255;o 0080808080808080808080808080808080808080808080808080808080808080808080808080808080808080808080808080808080808080808080808080808080808080808080808080808080808080808080808080808080808080808080808080808080808080808080808080808080808080808080808080808080808080;l 0000000000000000000000000000000000000000;f ;i 0 01021000f3f40a06000004 0 0 0;i 1 21221105f1f21a16010205 1 5 0;i 2 21221105f1f21a16010205 0 0 0;c 0 0 310100470000;c 0 20 00000a010000;c 0 40 000000470000;c 0 60 000004440000;c 0 80 00000a010000;c 0 100 000004440000;c 0 120 000000000400;c 0 160 000004440000;c 0 180 000001000000;c 0 200 000004440000;c 0 220 000016440000	4b1862977a41aa2d
base	80	v 11 50 2 0 64 18 1 0 - -;n 255 255 255 255 1 7 256 20 255;o 0080808080808080808080808080808080808080808080808080808080808080808080808080808080808080808080808080808080808080808080808080808080808080808080808080808080808080808080808080808080808080808080808080808080808080808080808080808080808080808080808080808080808080;l 0000000000000000000000000000000000000000;f ;i 0 01021000f3f40a06000004 0 0 0;i 1 21221105f1f21a16010205 1 5 0;i 2 21221105f1f21a16010205 0 0 0;c 0 0 310100000000;c 0 20 320000000000;c 0 40 ff0000000000;c 0 60 000200000000;c 0 80 330000000000;c 0 100 340200000000;c 0 120 340200000000;c 0 140 00000c200000;c 0 160 350100000000;c 0 180 000100000000	ed00139a9dbdad67
combo2	80	v 11 50 3 0 64 18 1 0 - -;n 255 255 255 255 1 7 256 20 255;o 0080808080808080808080808080808080808080808080808080808080808080808080808080808080808080808080808080808080808080808080808080808080808080808080808080808080808080808080808080808080808080808080808080808080808080808080808080808080808080808080808080808080808080;l 0000000000000000000000000000000000000000;f ;i 0 01021000f3f40a06000004 0 0 0;i 1 21221105f1f21a16010205 1 5 0;i 2 21221105f1f21a16010205 0 0 0;c 0 0 310100000000;c 0 20 3d0003080000;c 0 40 000005010000;c 0 60 000010020000;c 0 80 000004440000;c 0 100 000006010000;c 0 120 000011020000;c 0 140 000000470000;c 0 160 000018010000;c 0 180 000019020000;c 0 200 000019020000	1b7711ed5cd6a5db
combomem05	80	v 11 50 3 0 64 18 1 0 - -;n 255 255 255 255 1 7 256 20 255;o 0080808080808080808080808080808080808080808080808080808080808080808080808080808080808080808080808080808080808080808080808080808080808080808080808080808080808080808080808080808080808080808080808080808080808080808080808080808080808080808080808080808080808080;l 0000000000000000000000000000000000000000;f ;i 0 01021000f3f40a06000004 0 0 0;i 1 21221105f1f21a16010205 1 5 0;i 2 21221105f1f21a16010205 0 0 0;c 0 0 310104110000;c 0 20 000005020000;c 0 40 000005000000;c 0 60 000005000000;c 0 80 00000a010000;c 0 100 000005000000	9bba606f60f04aa2
combomem06	80	v 11 50 3 0 64 18 1 0 - -;n 255 255 255 255 1 7 256 20 255;o 0080808080808080808080808080808080808080808080808080808080808080808080808080808080808080808080808080808080808080808080808080808080808080808080808080808080808080808080808080808080808080808080808080808080808080808080808080808080808080808080808080808080808080;l 0000000000000000000000000000000000000000;f ;i 0 01021000f3f40a06000004 0 0 0;i 1 21221105f1f21a16010205 1 5 0;i 2 21221105f1f21a16010205 0 0 0;c 0 0 310104110000;c 0 20 000006020000;c 0 40 000006000000;c 0 60 000006000000;c 0 80 00000a010000;c 0 100 000006000000	4e1062602a1cc95e
combomem0a	80	v 11 50 3 0 64 18 1 0 - -;n 255 255 255 255 1 7 256 20 255;o 0080808080808080808080808080808080808080808080808080808080808080808080808080808080808080808080808080808080808080808080808080808080808080808080808080808080808080808080808080808080808080808080808080808080808080808080808080808080808080808080808080808080808080;l 0000000000000000000000000000000000000000;f ;i 0 01021000f3f40a06000004 0 0 0;i 1 21221105f1f21a16010205 1 5 0;i 2 21221105f1f21a16010205 0 0 0;c 0 0 310104110000;c 0 20 00000a020000;c 0 40 00000a000000;c 0 60 00000a000000;c 0 80 00000a010000;c 0 100 00000a000000	9b2c53c5c1250f36
combomem10	80	v 11 50 3 0 64 18 1 0 - -;n 255 255 255 255 1 7 256 20 255;o 0080808080808080808080808080808080808080808080808080808080808080808080808080808080808080808080808080808080808080808080808080808080808080808080808080808080808080808080808080808080808080808080808080808080808080808080808080808080808080808080808080808080808080;l 0000000000000000000000000000000000000000;f ;i 0 01021000f3f40a06000004 0 0 0;i 1 21221105f1f21a16010205 1 5 0;i 2 21221105f1f21a16010205 0 0 0;c 0 0 310104110000;c 0 20 000010020000;c 0 40 000010000000;c 0 60 000010000000;c 0 80 00000a010000;c 0 100 000010000000	0f3d767bd69d85a6
combomem11	80	v 11 50 3 0 64 18 1 0 - -;n 255 255 255 255 1 7 256 20 255;o 0080808080808080808080808080808080808080808080808080808080808080808080808080808080808080808080808080808080808080808080808080808080808080808080808080808080808080808080808080808080808080808080808080808080808080808080808080808080808080808080808080808080808080;l 0000000000000000000000000000000000000000;f ;i 0 01021000f3f40a06000004 0 0 0;i 1 21221105f1f21a16010205 1 5 0;i 2 21221105f1f21a16010205 0 0 0;c 0 0 310104110000;c 0 20 000011020000;c 0 40 000011000000;c 0 60 000011000000;c 0 80 00000a010000;c 0 100 000011000000	2431961f673d21a2
combomem14	80	v 11 50 3 0 64 18 1 0 - -;n 255 255 255 255 1 7 256 20 255;o 0080808080808080808080808080808080808080808080808080808080808080808080808080808080808080808080808080808080808080808080808080808080808080808080808080808080808080808080808080808080808080808080808080808080808080808080808080808080808080808080808080808080808080;l 0000000000000000000000000000000000000000;f ;i 0 01021000f3f40a06000004 0 0 0;i 1 21221105f1f21a16010205 1 5 0;i 2 21221105f1f21a16010205 0 0 0;c 0 0 310104110000;c 0 20 000014020000;c 0 40 000014000000;c 0 60 000014000000;c 0 80 00000a010000;c 0 100 000014000000	fdbdf5076859080a
combomem18	80	v 11 50 3 0 64 18 1 0 - -;n 255 255 255 255 1 7 256 20 255;o 0080808080808080808080808080808080808080808080808080808080808080808080808080808080808080808080808080808080808080808080808080808080808080808080808080808080808080808080808080808080808080808080808080808080808080808080808080808080808080808080808080808080808080;l 0000000000000000000000000000000000000000;f ;i 0 01021000f3f40a06000004 0 0 0;i 1 21221105f1f21a16010205 1 5 0;i 2 21221105f1f21a16010205 0 0 0;c 0 0 310104110000;c 0 20 000018020000;c 0 40 000018000000;c 0 60 000018000000;c 0 80 00000a010000;c 0 100 000018000000	9bba606f60f04aa2
combomem19	80	v 11 50 3 0 64 18 1 0 - -;n 255 255 255 255 1 7 256 20 255;o 0080808080808080808080808080808080808080808080808080808080808080808080808080808080808080808080808080808080808080808080808080808080808080808080808080808080808080808080808080808080808080808080808080808080808080808080808080808080808080808080808080808080808080;l 0000000000000000000000000000000000000000;f ;i 0 01021000f3f40a06000004 0 0 0;i 1 21221105f1f21a16010205 1 5 0;i 2 21221105f1f21a16010205 0 0 0;c 0 0 310104110000;c 0 20 000019020000;c 0 40 000019000000;c 0 60 000019000000;c 0 80 00000a010000;c 0 100 000019000000	0f3d767bd69d85a6
combomem1b	80	v 11 50 3 0 64 18 1 0 - -;n 255 255 255 255 1 7 256 20 255;o 0080808080808080808080808080808080808080808080808080808080808080808080808080808080808080808080808080808080808080808080808080808080808080808080808080808080808080808080808080808080808080808080808080808080808080808080808080808080808080808080808080808080808080;l 0000000000000000000000000000000000000000;f ;i 0 01021000f3f40a06000004 0 0 0;i 1 21221105f1f21a16010205 1 5 0;i 2 21221105f1f21a16010205 0 0 0;c 0 0 310104110000;c 0 20 00001b020000;c 0 40 00001b000000;c 0 60 00001b000000;c 0 80 00000a010000;c 0 100 00001b000000	9bba606f60f04aa2
combomem1c	80	v 11 50 3 0 64 18 1 0 - -;n 255 255 255 255 1 7 256 20 255;o 0080808080808080808080808080808080808080808080808080808080808080808080808080808080808080808080808080808080808080808080808080808080808080808080808080808080808080808080808080808080808080808080808080808080808080808080808080808080808080808080808080808080808080;l 0000000000000000000000000000000000000000;f ;i 0 01021000f3f40a06000004 0 0 0;i 1 21221105f1f21a16010205 1 5 0;i 2 21221105f1f21a16010205 0 0 0;c 0 0 310104110000;c 0 20 00001c020000;c 0 40 00001c000000;c 0 60 00001c000000;c 0 80 00000a010000;c 0 100 00001c000000	9bba606f60f04aa2
combomem1d	80	v 11 50 3 0 64 18 1 0 - -;n 255 255 255 255 1 7 256 20 255;o 0080808080808080808080808080808080808080808080808080808080808080808080808080808080808080808080808080808080808080808080808080808080808080808080808080808080808080808080808080808080808080808080808080808080808080808080808080808080808080808080808080808080808080;l 0000000000000000000000000000000000000000;f ;i 0 01021000f3f40a06000004 0 0 0;i 1 21221105f1f21a16010205 1 5 0;i 2 21221105f1f21a16010205 0 0 0;c 0 0 310104110000;c 0 20 00001d020000;c 0 40 00001d000000;c 0 60 00001d000000;c 0 80 00000a010000;c 0 100 00001d000000	9bba606f60f04aa2
combomem1e	80	v 11 50 3 0 64 18 1 0 - -;n 255 255 255 255 1 7 256 20 255;o 0080808080808080808080808080808080808080808080808080808080808080808080808080808080808080808080808080808080808080808080808080808080808080808080808080808080808080808080808080808080808080808080808080808080808080808080808080808080808080808080808080808080808080;l 0000000000000000000000000000000000000000;f ;i 0 01021000f3f40a06000004 0 0 0;i 1 21221105f1f21a16010205 1 5 0;i 2 21221105f1f21a16010205 0 0 0;c 0 0 310104110000;c 0 20 00001e020000;c 0 40 00001e000000;c 0 60 00001e000000;c 0 80 00000a010000;c 0 100 00001e000000	9bba606f60f04aa2
combomem1f	80	v 11 50 3 0 64 18 1 0 - -;n 255 255 255 255 1 7 256 20 255;o 0080808080808080808080808080808080808080808080808080808080808080808080808080808080808080808080808080808080808080808080808080808080808080808080808080808080808080808080808080808080808080808080808080808080808080808080808080808080808080808080808080808080808080;l 0000000000000000000000000000000000000000;f ;i 0 01021000f3f40a06000004 0 0 0;i 1 21221105f1f21a16010205 1 5 0;i 2 21221105f1f21a16010205 0 0 0;c 0 0 310104110000;c 0 20 00001f020000;c 0 40 00001f000000;c 0 60 00001f000000;c 0 80 00000a010000;c 0 100 00001f000000	0f3d767bd69d85a6
combomem20	80	v 11 50 3 0 64 18 1 0 - -;n 255 255 255 255 1 7 256 20 255;o 0080808080808080808080808080808080808080808080808080808080808080808080808080808080808080808080808080808080808080808080808080808080808080808080808080808080808080808080808080808080808080808080808080808080808080808080808080808080808080808080808080808080808080;l 0000000000000000000000000000000000000000;f ;i 0 01021000f3f40a06000004 0 0 0;i 1 21221105f1f21a16010205 1 5 0;i 2 21221105f1f21a16010205 0 0 0;c 0 0 310104110000;c 0 20 000020020000;c 0 40 000020000000;c 0 60 000020000000;c 0 80 00000a010000;c 0 100 000020000000	0f3d767bd69d85a6
combomem21	80	v 11 50 3 0 64 18 1 0 - -;n 255 255 255 255 1 7 256 20 255;o 0080808080808080808080808080808080808080808080808080808080808080808080808080808080808080808080808080808080808080808080808080808080808080808080808080808080808080808080808080808080808080808080808080808080808080808080808080808080808080808080808080808080808080;l 0000000000000000000000000000000000000000;f ;i 0 01021000f3f40a06000004 0 0 0;i 1 21221105f1f21a16010205 1 5 0;i 2 21221105f1f21a16010205 0 0 0;c 0 0 310104110000;c 0 20 000021020000;c 0 40 000021000000;c 0 60 000021000000;c 0 80 00000a010000;c 0 100 000021000000	0f3d767bd69d85a6
combomem22	80	v 11 50 3 0 64 18 1 0 - -;n 255 255 255 255 1 7 256 20 255;o 0080808080808080808080808080808080808080808080808080808080808080808080808080808080808080808080808080808080808080808080808080808080808080808080808080808080808080808080808080808080808080808080808080808080808080808080808080808080808080808080808080808080808080;l 0000000000000000000000000000000000000000;f ;i 0 01021000f3f40a06000004 0 0 0;i 1 21221105f1f21a16010205 1 5 0;i 2 21221105f1f21a16010205 0 0 0;c 0 0 310104110000;c 0 20 000022020000;c 0 40 000022000000;c 0 60 000022000000;c 0 80 00000a010000;c 0 100 000022000000	0f3d767bd69d85a6
cutporta	80	v 11 50 4 0 64 18 1 0 - -;n 255 255 255 255 1 7 256 20 255;o 0080808080808080808080808080808080808080808080808080808080808080808080808080808080808080808080808080808080808080808080808080808080808080808080808080808080808080808080808080808080808080808080808080808080808080808080808080808080808080808080808080808080808080;l 0000000000000000000000000000000000000000;f ;i 0 01021000f3f40a06000004 0 0 0;i 1 21221105f1f21a16010205 1 5 0;i 2 21221105f1f21a16010205 0 0 0;c 0 0 310124320000;c 0 20 330003100000;c 0 40 000003100000	7df1f0fa7c7acd7c
delay_keyoff	80	v 11 50 7 0 64 18 1 0 - -;n 255 255 255 255 1 7 256 20 255;o 0080808080808080808080808080808080808080808080808080808080808080808080808080808080808080808080808080808080808080808080808080808080808080808080808080808080808080808080808080808080808080808080808080808080808080808080808080808080808080808080808080808080808080;l 0000000000000000000000000000000000000000;f ;i 0 01021005f3f40a06000004 0 0 0;c 0 0 310124230000;c 0 20 ff0024240000;c 0 40 350024220000;c 0 60 000024230000;c 0 80 ff0024210000;c 0 100 000024220000	64deea3fe9cd7405
delaymacro1	80	v 11 50 6 0 64 18 1 0 - -;n 255 255 255 255 1 7 256 20 255;o 0080808080808080808080808080808080808080808080808080808080808080808080808080808080808080808080808080808080808080808080808080808080808080808080808080808080808080808080808080808080808080808080808080808080808080808080808080808080808080808080808080808080808080;l 0000000000000000000000000000000000000000;f ;i 0 01212515f010000201060a 0 0 0;i 1 01212515f010000201060a 0 0 0;i 2 01212515f010000201060a 0 0 0;m 0 0 0 0 0 0 1;m 1 0 0 0 0 1 0;m 2 3 0 0 0 0 0;s 2 0 1112131415161718010206 0 0 1;s 2 1 1212131415161718010206 0 0 1;s 2 2 1312131415161718010206 0 0 1;a 0 3 1 0 0 0 bcbdbe000000000000000000000000000000000000000000000000000000000000000000000000000000000000000000000000000000000000000000000000000000000000000000000000000000000000000000000000000000000000000000000000000000000000000000000000000000000000000000000000000000000000000000000000000000000000000000000000000000000000000000000000000000000000000000000000000000000000000000000000000000000000000000000000000000000000000000000000000000000000000000000000000000000000000000000000000000000000000000000000000000000000000000000000;b 0 8 1 0 1 8 0 010203040506070800000000000000000000000000000000000000000000000000000000000000000000000000000000000000000000000000000000000000000000000000000000000000000000000000000000000000000000000000000000000000000000000000000000000000000000000000000000000000000000000000000000000000000000000000000000000000000000000000000000000000000000000000000000000000000000000000000000000000000000000000000000000000000000000000000000000000000000000000000000000000000000000000000000000000000000000000000000000000000000000000000000000000;c 0 0 310124230000;c 0 20 330024220000	ca3075af0483432f
delaymacro2	80	v 11 50 6 0 64 18 1 0 - -;n 255 255 255 255 1 7 256 20 255;o 0080808080808080808080808080808080808080808080808080808080808080808080808080808080808080808080808080808080808080808080808080808080808080808080808080808080808080808080808080808080808080808080808080808080808080808080808080808080808080808080808080808080808080;l 0000000000000000000000000000000000000000;f ;i 0 01212515f010000201060a 0 0 0;i 1 01212515f010000201060a 0 0 0;i 2 01212515f010000201060a 0 0 0;m 0 0 0 0 0 0 1;m 1 0 0 0 0 1 0;m 2 3 0 0 0 0 0;s 2 0 1112131415161718010206 0 0 1;s 2 1 1212131415161718010206 0 0 1;s 2 2 1312131415161718010206 0 0 1;a 0 3 1 0 0 0 bcbdbe000000000000000000000000000000000000000000000000000000000000000000000000000000000000000000000000000000000000000000000000000000000000000000000000000000000000000000000000000000000000000000000000000000000000000000000000000000000000000000000000000000000000000000000000000000000000000000000000000000000000000000000000000000000000000000000000000000000000000000000000000000000000000000000000000000000000000000000000000000000000000000000000000000000000000000000000000000000000000000000000000000000000000000000000;b 0 8 1 0 1 8 0 010203040506070800000000000000000000000000000000000000000000000000000000000000000000000000000000000000000000000000000000000000000000000000000000000000000000000000000000000000000000000000000000000000000000000000000000000000000000000000000000000000000000000000000000000000000000000000000000000000000000000000000000000000000000000000000000000000000000000000000000000000000000000000000000000000000000000000000000000000000000000000000000000000000000000000000000000000000000000000000000000000000000000000000000000000;c 0 0 310224230000;c 0 20 330024220000	49f502e81ee6bd24
delaymacro3	80	v 11 50 6 0 64 18 1 0 - -;n 255 255 255 255 1 7 256 20 255;o 0080808080808080808080808080808080808080808080808080808080808080808080808080808080808080808080808080808080808080808080808080808080808080808080808080808080808080808080808080808080808080808080808080808080808080808080808080808080808080808080808080808080808080;l 0000000000000000000000000000000000000000;f ;i 0 01212515f010000201060a 0 0 0;i 1 01212515f010000201060a 0 0 0;i 2 01212515f010000201060a 0 0 0;m 0 0 0 0 0 0 1;m 1 0 0 0 0 1 0;m 2 3 0 0 0 0 0;s 2 0 1112131415161718010206 0 0 1;s 2 1 1212131415161718010206 0 0 1;s 2 2 1312131415161718010206 0 0 1;a 0 3 1 0 0 0 bcbdbe000000000000000000000000000000000000000000000000000000000000000000000000000000000000000000000000000000000000000000000000000000000000000000000000000000000000000000000000000000000000000000000000000000000000000000000000000000000000000000000000000000000000000000000000000000000000000000000000000000000000000000000000000000000000000000000000000000000000000000000000000000000000000000000000000000000000000000000000000000000000000000000000000000000000000000000000000000000000000000000000000000000000000000000000;b 0 8 1 0 1 8 0 010203040506070800000000000000000000000000000000000000000000000000000000000000000000000000000000000000000000000000000000000000000000000000000000000000000000000000000000000000000000000000000000000000000000000000000000000000000000000000000000000000000000000000000000000000000000000000000000000000000000000000000000000000000000000000000000000000000000000000000000000000000000000000000000000000000000000000000000000000000000000000000000000000000000000000000000000000000000000000000000000000000000000000000000000000;c 0 0 310324230000;c 0 20 330024220000	3bb866569302bf7c
emptyins	80	v 11 50 2 0 64 18 1 0 - -;n 255 255 255 255 1 7 256 20 255;o 0080808080808080808080808080808080808080808080808080808080808080808080808080808080808080808080808080808080808080808080808080808080808080808080808080808080808080808080808080808080808080808080808080808080808080808080808080808080808080808080808080808080808080;l 0000000000000000000000000000000000000000;f ;i 0 01021000f3f40a06000004 0 0 0;i 2 0000000000000000000000 0 3 0;i 3 0000000000000000000001 0 0 0;c 0 0 310100000000;c 0 1 310100000000;c 0 20 000200000000;c 0 21 000300000000;c 0 40 320200000000;c 0 41 320300000000;c 0 60 330100000000;c 0 61 330400000000;c 0 80 000200000000;c 0 81 000400000000	a38ab66c18b709c8
emptymacro1	80	v 11 50 3 0 64 18 1 0 - -;n 255 255 255 255 1 7 256 20 255;o 0080808080808080808080808080808080808080808080808080808080808080808080808080808080808080808080808080808080808080808080808080808080808080808080808080808080808080808080808080808080808080808080808080808080808080808080808080808080808080808080808080808080808080;l 0000000000000000000000000000000000000000;f ;i 1 01021000f3f40a06000004 0 0 0;i 2 0000000000000000000001 0 0 0;m 0 2 0 0 0 0 0;s 0 0 00023f33f0f0ffff00060e 0 0 1;s 0 1 00021f37f0f0ffff00060e 0 0 1;m 2 2 0 0 0 0 0;s 2 0 00023f33f0f0ffff00060e 0 0 1;s 2 1 00021f37f0f0ffff00060e 0 0 1;c 0 0 310100000000;c 0 20 320000000000;c 0 40 330100000000	c339d4ebcf642a08
emptymacro2	80	v 11 50 3 0 64 18 1 0 - -;n 255 255 255 255 1 7 256 20 255;o 0080808080808080808080808080808080808080808080808080808080808080808080808080808080808080808080808080808080808080808080808080808080808080808080808080808080808080808080808080808080808080808080808080808080808080808080808080808080808080808080808080808080808080;l 0000000000000000000000000000000000000000;f ;i 1 01021000f3f40a06000004 0 0 0;i 2 0000000000000000000001 0 0 0;m 0 2 0 0 0 0 0;s 0 0 00023f33f0f0ffff00060e 0 0 1;s 0 1 00021f37f0f0ffff00060e 0 0 1;m 2 2 0 0 0 0 0;s 2 0 00023f33f0f0ffff00060e 0 0 1;s 2 1 00021f37f0f0ffff00060e 0 0 1;c 0 0 000100000000;c 0 20 320000000000	137509daae6e99d6
emptymacro3	80	v 11 50 3 0 64 18 1 0 - -;n 255 255 255 255 1 7 256 20 255;o 0080808080808080808080808080808080808080808080808080808080808080808080808080808080808080808080808080808080808080808080808080808080808080808080808080808080808080808080808080808080808080808080808080808080808080808080808080808080808080808080808080808080808080;l 0000000000000000000000000000000000000000;f ;i 1 01021000f3f40a06000004 0 0 0;i 2 0000000000000000000001 0 0 0;m 0 2 0 0 0 0 0;s 0 0 00023f33f0f0ffff00060e 0 0 1;s 0 1 00021f37f0f0ffff00060e 0 0 1;m 2 2 0 0 0 0 0;s 2 0 00023f33f0f0ffff00060e 0 0 1;s 2 1 00021f37f0f0ffff00060e 0 0 1;c 0 0 310200000000;c 0 20 320100000000;c 0 40 330000000000;c 0 60 340100000000	09795e2b5f830cc9
emptymacro4	80	v 11 50 3 0 64 18 1 0 - -;n 255 255 255 255 1 7 256 20 255;o 0080808080808080808080808080808080808080808080808080808080808080808080808080808080808080808080808080808080808080808080808080808080808080808080808080808080808080808080808080808080808080808080808080808080808080808080808080808080808080808080808080808080808080;l 0000000000000000000000000000000000000000;f ;i 1 01021000f3f40a06000004 0 0 0;i 2 0000000000000000000001 0 0 0;m 0 2 0 0 0 0 0;s 0 0 00023f33f0f0ffff00060e 0 0 1;s 0 1 00021f37f0f0ffff00060e 0 0 1;m 2 2 0 0 0 0 0;s 2 0 00023f33f0f0ffff00060e 0 0 1;s 2 1 00021f37f0f0ffff00060e 0 0 1;c 0 0 310300000000;c 0 20 320300000000	85a78ac48a4a5d4a
fine_nonote	80	v 11 50 4 0 64 18 1 0 - -;n 255 255 255 255 1 7 256 20 255;o 0080808080808080808080808080808080808080808080808080808080808080808080808080808080808080808080808080808080808080808080808080808080808080808080808080808080808080808080808080808080808080808080808080808080808080808080808080808080808080808080808080808080808080;l 0000000000000000000000000000000000000000;f ;i 0 01021005f3f40a06000004 0 3 0;c 0 0 310124450000;c 0 20 000024450000;c 0 40 000024432442;c 0 60 000024570000;c 0 80 000024450310;c 0 100 000024450501;c 0 120 000024462421;c 0 140 000024460000;c 0 160 000024520000	d459c86310cd28b3
fine_porta	80	v 11 50 4 0 64 18 1 0 - -;n 255 255 255 255 1 7 256 20 255;o 0080808080808080808080808080808080808080808080808080808080808080808080808080808080808080808080808080808080808080808080808080808080808080808080808080808080808080808080808080808080808080808080808080808080808080808080808080808080808080808080808080808080808080;l 0000000000000000000000000000000000000000;f ;i 0 01021005f3f40a06000004 0 3 0;c 0 0 310100000000;c 0 20 370003010000;c 0 40 000024450301;c 0 60 000003012445;c 0 80 000005012445;c 0 100 000010012445;c 0 120 000024451001;c 0 140 000024450500	d9f57ce8478f03e8
fine	80	v 11 50 3 0 64 18 1 0 - -;n 255 255 255 255 1 7 256 20 255;o 0080808080808080808080808080808080808080808080808080808080808080808080808080808080808080808080808080808080808080808080808080808080808080808080808080808080808080808080808080808080808080808080808080808080808080808080808080808080808080808080808080808080808080;l 0000000000000000000000000000000000000000;f ;i 0 01021000f3f40a06000004 0 0 0;i 1 21221105f1f21a16010205 1 5 0;i 2 21221105f1f21a16010205 0 0 0;c 0 0 310107100000;c 0 20 000007100000;c 0 40 000008050000;c 0 60 000008000000;c 0 80 000007000000	094cdb5244f87917
fourop_key	80	v 11 50 3 0 64 18 1 1 - -;n 255 255 255 255 1 7 256 20 255;o 0080808080808080808080808080808080808080808080808080808080808080808080808080808080808080808080808080808080808080808080808080808080808080808080808080808080808080808080808080808080808080808080808080808080808080808080808080808080808080808080808080808080808080;l 0000000000000000000000000000000000000000;f ;i 0 01021005f3f40a06000004 0 0 0;i 1 21221106f1f21a16010205 0 0 0;c 0 0 310100000000;c 0 1 000200000000;c 0 41 340001040000;c 0 80 00000c200000;c 0 101 00000c200000;c 0 120 ff0000000000;c 0 141 ff0000000000;c 0 160 3d0004440000	53e60fc48b296fe6
fourop_lock	80	v 13 50 3 0 64 18 1 1 - -;n 255 255 255 255 1 7 256 20 255;o 0080808080808080808080808080808080808080808080808080808080808080808080808080808080808080808080808080808080808080808080808080808080808080808080808080808080808080808080808080808080808080808080808080808080808080808080808080808080808080808080808080808080808080;l 4040000000000000000000000000000000000000;f 000000000000000000000000000000000000000000000000000000000000000000000000000000000000000000000000000000000000000000000000000000000000000000000000000000000000000000000000000000000000000000000000000000000000000000000000000000000000000000000000000000000000000000;i 0 01021005f3f40a06000004 0 0 0;i 1 21221106f1f21a16010205 0 0 0;c 0 0 310100000000;c 0 1 000200000000;c 0 40 00000c200000;c 0 61 00000c300000;c 0 80 00000a010000;c 0 101 00000a100000;c 0 120 000009100000;c 0 141 000012100000;c 0 160 000014020000;c 0 180 000028200000;c 0 200 000100000000;c 0 221 00000c200000;c 0 241 000200000000;c 0 260 000005010000;c 0 280 00001b100000	50c1fae86e030df7
fourop_prevnote	80	v 11 50 4 0 64 18 1 2 - -;n 255 255 255 255 1 7 256 20 255;o 0080808080808080808080808080808080808080808080808080808080808080808080808080808080808080808080808080808080808080808080808080808080808080808080808080808080808080808080808080808080808080808080808080808080808080808080808080808080808080808080808080808080808080;l 0000000000000000000000000000000000000000;f ;i 0 01021005f3f40a06000004 0 0 0;i 1 01021005f3f40a06000004 0 0 0;i 2 01021005f3f40a06000004 0 0 0;c 0 1 3c0100000000;c 0 21 ff0000000000;c 0 42 330200000000;c 0 43 330300000000;c 0 61 3a00030f0000;c 0 81 0000030f0000;c 0 101 ff0000000000;c 0 121 3700030f0000	21249685b2f3f4df
fourop_vibpair	80	v 11 50 3 0 64 18 1 1 - -;n 255 255 255 255 1 7 256 20 255;o 0080808080808080808080808080808080808080808080808080808080808080808080808080808080808080808080808080808080808080808080808080808080808080808080808080808080808080808080808080808080808080808080808080808080808080808080808080808080808080808080808080808080808080;l 0000000000000000000000000000000000000000;f ;i 0 01021005f3f40a06000004 0 0 0;i 1 01021005f3f40a06000004 0 0 0;c 0 0 000100000000;c 0 1 310204870000;c 0 21 000004870000;c 0 40 0000020f0000;c 0 41 0000020f0000;c 0 60 000001100446;c 0 81 000002050000;c 0 100 000002050000	e7924ea5f799f825
fourop_vibreset	80	v 11 50 6 0 64 18 1 1 - -;n 255 255 255 255 1 7 256 20 255;o 0080808080808080808080808080808080808080808080808080808080808080808080808080808080808080808080808080808080808080808080808080808080808080808080808080808080808080808080808080808080808080808080808080808080808080808080808080808080808080808080808080808080808080;l 0000000000000000000000000000000000000000;f ;i 0 01212515f010000201060a 0 0 0;i 1 01212515f010000201060a 0 0 0;m 0 1 1 1 0 0 0;s 0 0 0000000000000000000000 3 0 1;b 0 8 1 0 1 8 0 00010203fffefd0000000000000000000000000000000000000000000000000000000000000000000000000000000000000000000000000000000000000000000000000000000000000000000000000000000000000000000000000000000000000000000000000000000000000000000000000000000000000000000000000000000000000000000000000000000000000000000000000000000000000000000000000000000000000000000000000000000000000000000000000000000000000000000000000000000000000000000000000000000000000000000000000000000000000000000000000000000000000000000000000000000000000000;c 0 0 310127010000;c 0 1 310227010000;c 0 41 000001020000;c 0 80 000002010000	083a92fabbd731e6
fourop_ze	80	v 13 50 3 128 64 18 1 3 - -;n 255 255 255 255 1 7 256 20 255;o 0080808080808080808080808080808080808080808080808080808080808080808080808080808080808080808080808080808080808080808080808080808080808080808080808080808080808080808080808080808080808080808080808080808080808080808080808080808080808080808080808080808080808080;l 4040404000000000000000000000000000000000;f 000000000000000000000000000000000000000000000000000000000000000000000000000000000000000000000000000000000000000000000000000000000000000000000000000000000000000000000000000000000000000000000000000000000000000000000000000000000000000000000000000000000000000000;i 0 01021005f3f40a06000004 0 0 0;i 1 21221106f1f21a16010205 0 0 0;c 0 0 310100000000;c 0 1 000200000000;c 0 2 310100000000;c 0 3 000200000000;c 0 20 000023e50000;c 0 41 00000c200000;c 0 62 00000c200000;c 0 82 00000a010000;c 0 100 000023e60000;c 0 121 00000c100000;c 0 140 000014100000	4ed38f30fbefc2ec
globalslide_cols	80	v 11 50 4 0 64 18 1 0 - -;n 255 255 255 255 1 7 256 20 255;o 0080808080808080808080808080808080808080808080808080808080808080808080808080808080808080808080808080808080808080808080808080808080808080808080808080808080808080808080808080808080808080808080808080808080808080808080808080808080808080808080808080808080808080;l 0000000000000000000000000000000000000000;f ;i 0 01021005f3f40a06000004 0 0 0;c 0 0 310100000000;c 0 1 310100000000;c 0 2 310100000000;c 0 3 310100000000;c 0 4 310100000000;c 0 5 310100000000;c 0 6 310100000000;c 0 21 00002f080000;c 0 22 000009230000;c 0 23 000000000923;c 0 24 00000a010000;c 0 25 350000000000;c 0 40 00002e040000;c 0 83 00002f020000;c 0 84 000000002f03;c 0 120 00002f040000;c 0 121 000023230000;c 0 122 000003010000;c 0 123 000024410000;c 0 124 000029110000;c 0 125 000012200000	f9426128a84b6101
hash0x01	80	v 11 50 2 0 64 18 1 0 - -;n 255 255 255 255 1 7 256 20 255;o 0080808080808080808080808080808080808080808080808080808080808080808080808080808080808080808080808080808080808080808080808080808080808080808080808080808080808080808080808080808080808080808080808080808080808080808080808080808080808080808080808080808080808080;l 0000000000000000000000000000000000000000;f ;i 0 01021000f3f40a06000004 0 0 0;i 1 21221105f1f21a16010205 1 5 0;i 2 21221105f1f21a16010205 0 0 0;c 0 0 310100000000;c 0 20 000029010000	ecfdc0dcb9a6cbe2
hash0x15	80	v 11 50 2 0 64 18 1 0 - -;n 255 255 255 255 1 7 256 20 255;o 0080808080808080808080808080808080808080808080808080808080808080808080808080808080808080808080808080808080808080808080808080808080808080808080808080808080808080808080808080808080808080808080808080808080808080808080808080808080808080808080808080808080808080;l 0000000000000000000000000000000000000000;f ;i 0 01021000f3f40a06000004 0 0 0;i 1 21221105f1f21a16010205 1 5 0;i 2 21221105f1f21a16010205 0 0 0;c 0 0 310100000000;c 0 20 000029150000	c2cdd1bf3107fffd
hash0x23	80	v 11 50 2 0 64 18 1 0 - -;n 255 255 255 255 1 7 256 20 255;o 0080808080808080808080808080808080808080808080808080808080808080808080808080808080808080808080808080808080808080808080808080808080808080808080808080808080808080808080808080808080808080808080808080808080808080808080808080808080808080808080808080808080808080;l 0000000000000000000000000000000000000000;f ;i 0 01021000f3f40a06000004 0 0 0;i 1 21221105f1f21a16010205 1 5 0;i 2 21221105f1f21a16010205 0 0 0;c 0 0 310100000000;c 0 20 000029230000	86aa25caf42806f8
hash0x31	80	v 11 50 2 0 64 18 1 0 - -;n 255 255 255 255 1 7 256 20 255;o 0080808080808080808080808080808080808080808080808080808080808080808080808080808080808080808080808080808080808080808080808080808080808080808080808080808080808080808080808080808080808080808080808080808080808080808080808080808080808080808080808080808080808080;l 0000000000000000000000000000000000000000;f ;i 0 01021000f3f40a06000004 0 0 0;i 1 21221105f1f21a16010205 1 5 0;i 2 21221105f1f21a16010205 0 0 0;c 0 0 310100000000;c 0 20 000029310000	c2bed0a2fd973ce1
hash0x41	80	v 11 50 2 0 64 18 1 0 - -;n 255 255 255 255 1 7 256 20 255;o 0080808080808080808080808080808080808080808080808080808080808080808080808080808080808080808080808080808080808080808080808080808080808080808080808080808080808080808080808080808080808080808080808080808080808080808080808080808080808080808080808080808080808080;l 0000000000000000000000000000000000000000;f ;i 0 01021000f3f40a06000004 0 0 0;i 1 21221105f1f21a16010205 1 5 0;i 2 21221105f1f21a16010205 0 0 0;c 0 0 310100000000;c 0 20 000029410000	84d6c0803a4207a1
hash0x51	80	v 11 50 2 0 64 18 1 0 - -;n 255 255 255 255 1 7 256 20 255;o 0080808080808080808080808080808080808080808080808080808080808080808080808080808080808080808080808080808080808080808080808080808080808080808080808080808080808080808080808080808080808080808080808080808080808080808080808080808080808080808080808080808080808080;l 0000000000000000000000000000000000000000;f ;i 0 01021000f3f40a06000004 0 0 0;i 1 21221105f1f21a16010205 1 5 0;i 2 21221105f1f21a16010205 0 0 0;c 0 0 310100000000;c 0 20 000029510000	8093ed44a9d0e6f1
hash0x61	80	v 11 50 2 0 64 18 1 0 - -;n 255 255 255 255 1 7 256 20 255;o 0080808080808080808080808080808080808080808080808080808080808080808080808080808080808080808080808080808080808080808080808080808080808080808080808080808080808080808080808080808080808080808080808080808080808080808080808080808080808080808080808080808080808080;l 0000000000000000000000000000000000000000;f ;i 0 01021000f3f40a06000004 0 0 0;i 1 21221105f1f21a16010205 1 5 0;i 2 21221105f1f21a16010205 0 0 0;c 0 0 310100000000;c 0 20 000029610000	1818c1cd6e9bca81
hash0x7a	80	v 11 50 2 0 64 18 1 0 - -;n 255 255 255 255 1 7 256 20 255;o 0080808080808080808080808080808080808080808080808080808080808080808080808080808080808080808080808080808080808080808080808080808080808080808080808080808080808080808080808080808080808080808080808080808080808080808080808080808080808080808080808080808080808080;l 0000000000000000000000000000000000000000;f ;i 0 01021000f3f40a06000004 0 0 0;i 1 21221105f1f21a16010205 1 5 0;i 2 21221105f1f21a16010205 0 0 0;c 0 0 310100000000;c 0 20 0000297a0000	4c47d542311f7541
hash0x82	80	v 11 50 2 0 64 18 1 0 - -;n 255 255 255 255 1 7 256 20 255;o 0080808080808080808080808080808080808080808080808080808080808080808080808080808080808080808080808080808080808080808080808080808080808080808080808080808080808080808080808080808080808080808080808080808080808080808080808080808080808080808080808080808080808080;l 0000000000000000000000000000000000000000;f ;i 0 01021000f3f40a06000004 0 0 0;i 1 21221105f1f21a16010205 1 5 0;i 2 21221105f1f21a16010205 0 0 0;c 0 0 310100000000;c 0 20 000029820000	8ddf1d44b3b0e7e7
hash0x91	80	v 11 50 2 0 64 18 1 0 - -;n 255 255 255 255 1 7 256 20 255;o 0080808080808080808080808080808080808080808080808080808080808080808080808080808080808080808080808080808080808080808080808080808080808080808080808080808080808080808080808080808080808080808080808080808080808080808080808080808080808080808080808080808080808080;l 0000000000000000000000000000000000000000;f ;i 0 01021000f3f40a06000004 0 0 0;i 1 21221105f1f21a16010205 1 5 0;i 2 21221105f1f21a16010205 0 0 0;c 0 0 310100000000;c 0 20 000029910000	e3db518b237352f9
hash0xa1	80	v 11 50 2 0 64 18 1 0 - -;n 255 255 255 255 1 7 256 20 255;o 0080808080808080808080808080808080808080808080808080808080808080808080808080808080808080808080808080808080808080808080808080808080808080808080808080808080808080808080808080808080808080808080808080808080808080808080808080808080808080808080808080808080808080;l 0000000000000000000000000000000000000000;f ;i 0 01021000f3f40a06000004 0 0 0;i 1 21221105f1f21a16010205 1 5 0;i 2 21221105f1f21a16010205 0 0 0;c 0 0 310100000000;c 0 20 000029a10000	aba520f3f8b38239
hash0xb1	80	v 11 50 2 0 64 18 1 0 - -;n 255 255 255 255 1 7 256 20 255;o 0080808080808080808080808080808080808080808080808080808080808080808080808080808080808080808080808080808080808080808080808080808080808080808080808080808080808080808080808080808080808080808080808080808080808080808080808080808080808080808080808080808080808080;l 0000000000000000000000000000000000000000;f ;i 0 01021000f3f40a06000004 0 0 0;i 1 21221105f1f21a16010205 1 5 0;i 2 21221105f1f21a16010205 0 0 0;c 0 0 310100000000;c 0 20 000029b10000	c81871158d704a09
hash0xc1	80	v 11 50 2 0 64 18 1 0 - -;n 255 255 255 255 1 7 256 20 255;o 0080808080808080808080808080808080808080808080808080808080808080808080808080808080808080808080808080808080808080808080808080808080808080808080808080808080808080808080808080808080808080808080808080808080808080808080808080808080808080808080808080808080808080;l 0000000000000000000000000000000000000000;f ;i 0 01021000f3f40a06000004 0 0 0;i 1 21221105f1f21a16010205 1 5 0;i 2 21221105f1f21a16010205 0 0 0;c 0 0 310100000000;c 0 20 000029c10000	1c47e88dd483e559
hash0xd1	80	v 11 50 2 0 64 18 1 0 - -;n 255 255 255 255 1 7 256 20 255;o 0080808080808080808080808080808080808080808080808080808080808080808080808080808080808080808080808080808080808080808080808080808080808080808080808080808080808080808080808080808080808080808080808080808080808080808080808080808080808080808080808080808080808080;l 0000000000000000000000000000000000000000;f ;i 0 01021000f3f40a06000004 0 0 0;i 1 21221105f1f21a16010205 1 5 0;i 2 21221105f1f21a16010205 0 0 0;c 0 0 310100000000;c 0 20 000029d10000	926854355897202e
insmacro1	80	v 11 50 4 0 64 18 1 0 - -;n 255 255 255 255 1 7 256 20 255;o 0080808080808080808080808080808080808080808080808080808080808080808080808080808080808080808080808080808080808080808080808080808080808080808080808080808080808080808080808080808080808080808080808080808080808080808080808080808080808080808080808080808080808080;l 0000000000000000000000000000000000000000;f ;i 0 01212515f010000201060a 0 0 0;m 0 0 0 0 0 0 1;b 0 8 1 0 1 3 5 010203040a141e2800000000000000000000000000000000000000000000000000000000000000000000000000000000000000000000000000000000000000000000000000000000000000000000000000000000000000000000000000000000000000000000000000000000000000000000000000000000000000000000000000000000000000000000000000000000000000000000000000000000000000000000000000000000000000000000000000000000000000000000000000000000000000000000000000000000000000000000000000000000000000000000000000000000000000000000000000000000000000000000000000000000000000;c 0 0 310124220000	48562be903ec5a5b
insmacro2	80	v 11 50 4 0 64 18 1 0 - -;n 255 255 255 255 1 7 256 20 255;o 0080808080808080808080808080808080808080808080808080808080808080808080808080808080808080808080808080808080808080808080808080808080808080808080808080808080808080808080808080808080808080808080808080808080808080808080808080808080808080808080808080808080808080;l 0000000000000000000000000000000000000000;f ;i 0 01212515f010000201060a 0 0 0;m 0 0 0 0 0 0 1;b 0 8 1 0 1 3 5 010203040a141e2800000000000000000000000000000000000000000000000000000000000000000000000000000000000000000000000000000000000000000000000000000000000000000000000000000000000000000000000000000000000000000000000000000000000000000000000000000000000000000000000000000000000000000000000000000000000000000000000000000000000000000000000000000000000000000000000000000000000000000000000000000000000000000000000000000000000000000000000000000000000000000000000000000000000000000000000000000000000000000000000000000000000000;c 0 0 000100000000	9873c46767414871
insmacro3	80	v 11 50 4 0 64 18 1 0 - -;n 255 255 255 255 1 7 256 20 255;o 0080808080808080808080808080808080808080808080808080808080808080808080808080808080808080808080808080808080808080808080808080808080808080808080808080808080808080808080808080808080808080808080808080808080808080808080808080808080808080808080808080808080808080;l 0000000000000000000000000000000000000000;f ;i 0 01212515f010000201060a 0 0 0;m 0 0 0 0 0 0 1;b 0 8 1 0 1 3 5 010203040a141e2800000000000000000000000000000000000000000000000000000000000000000000000000000000000000000000000000000000000000000000000000000000000000000000000000000000000000000000000000000000000000000000000000000000000000000000000000000000000000000000000000000000000000000000000000000000000000000000000000000000000000000000000000000000000000000000000000000000000000000000000000000000000000000000000000000000000000000000000000000000000000000000000000000000000000000000000000000000000000000000000000000000000000;c 0 0 310100000000	e43253943e743306
insmacro4	80	v 11 50 4 0 64 18 1 0 - -;n 255 255 255 255 1 7 256 20 255;o 0080808080808080808080808080808080808080808080808080808080808080808080808080808080808080808080808080808080808080808080808080808080808080808080808080808080808080808080808080808080808080808080808080808080808080808080808080808080808080808080808080808080808080;l 0000000000000000000000000000000000000000;f ;i 0 01212515f010000201060a 0 0 0;m 0 0 0 0 0 0 1;b 0 8 1 0 1 3 5 010203040a141e2800000000000000000000000000000000000000000000000000000000000000000000000000000000000000000000000000000000000000000000000000000000000000000000000000000000000000000000000000000000000000000000000000000000000000000000000000000000000000000000000000000000000000000000000000000000000000000000000000000000000000000000000000000000000000000000000000000000000000000000000000000000000000000000000000000000000000000000000000000000000000000000000000000000000000000000000000000000000000000000000000000000000000;c 0 0 310100000000;c 0 40 000100000000	e43253943e743306
insmacro5	80	v 11 50 4 0 64 18 1 0 - -;n 255 255 255 255 1 7 256 20 255;o 0080808080808080808080808080808080808080808080808080808080808080808080808080808080808080808080808080808080808080808080808080808080808080808080808080808080808080808080808080808080808080808080808080808080808080808080808080808080808080808080808080808080808080;l 0000000000000000000000000000000000000000;f ;i 0 01212515f010000201060a 0 0 0;m 0 0 0 0 0 0 1;b 0 8 1 0 1 3 5 010203040a141e2800000000000000000000000000000000000000000000000000000000000000000000000000000000000000000000000000000000000000000000000000000000000000000000000000000000000000000000000000000000000000000000000000000000000000000000000000000000000000000000000000000000000000000000000000000000000000000000000000000000000000000000000000000000000000000000000000000000000000000000000000000000000000000000000000000000000000000000000000000000000000000000000000000000000000000000000000000000000000000000000000000000000000;c 0 0 310100000000;c 0 20 ff0000000000;c 0 40 000100000000;c 0 60 330000000000	335bf7a3316e8c73
koff-arp-e0	80	v 11 50 3 0 64 18 1 0 - -;n 255 255 255 255 1 7 256 20 255;o 0080808080808080808080808080808080808080808080808080808080808080808080808080808080808080808080808080808080808080808080808080808080808080808080808080808080808080808080808080808080808080808080808080808080808080808080808080808080808080808080808080808080808080;l 0000000000000000000000000000000000000000;f ;i 0 01212515f010000201060a 0 0 0;m 0 0 0 0 0 1 0;a 0 6 1 0 0 4 8182838a8b8c000000000000000000000000000000000000000000000000000000000000000000000000000000000000000000000000000000000000000000000000000000000000000000000000000000000000000000000000000000000000000000000000000000000000000000000000000000000000000000000000000000000000000000000000000000000000000000000000000000000000000000000000000000000000000000000000000000000000000000000000000000000000000000000000000000000000000000000000000000000000000000000000000000000000000000000000000000000000000000000000000000000000000000;c 0 0 3101000023e0;c 0 40 ff0000000000;c 0 120 320000000000;c 0 160 ff0000000000	a889413e6e8513b9
koff-arp-e1	80	v 11 50 3 0 64 18 1 0 - -;n 255 255 255 255 1 7 256 20 255;o 0080808080808080808080808080808080808080808080808080808080808080808080808080808080808080808080808080808080808080808080808080808080808080808080808080808080808080808080808080808080808080808080808080808080808080808080808080808080808080808080808080808080808080;l 0000000000000000000000000000000000000000;f ;i 0 01212515f010000201060a 0 0 0;m 0 0 0 0 0 1 0;a 0 6 1 0 0 4 8182838a8b8c000000000000000000000000000000000000000000000000000000000000000000000000000000000000000000000000000000000000000000000000000000000000000000000000000000000000000000000000000000000000000000000000000000000000000000000000000000000000000000000000000000000000000000000000000000000000000000000000000000000000000000000000000000000000000000000000000000000000000000000000000000000000000000000000000000000000000000000000000000000000000000000000000000000000000000000000000000000000000000000000000000000000000000;c 0 0 3101000023e1;c 0 40 ff0000000000;c 0 120 320000000000;c 0 160 ff0000000000	bf0d5f622c67fd81
koff-arp-none	80	v 11 50 3 0 64 18 1 0 - -;n 255 255 255 255 1 7 256 20 255;o 0080808080808080808080808080808080808080808080808080808080808080808080808080808080808080808080808080808080808080808080808080808080808080808080808080808080808080808080808080808080808080808080808080808080808080808080808080808080808080808080808080808080808080;l 0000000000000000000000000000000000000000;f ;i 0 01212515f010000201060a 0 0 0;m 0 0 0 0 0 1 0;a 0 6 1 0 0 4 8182838a8b8c000000000000000000000000000000000000000000000000000000000000000000000000000000000000000000000000000000000000000000000000000000000000000000000000000000000000000000000000000000000000000000000000000000000000000000000000000000000000000000000000000000000000000000000000000000000000000000000000000000000000000000000000000000000000000000000000000000000000000000000000000000000000000000000000000000000000000000000000000000000000000000000000000000000000000000000000000000000000000000000000000000000000000000;c 0 0 310100000000;c 0 40 ff0000000000;c 0 120 320000000000;c 0 160 ff0000000000	a889413e6e8513b9
koff-fm-e0	80	v 11 50 3 0 64 18 1 0 - -;n 255 255 255 255 1 7 256 20 255;o 0080808080808080808080808080808080808080808080808080808080808080808080808080808080808080808080808080808080808080808080808080808080808080808080808080808080808080808080808080808080808080808080808080808080808080808080808080808080808080808080808080808080808080;l 0000000000000000000000000000000000000000;f ;i 0 01212515f010000201060a 0 0 0;m 0 6 0 0 4 0 0;s 0 0 01222616f1110103020504 0 0 1;s 0 1 02222616f1110103020504 0 0 1;s 0 2 03222616f1110103020504 0 0 1;s 0 3 04222616f1110103020504 0 0 1;s 0 4 05222616f1110103020504 0 0 1;s 0 5 06222616f1110103020504 0 0 1;d 0 01010101010101000101010101010101010101010101010101010101;c 0 0 3101000023e0;c 0 40 ff0000000000;c 0 120 320000000000;c 0 160 ff0000000000	49e78e843fd31c52
koff-fm-e1	80	v 11 50 3 0 64 18 1 0 - -;n 255 255 255 255 1 7 256 20 255;o 0080808080808080808080808080808080808080808080808080808080808080808080808080808080808080808080808080808080808080808080808080808080808080808080808080808080808080808080808080808080808080808080808080808080808080808080808080808080808080808080808080808080808080;l 0000000000000000000000000000000000000000;f ;i 0 01212515f010000201060a 0 0 0;m 0 6 0 0 4 0 0;s 0 0 01222616f1110103020504 0 0 1;s 0 1 02222616f1110103020504 0 0 1;s 0 2 03222616f1110103020504 0 0 1;s 0 3 04222616f1110103020504 0 0 1;s 0 4 05222616f1110103020504 0 0 1;s 0 5 06222616f1110103020504 0 0 1;d 0 01010101010101000101010101010101010101010101010101010101;c 0 0 3101000023e1;c 0 40 ff0000000000;c 0 120 320000000000;c 0 160 ff0000000000	7637a9da4a74d4b0
koff-fm-none	80	v 11 50 3 0 64 18 1 0 - -;n 255 255 255 255 1 7 256 20 255;o 0080808080808080808080808080808080808080808080808080808080808080808080808080808080808080808080808080808080808080808080808080808080808080808080808080808080808080808080808080808080808080808080808080808080808080808080808080808080808080808080808080808080808080;l 0000000000000000000000000000000000000000;f ;i 0 01212515f010000201060a 0 0 0;m 0 6 0 0 4 0 0;s 0 0 01222616f1110103020504 0 0 1;s 0 1 02222616f1110103020504 0 0 1;s 0 2 03222616f1110103020504 0 0 1;s 0 3 04222616f1110103020504 0 0 1;s 0 4 05222616f1110103020504 0 0 1;s 0 5 06222616f1110103020504 0 0 1;d 0 01010101010101000101010101010101010101010101010101010101;c 0 0 310100000000;c 0 40 ff0000000000;c 0 120 320000000000;c 0 160 ff0000000000	49e78e843fd31c52
koff-vib-e0	80	v 11 50 3 0 64 18 1 0 - -;n 255 255 255 255 1 7 256 20 255;o 0080808080808080808080808080808080808080808080808080808080808080808080808080808080808080808080808080808080808080808080808080808080808080808080808080808080808080808080808080808080808080808080808080808080808080808080808080808080808080808080808080808080808080;l 0000000000000000000000000000000000000000;f ;i 0 01212515f010000201060a 0 0 0;m 0 0 0 0 0 0 1;b 0 6 1 0 0 0 4 0102030a141e000000000000000000000000000000000000000000000000000000000000000000000000000000000000000000000000000000000000000000000000000000000000000000000000000000000000000000000000000000000000000000000000000000000000000000000000000000000000000000000000000000000000000000000000000000000000000000000000000000000000000000000000000000000000000000000000000000000000000000000000000000000000000000000000000000000000000000000000000000000000000000000000000000000000000000000000000000000000000000000000000000000000000000;c 0 0 3101000023e0;c 0 40 ff0000000000;c 0 120 320000000000;c 0 160 ff0000000000	7100b37abb513f6b
koff-vib-e1	80	v 11 50 3 0 64 18 1 0 - -;n 255 255 255 255 1 7 256 20 255;o 0080808080808080808080808080808080808080808080808080808080808080808080808080808080808080808080808080808080808080808080808080808080808080808080808080808080808080808080808080808080808080808080808080808080808080808080808080808080808080808080808080808080808080;l 0000000000000000000000000000000000000000;f ;i 0 01212515f010000201060a 0 0 0;m 0 0 0 0 0 0 1;b 0 6 1 0 0 0 4 0102030a141e000000000000000000000000000000000000000000000000000000000000000000000000000000000000000000000000000000000000000000000000000000000000000000000000000000000000000000000000000000000000000000000000000000000000000000000000000000000000000000000000000000000000000000000000000000000000000000000000000000000000000000000000000000000000000000000000000000000000000000000000000000000000000000000000000000000000000000000000000000000000000000000000000000000000000000000000000000000000000000000000000000000000000000;c 0 0 3101000023e1;c 0 40 ff0000000000;c 0 120 320000000000;c 0 160 ff0000000000	b882365019d3f99d
koff-vib-none	80	v 11 50 3 0 64 18 1 0 - -;n 255 255 255 255 1 7 256 20 255;o 0080808080808080808080808080808080808080808080808080808080808080808080808080808080808080808080808080808080808080808080808080808080808080808080808080808080808080808080808080808080808080808080808080808080808080808080808080808080808080808080808080808080808080;l 0000000000000000000000000000000000000000;f ;i 0 01212515f010000201060a 0 0 0;m 0 0 0 0 0 0 1;b 0 6 1 0 0 0 4 0102030a141e000000000000000000000000000000000000000000000000000000000000000000000000000000000000000000000000000000000000000000000000000000000000000000000000000000000000000000000000000000000000000000000000000000000000000000000000000000000000000000000000000000000000000000000000000000000000000000000000000000000000000000000000000000000000000000000000000000000000000000000000000000000000000000000000000000000000000000000000000000000000000000000000000000000000000000000000000000000000000000000000000000000000000000;c 0 0 310100000000;c 0 40 ff0000000000;c 0 120 320000000000;c 0 160 ff0000000000	7100b37abb513f6b
locks0x00	80	v 11 50 2 0 64 18 1 0 - -;n 255 255 255 255 1 7 256 20 255;o 0080808080808080808080808080808080808080808080808080808080808080808080808080808080808080808080808080808080808080808080808080808080808080808080808080808080808080808080808080808080808080808080808080808080808080808080808080808080808080808080808080808080808080;l 01162a3e00000000000000000000000000000000;f ;i 0 01021000f3f40a06000004 2 0 0;i 1 21221105f1f21a16010205 1 0 0;c 0 0 310100000000;c 0 1 310200000000;c 0 2 310100000000;c 0 3 310200000000;c 0 20 00000c200000;c 0 21 00000c200000;c 0 22 00000c200000;c 0 23 00000c200000;c 0 40 00010a020000;c 0 41 00020a020000;c 0 42 00010a020000;c 0 43 00020a020000	5e527ad2cf7525a9
locks0x02	80	v 11 50 2 2 64 18 1 0 - -;n 255 255 255 255 1 7 256 20 255;o 0080808080808080808080808080808080808080808080808080808080808080808080808080808080808080808080808080808080808080808080808080808080808080808080808080808080808080808080808080808080808080808080808080808080808080808080808080808080808080808080808080808080808080;l 01162a3e00000000000000000000000000000000;f ;i 0 01021000f3f40a06000004 2 0 0;i 1 21221105f1f21a16010205 1 0 0;c 0 0 310100000000;c 0 1 310200000000;c 0 2 310100000000;c 0 3 310200000000;c 0 20 00000c200000;c 0 21 00000c200000;c 0 22 00000c200000;c 0 23 00000c200000;c 0 40 00010a020000;c 0 41 00020a020000;c 0 42 00010a020000;c 0 43 00020a020000	5521f0fd7d5e6494
locks0x04	80	v 11 50 2 4 64 18 1 0 - -;n 255 255 255 255 1 7 256 20 255;o 0080808080808080808080808080808080808080808080808080808080808080808080808080808080808080808080808080808080808080808080808080808080808080808080808080808080808080808080808080808080808080808080808080808080808080808080808080808080808080808080808080808080808080;l 01162a3e00000000000000000000000000000000;f ;i 0 01021000f3f40a06000004 2 0 0;i 1 21221105f1f21a16010205 1 0 0;c 0 0 310100000000;c 0 1 310200000000;c 0 2 310100000000;c 0 3 310200000000;c 0 20 00000c200000;c 0 21 00000c200000;c 0 22 00000c200000;c 0 23 00000c200000;c 0 40 00010a020000;c 0 41 00020a020000;c 0 42 00010a020000;c 0 43 00020a020000	5e527ad2cf7525a9
locks0x06	80	v 11 50 2 6 64 18 1 0 - -;n 255 255 255 255 1 7 256 20 255;o 0080808080808080808080808080808080808080808080808080808080808080808080808080808080808080808080808080808080808080808080808080808080808080808080808080808080808080808080808080808080808080808080808080808080808080808080808080808080808080808080808080808080808080;l 01162a3e00000000000000000000000000000000;f ;i 0 01021000f3f40a06000004 2 0 0;i 1 21221105f1f21a16010205 1 0 0;c 0 0 310100000000;c 0 1 310200000000;c 0 2 310100000000;c 0 3 310200000000;c 0 20 00000c200000;c 0 21 00000c200000;c 0 22 00000c200000;c 0 23 00000c200000;c 0 40 00010a020000;c 0 41 00020a020000;c 0 42 00010a020000;c 0 43 00020a020000	5521f0fd7d5e6494
locks0x20	80	v 11 50 2 32 64 18 1 0 - -;n 255 255 255 255 1 7 256 20 255;o 0080808080808080808080808080808080808080808080808080808080808080808080808080808080808080808080808080808080808080808080808080808080808080808080808080808080808080808080808080808080808080808080808080808080808080808080808080808080808080808080808080808080808080;l 01162a3e00000000000000000000000000000000;f ;i 0 01021000f3f40a06000004 2 0 0;i 1 21221105f1f21a16010205 1 0 0;c 0 0 310100000000;c 0 1 310200000000;c 0 2 310100000000;c 0 3 310200000000;c 0 20 00000c200000;c 0 21 00000c200000;c 0 22 00000c200000;c 0 23 00000c200000;c 0 40 00010a020000;c 0 41 00020a020000;c 0 42 00010a020000;c 0 43 00020a020000	80654ba694846df9
loopzc	80	v 11 50 1 0 8 18 1 0 - -;n 255 255 255 255 1 7 256 20 255;o 0080808080808080808080808080808080808080808080808080808080808080808080808080808080808080808080808080808080808080808080808080808080808080808080808080808080808080808080808080808080808080808080808080808080808080808080808080808080808080808080808080808080808080;l 0000000000000000000000000000000000000000;f ;i 0 01021000f3f40a06000004 0 0 0;i 1 21221105f1f21a16010205 1 5 0;i 2 21221105f1f21a16010205 0 0 0;c 0 0 310100000000;c 0 20 320100000000;c 0 21 000023c00000;c 0 40 330100000000;c 0 60 340100000000;c 0 61 000023c20000;c 0 80 350100000000;c 0 100 360100000000;c 0 120 370100000000;c 0 140 380100000000	b7ec7fa99cd49624
macro1	80	v 11 50 4 0 64 18 1 0 - -;n 255 255 255 255 1 7 256 20 255;o 0080808080808080808080808080808080808080808080808080808080808080808080808080808080808080808080808080808080808080808080808080808080808080808080808080808080808080808080808080808080808080808080808080808080808080808080808080808080808080808080808080808080808080;l 0000000000000000000000000000000000000000;f ;i 0 01021000f3f40a06000004 0 0 0;m 0 3 0 0 0 0 0;s 0 0 1112131415161718010206 0 0 1;s 0 1 2122232425262728030408 0 0 1;s 0 2 313233343536373805060a 0 0 1;c 0 0 310100000000;c 0 40 320000000000;c 0 80 000100000000	38a3de4b2b73e2c5
macro2	80	v 11 50 8 0 64 18 1 0 - -;n 255 255 255 255 1 7 256 20 255;o 0080808080808080808080808080808080808080808080808080808080808080808080808080808080808080808080808080808080808080808080808080808080808080808080808080808080808080808080808080808080808080808080808080808080808080808080808080808080808080808080808080808080808080;l 0000000000000000000000000000000000000000;f ;i 0 01025080f3f40a06000004 0 0 0;m 0 4 2 2 0 0 0;s 0 0 1112d35415161718010206 5 1 2;s 0 1 2122232425262728030488 -3 2 1;s 0 2 313233343536373805060a 0 0 3;s 0 3 414243444546474807070c 0 0 1;c 0 0 310100000000;c 0 40 ff0000000000	2d993d100d06da70
macro3	80	v 11 50 8 0 64 18 1 0 - -;n 255 255 255 255 1 7 256 20 255;o 0080808080808080808080808080808080808080808080808080808080808080808080808080808080808080808080808080808080808080808080808080808080808080808080808080808080808080808080808080808080808080808080808080808080808080808080808080808080808080808080808080808080808080;l 0000000000000000000000000000000000000000;f ;i 0 01212515f010000201060a 0 0 0;m 0 3 0 0 0 0 0;s 0 0 01212515f010000201060a 0 0 1;s 0 1 01212810f010000201060a 0 0 1;s 0 2 0121003ff010000201060a 0 0 1;c 0 0 310100000000;c 0 20 00000c300000;c 0 40 310100000000	cf55ec34007add7c
macrocol17	80	v 11 50 8 0 64 18 1 0 - -;n 255 255 255 255 1 7 256 20 255;o 0080808080808080808080808080808080808080808080808080808080808080808080808080808080808080808080808080808080808080808080808080808080808080808080808080808080808080808080808080808080808080808080808080808080808080808080808080808080808080808080808080808080808080;l 0000000000000000000000000000000000000000;f ;i 0 01212515f010000201060a 0 0 0;m 0 1 0 0 0 0 0;s 0 0 02222616f1110103020504 4 2 1;d 0 01010101010101010101010101010101010001010101010101010101;c 0 0 310100000000	daa782759ea7d9bf
macrocol1	80	v 11 50 8 0 64 18 1 0 - -;n 255 255 255 255 1 7 256 20 255;o 0080808080808080808080808080808080808080808080808080808080808080808080808080808080808080808080808080808080808080808080808080808080808080808080808080808080808080808080808080808080808080808080808080808080808080808080808080808080808080808080808080808080808080;l 0000000000000000000000000000000000000000;f ;i 0 01212515f010000201060a 0 0 0;m 0 1 0 0 0 0 0;s 0 0 02222616f1110103020504 4 2 1;d 0 01000101010101010101010101010101010101010101010101010101;c 0 0 310100000000	47a3699a1903279e
macrocol25	80	v 11 50 8 0 64 18 1 0 - -;n 255 255 255 255 1 7 256 20 255;o 0080808080808080808080808080808080808080808080808080808080808080808080808080808080808080808080808080808080808080808080808080808080808080808080808080808080808080808080808080808080808080808080808080808080808080808080808080808080808080808080808080808080808080;l 0000000000000000000000000000000000000000;f ;i 0 01212515f010000201060a 0 0 0;m 0 1 0 0 0 0 0;s 0 0 02222616f1110103020504 4 2 1;d 0 01010101010101010101010101010101010101010101010101000101;c 0 0 310100000000	339630dfd6ca7a8d
macrocol26	80	v 11 50 8 0 64 18 1 0 - -;n 255 255 255 255 1 7 256 20 255;o 0080808080808080808080808080808080808080808080808080808080808080808080808080808080808080808080808080808080808080808080808080808080808080808080808080808080808080808080808080808080808080808080808080808080808080808080808080808080808080808080808080808080808080;l 0000000000000000000000000000000000000000;f ;i 0 01212515f010000201060a 0 0 0;m 0 1 0 0 0 0 0;s 0 0 02222616f1110103020504 4 2 1;d 0 01010101010101010101010101010101010101010101010101010001;c 0 0 310100000000	5874ef3f8f96c207
macrocol27	80	v 11 50 8 0 64 18 1 0 - -;n 255 255 255 255 1 7 256 20 255;o 0080808080808080808080808080808080808080808080808080808080808080808080808080808080808080808080808080808080808080808080808080808080808080808080808080808080808080808080808080808080808080808080808080808080808080808080808080808080808080808080808080808080808080;l 0000000000000000000000000000000000000000;f ;i 0 01212515f010000201060a 0 0 0;m 0 1 0 0 0 0 0;s 0 0 02222616f1110103020504 4 2 1;d 0 01010101010101010101010101010101010101010101010101010100;c 0 0 310100000000	042645fe34c97df3
macrocol5	80	v 11 50 8 0 64 18 1 0 - -;n 255 255 255 255 1 7 256 20 255;o 0080808080808080808080808080808080808080808080808080808080808080808080808080808080808080808080808080808080808080808080808080808080808080808080808080808080808080808080808080808080808080808080808080808080808080808080808080808080808080808080808080808080808080;l 0000000000000000000000000000000000000000;f ;i 0 01212515f010000201060a 0 0 0;m 0 1 0 0 0 0 0;s 0 0 02222616f1110103020504 4 2 1;d 0 01010101010001010101010101010101010101010101010101010101;c 0 0 310100000000	958f61d55b98b067
macrocol7	80	v 11 50 8 0 64 18 1 0 - -;n 255 255 255 255 1 7 256 20 255;o 0080808080808080808080808080808080808080808080808080808080808080808080808080808080808080808080808080808080808080808080808080808080808080808080808080808080808080808080808080808080808080808080808080808080808080808080808080808080808080808080808080808080808080;l 0000000000000000000000000000000000000000;f ;i 0 01212515f010000201060a 0 0 0;m 0 1 0 0 0 0 0;s 0 0 02222616f1110103020504 4 2 1;d 0 01010101010101000101010101010101010101010101010101010101;c 0 0 310100000000	687d5c686b0a4f64
macroflags	80	v 11 49 4 0 64 18 2 2 - -;n 255 255 255 255 1 7 256 20 255;o 0080808080808080808080808080808080808080808080808080808080808080808080808080808080808080808080808080808080808080808080808080808080808080808080808080808080808080808080808080808080808080808080808080808080808080808080808080808080808080808080808080808080808080;l 0000000000000000000000000000000000000000;f ;i 0 01012b34f8f0f2f6020600 0 0 0;i 1 0001372ffaf3fff7060000 0 0 0;i 2 01012b34f8f0f2f6020600 0 0 0;m 0 4 0 0 0 0 0;s 0 0 01012b34f8f0f2f6020680 0 0 3;s 0 1 01012b34c3f0f2f6020640 0 0 2;s 0 2 01012b34f8f0f2f6020620 0 0 2;s 0 3 01012b34f8f0f2f6020600 0 0 2;m 1 2 0 0 0 0 0;s 1 0 01012b34f8f0f2f6020680 0 0 4;s 1 1 01012b34c3f0f2f6020680 0 0 1;m 2 2 0 0 0 0 0;s 2 0 01012b34f8f0f2f6020680 0 0 4;s 2 1 01012b34c3f0f2f6020680 0 0 1;d 0 00000000010101010101010100000000010101010101010100000001;d 1 00000000010101010101010100000000010101010101010100000001;d 2 00000000010101010101010100000000010101010101010100000001;c 0 0 310100000000;c 0 2 000100000000;c 0 3 340200000000;c 0 80 320100000000;c 0 82 000300000000;c 0 83 350200000000	1adf4c141ae5b3b8
macroko10	80	v 11 50 4 0 64 18 1 0 - -;n 255 255 255 255 1 7 256 20 255;o 0080808080808080808080808080808080808080808080808080808080808080808080808080808080808080808080808080808080808080808080808080808080808080808080808080808080808080808080808080808080808080808080808080808080808080808080808080808080808080808080808080808080808080;l 0000000000000000000000000000000000000000;f ;i 0 01212515f010000201060a 0 0 0;m 0 8 3 0 0 0 0;s 0 0 01222616f1110103020504 0 0 1;s 0 1 02222616f1110103020504 0 0 1;s 0 2 03222616f1110103020504 0 0 1;s 0 3 04222616f1110103020504 0 0 1;s 0 4 05222616f1110103020504 0 0 1;s 0 5 06222616f1110103020504 0 0 1;s 0 6 07222616f1110103020504 0 0 1;s 0 7 08222616f1110103020504 0 0 1;d 0 01010101010101000101010101010101010101010101010101010101;c 0 0 310100000000;c 0 40 ff0000000000	e5041fec95709bc4
macroko11	80	v 11 50 4 0 64 18 1 0 - -;n 255 255 255 255 1 7 256 20 255;o 0080808080808080808080808080808080808080808080808080808080808080808080808080808080808080808080808080808080808080808080808080808080808080808080808080808080808080808080808080808080808080808080808080808080808080808080808080808080808080808080808080808080808080;l 0000000000000000000000000000000000000000;f ;i 0 01212515f010000201060a 0 0 0;m 0 8 7 2 6 0 0;s 0 0 01222616f1110103020504 0 0 1;s 0 1 02222616f1110103020504 0 0 1;s 0 2 03222616f1110103020504 0 0 1;s 0 3 04222616f1110103020504 0 0 1;s 0 4 05222616f1110103020504 0 0 1;s 0 5 06222616f1110103020504 0 0 1;s 0 6 07222616f1110103020504 0 0 1;s 0 7 08222616f1110103020504 0 0 1;d 0 01010101010101000101010101010101010101010101010101010101;c 0 0 310100000000;c 0 40 ff0000000000	e0e8682047ef2101
macroko1	80	v 11 50 4 0 64 18 1 0 - -;n 255 255 255 255 1 7 256 20 255;o 0080808080808080808080808080808080808080808080808080808080808080808080808080808080808080808080808080808080808080808080808080808080808080808080808080808080808080808080808080808080808080808080808080808080808080808080808080808080808080808080808080808080808080;l 0000000000000000000000000000000000000000;f ;i 0 01212515f010000201060a 0 0 0;m 0 8 0 0 6 0 0;s 0 0 01222616f1110103020504 0 0 1;s 0 1 02222616f1110103020504 0 0 1;s 0 2 03222616f1110103020504 0 0 1;s 0 3 04222616f1110103020504 0 0 1;s 0 4 05222616f1110103020504 0 0 1;s 0 5 06222616f1110103020504 0 0 1;s 0 6 07222616f1110103020504 0 0 1;s 0 7 08222616f1110103020504 0 0 1;d 0 01010101010101000101010101010101010101010101010101010101;c 0 0 310100000000;c 0 40 ff0000000000	e0e8682047ef2101
macroko2	80	v 11 50 4 0 64 18 1 0 - -;n 255 255 255 255 1 7 256 20 255;o 0080808080808080808080808080808080808080808080808080808080808080808080808080808080808080808080808080808080808080808080808080808080808080808080808080808080808080808080808080808080808080808080808080808080808080808080808080808080808080808080808080808080808080;l 0000000000000000000000000000000000000000;f ;i 0 01212515f010000201060a 0 0 0;m 0 8 2 3 6 0 0;s 0 0 01222616f1110103020504 0 0 1;s 0 1 02222616f1110103020504 0 0 1;s 0 2 03222616f1110103020504 0 0 1;s 0 3 04222616f1110103020504 0 0 1;s 0 4 05222616f1110103020504 0 0 1;s 0 5 06222616f1110103020504 0 0 1;s 0 6 07222616f1110103020504 0 0 1;s 0 7 08222616f1110103020504 0 0 1;d 0 01010101010101000101010101010101010101010101010101010101;c 0 0 310100000000;c 0 40 ff0000000000	3bd81f606a396000
macroko3	80	v 11 50 4 0 64 18 1 0 - -;n 255 255 255 255 1 7 256 20 255;o 0080808080808080808080808080808080808080808080808080808080808080808080808080808080808080808080808080808080808080808080808080808080808080808080808080808080808080808080808080808080808080808080808080808080808080808080808080808080808080808080808080808080808080;l 0000000000000000000000000000000000000000;f ;i 0 01212515f010000201060a 0 0 0;m 0 8 2 3 0 0 0;s 0 0 01222616f1110103020504 0 0 1;s 0 1 02222616f1110103020504 0 0 1;s 0 2 03222616f1110103020504 0 0 1;s 0 3 04222616f1110103020504 0 0 1;s 0 4 05222616f1110103020504 0 0 1;s 0 5 06222616f1110103020504 0 0 1;s 0 6 07222616f1110103020504 0 0 1;s 0 7 08222616f1110103020504 0 0 1;d 0 01010101010101000101010101010101010101010101010101010101;c 0 0 310100000000;c 0 40 ff0000000000	a92556fb5ab79518
macroko4	80	v 11 50 4 0 64 18 1 0 - -;n 255 255 255 255 1 7 256 20 255;o 0080808080808080808080808080808080808080808080808080808080808080808080808080808080808080808080808080808080808080808080808080808080808080808080808080808080808080808080808080808080808080808080808080808080808080808080808080808080808080808080808080808080808080;l 0000000000000000000000000000000000000000;f ;i 0 01212515f010000201060a 0 0 0;m 0 4 0 0 6 0 0;s 0 0 01222616f1110103020504 0 0 1;s 0 1 02222616f1110103020504 0 0 1;s 0 2 03222616f1110103020504 0 0 1;s 0 3 04222616f1110103020504 0 0 1;s 0 4 05222616f1110103020504 0 0 1;s 0 5 06222616f1110103020504 0 0 1;s 0 6 07222616f1110103020504 0 0 1;s 0 7 08222616f1110103020504 0 0 1;d 0 01010101010101000101010101010101010101010101010101010101;c 0 0 310100000000;c 0 40 ff0000000000	a88ddb7ec7ded1e0
macroko5	80	v 11 50 4 0 64 18 1 0 - -;n 255 255 255 255 1 7 256 20 255;o 0080808080808080808080808080808080808080808080808080808080808080808080808080808080808080808080808080808080808080808080808080808080808080808080808080808080808080808080808080808080808080808080808080808080808080808080808080808080808080808080808080808080808080;l 0000000000000000000000000000000000000000;f ;i 0 01212515f010000201060a 0 0 0;m 0 8 6 2 3 0 0;s 0 0 01222616f1110103020504 0 0 1;s 0 1 02222616f1110103020504 0 0 1;s 0 2 03222616f1110103020504 0 0 1;s 0 3 04222616f1110103020504 0 0 1;s 0 4 05222616f1110103020504 0 0 1;s 0 5 06222616f1110103020504 0 0 1;s 0 6 07222616f1110103020504 0 0 1;s 0 7 08222616f1110103020504 0 0 1;d 0 01010101010101000101010101010101010101010101010101010101;c 0 0 310100000000;c 0 40 ff0000000000	0196671fdd49f051
macroko6	80	v 11 50 4 0 64 18 1 0 - -;n 255 255 255 255 1 7 256 20 255;o 0080808080808080808080808080808080808080808080808080808080808080808080808080808080808080808080808080808080808080808080808080808080808080808080808080808080808080808080808080808080808080808080808080808080808080808080808080808080808080808080808080808080808080;l 0000000000000000000000000000000000000000;f ;i 0 01212515f010000201060a 0 0 0;m 0 8 0 0 3 0 0;s 0 0 01222616f1110103020504 0 0 1;s 0 1 02222616f1110103020504 0 0 1;s 0 2 03222616f1110103020504 0 0 1;s 0 3 04222616f1110103020504 0 0 1;s 0 4 05222616f1110103020504 0 0 1;s 0 5 06222616f1110103020504 0 0 1;s 0 6 07222616f1110103020504 0 0 1;s 0 7 08222616f1110103020504 0 0 1;d 0 01010101010101000101010101010101010101010101010101010101;c 0 0 310100000000;c 0 40 ff0000000000	0196671fdd49f051
macroko7	80	v 11 50 4 0 64 18 1 0 - -;n 255 255 255 255 1 7 256 20 255;o 0080808080808080808080808080808080808080808080808080808080808080808080808080808080808080808080808080808080808080808080808080808080808080808080808080808080808080808080808080808080808080808080808080808080808080808080808080808080808080808080808080808080808080;l 0000000000000000000000000000000000000000;f ;i 0 01212515f010000201060a 0 0 0;m 0 8 1 2 3 0 0;s 0 0 01222616f1110103020504 0 0 1;s 0 1 02222616f1110103020504 0 0 1;s 0 2 03222616f1110103020504 0 0 1;s 0 3 04222616f1110103020504 0 0 1;s 0 4 05222616f1110103020504 0 0 1;s 0 5 06222616f1110103020504 0 0 1;s 0 6 07222616f1110103020504 0 0 1;s 0 7 08222616f1110103020504 0 0 1;d 0 01010101010101000101010101010101010101010101010101010101;c 0 0 310100000000;c 0 40 ff0000000000	1dbc4086ff060a29
macroko8	80	v 11 50 4 0 64 18 1 0 - -;n 255 255 255 255 1 7 256 20 255;o 0080808080808080808080808080808080808080808080808080808080808080808080808080808080808080808080808080808080808080808080808080808080808080808080808080808080808080808080808080808080808080808080808080808080808080808080808080808080808080808080808080808080808080;l 0000000000000000000000000000000000000000;f ;i 0 01212515f010000201060a 0 0 0;m 0 8 2 1 5 0 0;s 0 0 01222616f1110103020504 0 0 1;s 0 1 02222616f1110103020504 0 0 1;s 0 2 03222616f1110103020504 0 0 1;s 0 3 04222616f1110103020504 0 0 1;s 0 4 05222616f1110103020504 0 0 1;s 0 5 06222616f1110103020504 0 0 1;s 0 6 07222616f1110103020504 0 0 1;s 0 7 08222616f1110103020504 0 0 1;d 0 01010101010101000101010101010101010101010101010101010101;c 0 0 310100000000;c 0 40 ff0000000000	6560f6ca94454a47
macroko9	80	v 11 50 4 0 64 18 1 0 - -;n 255 255 255 255 1 7 256 20 255;o 0080808080808080808080808080808080808080808080808080808080808080808080808080808080808080808080808080808080808080808080808080808080808080808080808080808080808080808080808080808080808080808080808080808080808080808080808080808080808080808080808080808080808080;l 0000000000000000000000000000000000000000;f ;i 0 01212515f010000201060a 0 0 0;m 0 8 6 2 0 0 0;s 0 0 01222616f1110103020504 0 0 1;s 0 1 02222616f1110103020504 0 0 1;s 0 2 03222616f1110103020504 0 0 1;s 0 3 04222616f1110103020504 0 0 1;s 0 4 05222616f1110103020504 0 0 1;s 0 5 06222616f1110103020504 0 0 1;s 0 6 07222616f1110103020504 0 0 1;s 0 7 08222616f1110103020504 0 0 1;d 0 01010101010101000101010101010101010101010101010101010101;c 0 0 310100000000;c 0 40 ff0000000000	47c27f8557fabf91
macroorder	80	v 11 50 3 0 64 18 1 0 - -;n 255 255 255 255 1 7 256 20 255;o 0080808080808080808080808080808080808080808080808080808080808080808080808080808080808080808080808080808080808080808080808080808080808080808080808080808080808080808080808080808080808080808080808080808080808080808080808080808080808080808080808080808080808080;l 0000000000000000000000000000000000000000;f ;i 0 01212515f010000201060a 0 0 0;m 0 5 0 0 4 0 0;s 0 0 02222616f1110103020504 0 0 1;s 0 1 03222616f1110103020504 0 0 0;s 0 2 04222616f1110103020504 0 0 2;s 0 3 05222616f1110103020504 0 0 1;s 0 4 06222616f1110103020504 0 0 1;d 0 01010101010101000101010101010101010101010101010101010101;c 0 0 31010a010000;c 0 1 310101010000;c 0 20 ff0000000000;c 0 21 00000a010000	546291cbe3c60b04
memgap1	80	v 11 50 3 0 64 18 1 0 - -;n 255 255 255 255 1 7 256 20 255;o 0080808080808080808080808080808080808080808080808080808080808080808080808080808080808080808080808080808080808080808080808080808080808080808080808080808080808080808080808080808080808080808080808080808080808080808080808080808080808080808080808080808080808080;l 0000000000000000000000000000000000000000;f ;i 0 01021000f3f40a06000004 0 0 0;i 1 21221105f1f21a16010205 1 5 0;i 2 21221105f1f21a16010205 0 0 0;c 0 0 310100000000;c 0 20 000004440000;c 0 60 000006010000	47ca932d2f94a2fb
memgap2	80	v 11 50 3 0 64 18 1 0 - -;n 255 255 255 255 1 7 256 20 255;o 0080808080808080808080808080808080808080808080808080808080808080808080808080808080808080808080808080808080808080808080808080808080808080808080808080808080808080808080808080808080808080808080808080808080808080808080808080808080808080808080808080808080808080;l 0000000000000000000000000000000000000000;f ;i 0 01021000f3f40a06000004 0 0 0;i 1 21221105f1f21a16010205 1 5 0;i 2 21221105f1f21a16010205 0 0 0;c 0 0 310100000000;c 0 20 000004440000;c 0 40 00000a010000;c 0 60 000006010000	980da20b9b091109
memgap3	80	v 11 50 3 0 64 18 1 0 - -;n 255 255 255 255 1 7 256 20 255;o 0080808080808080808080808080808080808080808080808080808080808080808080808080808080808080808080808080808080808080808080808080808080808080808080808080808080808080808080808080808080808080808080808080808080808080808080808080808080808080808080808080808080808080;l 0000000000000000000000000000000000000000;f ;i 0 01021000f3f40a06000004 0 0 0;i 1 21221105f1f21a16010205 1 5 0;i 2 21221105f1f21a16010205 0 0 0;c 0 0 310100000000;c 0 20 000004440000;c 0 40 00000a010000;c 0 60 000004000000	62f2677c1344b34f
memgap4	80	v 11 50 3 0 64 18 1 0 - -;n 255 255 255 255 1 7 256 20 255;o 0080808080808080808080808080808080808080808080808080808080808080808080808080808080808080808080808080808080808080808080808080808080808080808080808080808080808080808080808080808080808080808080808080808080808080808080808080808080808080808080808080808080808080;l 0000000000000000000000000000000000000000;f ;i 0 01021000f3f40a06000004 0 0 0;i 1 21221105f1f21a16010205 1 5 0;i 2 21221105f1f21a16010205 0 0 0;c 0 0 310100000000;c 0 20 000001040000;c 0 60 00001b010000	898be2b5029dc621
memgap5	80	v 11 50 3 0 64 18 1 0 - -;n 255 255 255 255 1 7 256 20 255;o 0080808080808080808080808080808080808080808080808080808080808080808080808080808080808080808080808080808080808080808080808080808080808080808080808080808080808080808080808080808080808080808080808080808080808080808080808080808080808080808080808080808080808080;l 0000000000000000000000000000000000000000;f ;i 0 01021000f3f40a06000004 0 0 0;i 1 21221105f1f21a16010205 1 5 0;i 2 21221105f1f21a16010205 0 0 0;c 0 0 310100000000;c 0 20 3d0003040000;c 0 60 000005010000	898be2b5029dc621
memgap6	80	v 11 50 3 0 64 18 1 0 - -;n 255 255 255 255 1 7 256 20 255;o 0080808080808080808080808080808080808080808080808080808080808080808080808080808080808080808080808080808080808080808080808080808080808080808080808080808080808080808080808080808080808080808080808080808080808080808080808080808080808080808080808080808080808080;l 0000000000000000000000000000000000000000;f ;i 0 01021000f3f40a06000004 0 0 0;i 1 21221105f1f21a16010205 1 5 0;i 2 21221105f1f21a16010205 0 0 0;c 0 0 310100000000;c 0 20 000016440000;c 0 60 000016000000	25700e1fc9c1f106
memgap7	80	v 11 50 3 0 64 18 1 0 - -;n 255 255 255 255 1 7 256 20 255;o 0080808080808080808080808080808080808080808080808080808080808080808080808080808080808080808080808080808080808080808080808080808080808080808080808080808080808080808080808080808080808080808080808080808080808080808080808080808080808080808080808080808080808080;l 0000000000000000000000000000000000000000;f ;i 0 01021000f3f40a06000004 0 0 0;i 1 21221105f1f21a16010205 1 5 0;i 2 21221105f1f21a16010205 0 0 0;c 0 0 310100000000;c 0 20 000000470000;c 0 60 000018010000	09cb712fcb1f9a45
notecut_macro	80	v 11 50 6 0 64 18 2 0 - -;n 255 255 255 255 1 7 256 20 255;o 0080808080808080808080808080808080808080808080808080808080808080808080808080808080808080808080808080808080808080808080808080808080808080808080808080808080808080808080808080808080808080808080808080808080808080808080808080808080808080808080808080808080808080;l 0000000000000000000000000000000000000000;f ;i 0 01212515f010000201060a 0 0 0;m 0 6 1 4 5 0 0;s 0 0 0000103000000000000000 0 0 2;s 0 1 0000113100000000000000 0 0 2;s 0 2 0000123200000000000000 0 0 2;s 0 3 0000133300000000000000 0 0 2;s 0 4 0000143400000000000000 0 0 2;s 0 5 0000153500000000000000 0 0 2;c 0 0 310100000000;c 0 40 330124320000;c 0 80 350100000000	5f56145b616f356c
oldfx5	80	v 5 50 1 0 64 18 1 0 - -;n 250 0 0 0 1 7 64 18 0;o 0080808080808080808080808080808080808080808080808080808080808080808080808080808080808080808080808080808080808080808080808080808080808080808080808080808080808080808080808080808080808080808080808080808080808080808080808080808080808080808080808080808080808080;l 0000000000000000000000000000000000000000;f ;i 0 01021005f3f40a06000004 0 0 0;c 0 0 0d0100000000;c 0 18 000016210000;c 0 36 000016040000;c 0 54 000016000000;c 0 72 000023c20000;c 0 90 000023d10000;c 0 108 000016120000;c 0 126 0000160f0000;c 0 144 0000160f0000;c 0 162 0000160f0000;c 0 180 0000160f0000;c 0 198 0000160f0000;c 0 216 0000160f0000;c 0 234 0000160f0000;c 0 252 0000160f0000;c 0 270 0000160f0000;c 0 288 0000160f0000;c 0 306 0000160f0000;c 0 324 0000160f0000;c 0 342 0000160f0000;c 0 360 0000160f0000;c 0 378 0000160f0000;c 0 396 0000160f0000;c 0 414 0000160f0000;c 0 432 0000160f0000;c 0 450 0000160f0000;c 0 468 0000160f0000;c 0 486 0000160f0000;c 0 504 0000160f0000;c 0 522 0000160f0000;c 0 540 000016f00000;c 0 558 000016f00000;c 0 576 000016f00000;c 0 594 000016f00000;c 0 612 000016f00000;c 0 630 000016f00000;c 0 648 000016f00000;c 0 666 000016f00000;c 0 684 000016f00000;c 0 702 000016f00000	9cfa5b203b902bad
oldfx	80	v 1 50 3 0 64 9 1 0 - -;n 250 0 0 0 1 15 64 9 0;o 0080808080808080808080808080808080808080808080808080808080808080808080808080808080808080808080808080808080808080808080808080808080808080808080808080808080808080808080808080808080808080808080808080808080808080808080808080808080808080808080808080808080808080;l 0000000000000000000000000000000000000000;f ;i 0 01021005f3f40a06000004 0 0 0;i 1 21221106f1f21a16010205 0 0 0;c 0 0 310100000000;c 0 1 310200000000;c 0 9 000003040000;c 0 10 000004030000;c 0 18 3d0005080000;c 0 19 000009300000;c 0 27 000006020000;c 0 28 000009050000;c 0 36 00000f210000;c 0 37 00000f530000;c 0 45 00000f620000;c 0 46 00000f720000;c 0 54 00000f810000;c 0 55 00000f910000;c 0 63 000009000000;c 0 73 00000ff30000	26dd80a730e19a5e
orderbreak	80	v 11 50 1 0 8 18 1 0 - -;n 255 255 255 255 3 5 256 20 255;o 0001028180808080808080808080808080808080808080808080808080808080808080808080808080808080808080808080808080808080808080808080808080808080808080808080808080808080808080808080808080808080808080808080808080808080808080808080808080808080808080808080808080808080;l 0000000000000000000000000000000000000000;f ;i 0 01021000f3f40a06000004 0 0 0;i 1 21221105f1f21a16010205 1 5 0;i 2 21221105f1f21a16010205 0 0 0;c 0 0 310100000000;c 0 20 320100000000;c 0 40 330100000000;c 0 60 340100000000;c 0 80 350100000000;c 0 100 360100000000;c 0 120 370100000000;c 0 140 380100000000;c 1 0 3d0100000000;c 1 20 3e0100000000;c 1 40 3f0100000000;c 1 60 400100000000;c 1 80 410100000000;c 1 100 420100000000;c 1 101 00000d030000;c 1 120 430100000000;c 1 140 440100000000;c 2 0 490100000000;c 2 20 4a0100000000;c 2 40 4b0100000000;c 2 60 4c0100000000;c 2 80 4d0100000000;c 2 100 4e0100000000;c 2 120 4f0100000000;c 2 140 500100000000	c0e785a7af6bd6bc
orderjump	80	v 11 50 1 0 8 18 1 0 - -;n 255 255 255 255 3 5 256 20 255;o 0001028080808080808080808080808080808080808080808080808080808080808080808080808080808080808080808080808080808080808080808080808080808080808080808080808080808080808080808080808080808080808080808080808080808080808080808080808080808080808080808080808080808080;l 0000000000000000000000000000000000000000;f ;i 0 01021000f3f40a06000004 0 0 0;i 1 21221105f1f21a16010205 1 5 0;i 2 21221105f1f21a16010205 0 0 0;c 0 0 310100000000;c 0 20 320100000000;c 0 40 330100000000;c 0 41 00000b020000;c 0 60 340100000000;c 0 80 350100000000;c 0 100 360100000000;c 0 120 370100000000;c 0 140 380100000000;c 1 0 3d0100000000;c 1 20 3e0100000000;c 1 40 3f0100000000;c 1 60 400100000000;c 1 80 410100000000;c 1 100 420100000000;c 1 120 430100000000;c 1 140 440100000000;c 2 0 490100000000;c 2 20 4a0100000000;c 2 40 4b0100000000;c 2 60 4c0100000000;c 2 80 4d0100000000;c 2 100 4e0100000000;c 2 120 4f0100000000;c 2 140 500100000000	2f387b6241569511
peak0x00	80	v 11 50 3 0 64 18 1 0 - -;n 255 255 255 255 1 7 256 20 255;o 0080808080808080808080808080808080808080808080808080808080808080808080808080808080808080808080808080808080808080808080808080808080808080808080808080808080808080808080808080808080808080808080808080808080808080808080808080808080808080808080808080808080808080;l 2000000000000000000000000000000000000000;f ;i 0 01021810f3f40a06000005 0 0 0;c 0 0 310100000000;c 0 1 310100000000;c 0 20 00000a400000;c 0 21 00000a400000;c 0 40 00000c3f0000;c 0 41 00000c3f0000;c 0 60 0000093f0000;c 0 61 0000093f0000;c 0 80 0000283f0000;c 0 81 0000283f0000;c 0 100 0000164f0000;c 0 101 0000164f0000	2274e4f21d89e80d
peak0x04	80	v 11 50 3 4 64 18 1 0 - -;n 255 255 255 255 1 7 256 20 255;o 0080808080808080808080808080808080808080808080808080808080808080808080808080808080808080808080808080808080808080808080808080808080808080808080808080808080808080808080808080808080808080808080808080808080808080808080808080808080808080808080808080808080808080;l 2000000000000000000000000000000000000000;f ;i 0 01021810f3f40a06000005 0 0 0;c 0 0 310100000000;c 0 1 310100000000;c 0 20 00000a400000;c 0 21 00000a400000;c 0 40 00000c3f0000;c 0 41 00000c3f0000;c 0 60 0000093f0000;c 0 61 0000093f0000;c 0 80 0000283f0000;c 0 81 0000283f0000;c 0 100 0000164f0000;c 0 101 0000164f0000	f90423bcf6d9cec8
perc1	80	v 11 50 2 64 64 20 1 0 - -;n 255 255 255 255 1 7 256 20 255;o 0080808080808080808080808080808080808080808080808080808080808080808080808080808080808080808080808080808080808080808080808080808080808080808080808080808080808080808080808080808080808080808080808080808080808080808080808080808080808080808080808080808080808080;l 0000000000000000000000000000000000000000;f ;i 0 11125394f5f6171801020a 0 0 1;i 1 11125394f5f6171801020a 0 0 2;i 2 11125394f5f6171801020a 0 0 3;i 3 11125394f5f6171801020a 0 0 4;i 4 11125394f5f6171801020a 0 0 5;i 5 11125394f5f6171801020a 0 0 0;c 0 15 310100000000;c 0 36 320200000000;c 0 57 330300000000;c 0 78 340400000000;c 0 99 350500000000;c 0 115 ff0000000000;c 0 136 ff0000000000;c 0 155 310600000000;c 0 166 310600000000;c 0 195 00000c100000;c 0 216 00000c100000;c 0 239 370000000000	525b99831e94095d
percmap	80	v 11 50 2 64 64 20 1 0 - -;n 255 255 255 255 1 7 256 20 255;o 0080808080808080808080808080808080808080808080808080808080808080808080808080808080808080808080808080808080808080808080808080808080808080808080808080808080808080808080808080808080808080808080808080808080808080808080808080808080808080808080808080808080808080;l 0000000000000000000000000000000000000000;f ;i 0 11125394f5f6171801020a 0 0 2;i 1 11125394f5f6171801020a 0 0 0;i 2 11125394f5f6171801020a 0 0 4;c 0 16 320200000000;c 0 20 320100000000;c 0 57 320300000000;c 0 77 320100000000	d3a5f3fa9b75c347
percvol1	80	v 11 50 2 64 64 20 1 0 - -;n 255 255 255 255 1 7 256 20 255;o 0080808080808080808080808080808080808080808080808080808080808080808080808080808080808080808080808080808080808080808080808080808080808080808080808080808080808080808080808080808080808080808080808080808080808080808080808080808080808080808080808080808080808080;l 0000000000000000000000000000000000000000;f ;i 0 11125394f5f6171801020a 0 0 2;i 1 11125394f5f6171801020b 0 0 2;c 0 16 320100000000;c 0 36 000009100000;c 0 56 000012200000;c 0 76 00000c300000;c 0 96 00000a020000;c 0 116 000016440000;c 0 136 000025200000;c 0 156 000013210000;c 0 176 000023a30000;c 0 196 000028200000	99f03ec3e85bbe70
percvol2	80	v 11 50 2 64 64 20 1 0 - -;n 255 255 255 255 1 7 256 20 255;o 0080808080808080808080808080808080808080808080808080808080808080808080808080808080808080808080808080808080808080808080808080808080808080808080808080808080808080808080808080808080808080808080808080808080808080808080808080808080808080808080808080808080808080;l 0000000000000000000000000000000000000000;f ;i 0 11125394f5f6171801020a 0 0 2;i 1 11125394f5f6171801020b 0 0 2;c 0 16 320200000000;c 0 36 000009100000;c 0 56 000012200000;c 0 76 00000c300000;c 0 96 00000a020000;c 0 116 000016440000;c 0 136 000025200000;c 0 156 000013210000;c 0 176 000023a30000;c 0 196 000028200000	0651cf42b6730e8c
porta03_oneshot	80	v 11 50 4 0 64 18 1 0 - -;n 255 255 255 255 1 7 256 20 255;o 0080808080808080808080808080808080808080808080808080808080808080808080808080808080808080808080808080808080808080808080808080808080808080808080808080808080808080808080808080808080808080808080808080808080808080808080808080808080808080808080808080808080808080;l 0000000000000000000000000000000000000000;f ;i 0 01021005f3f40a06000004 0 3 0;c 0 0 310100000000;c 0 20 370003010000;c 0 40 000009200000;c 0 60 000003010000;c 0 80 3d0003020000;c 0 120 000003000000;c 0 140 000003000000	5df291e341af7498
porta05_target	80	v 11 50 4 0 64 18 1 0 - -;n 255 255 255 255 1 7 256 20 255;o 0080808080808080808080808080808080808080808080808080808080808080808080808080808080808080808080808080808080808080808080808080808080808080808080808080808080808080808080808080808080808080808080808080808080808080808080808080808080808080808080808080808080808080;l 0000000000000000000000000000000000000000;f ;i 0 01021005f3f40a06000004 0 0 0;c 0 0 310100000000;c 0 20 370003080000;c 0 40 000003000000;c 0 60 2d0005010000;c 0 80 000005010000;c 0 100 280010010000;c 0 120 000010010000;c 0 140 3d0000000310;c 0 160 320005010000	af90f27131359774
portaarm	80	v 11 50 3 0 64 18 1 0 - -;n 255 255 255 255 1 7 256 20 255;o 0080808080808080808080808080808080808080808080808080808080808080808080808080808080808080808080808080808080808080808080808080808080808080808080808080808080808080808080808080808080808080808080808080808080808080808080808080808080808080808080808080808080808080;l 0000000000000000000000000000000000000000;f ;i 0 01021000f3f40a06000004 0 0 0;c 0 0 310100000000;c 0 20 370003020000;c 0 60 00000c200000;c 0 80 000003010000;c 0 100 00000a000000;c 0 120 000003010000;c 0 140 000005010000;c 0 160 000003010000;c 0 180 3d0003010a01;c 0 200 000003030000;c 0 220 000000000303;c 0 240 340000000000;c 0 260 000003030000	dfe59484c65bfe01
portaclear	80	v 11 50 3 0 64 18 1 0 - -;n 255 255 255 255 1 7 256 20 255;o 0080808080808080808080808080808080808080808080808080808080808080808080808080808080808080808080808080808080808080808080808080808080808080808080808080808080808080808080808080808080808080808080808080808080808080808080808080808080808080808080808080808080808080;l 0000000000000000000000000000000000000000;f ;i 0 01021000f3f40a06000004 0 0 0;i 1 21221105f1f21a16010205 0 0 0;c 0 0 310100000000;c 0 20 3d0003100000;c 0 40 000003000000;c 0 60 340000000000;c 0 80 000003100000;c 0 100 000203100000;c 0 121 310100000000;c 0 141 3d0003080000;c 0 161 000200000000;c 0 181 000003080000;c 0 201 000103080000	a859cbc69ee2d223
portanotarget0x03-0x00	80	v 11 50 4 0 64 18 1 0 - -;n 255 255 255 255 1 7 256 20 255;o 0080808080808080808080808080808080808080808080808080808080808080808080808080808080808080808080808080808080808080808080808080808080808080808080808080808080808080808080808080808080808080808080808080808080808080808080808080808080808080808080808080808080808080;l 0000000000000000000000000000000000000000;f ;i 0 01212515f010000201060a 0 0 0;m 0 0 0 0 0 0 1;b 0 8 1 0 1 8 0 000103070f1f3f0000000000000000000000000000000000000000000000000000000000000000000000000000000000000000000000000000000000000000000000000000000000000000000000000000000000000000000000000000000000000000000000000000000000000000000000000000000000000000000000000000000000000000000000000000000000000000000000000000000000000000000000000000000000000000000000000000000000000000000000000000000000000000000000000000000000000000000000000000000000000000000000000000000000000000000000000000000000000000000000000000000000000000;c 0 0 310100000000;c 0 40 000003000000	f41f1626bd489a9b
portanotarget0x03-0x01	80	v 11 50 4 0 64 18 1 0 - -;n 255 255 255 255 1 7 256 20 255;o 0080808080808080808080808080808080808080808080808080808080808080808080808080808080808080808080808080808080808080808080808080808080808080808080808080808080808080808080808080808080808080808080808080808080808080808080808080808080808080808080808080808080808080;l 0000000000000000000000000000000000000000;f ;i 0 01212515f010000201060a 0 0 0;m 0 0 0 0 0 0 1;b 0 8 1 0 1 8 0 000103070f1f3f0000000000000000000000000000000000000000000000000000000000000000000000000000000000000000000000000000000000000000000000000000000000000000000000000000000000000000000000000000000000000000000000000000000000000000000000000000000000000000000000000000000000000000000000000000000000000000000000000000000000000000000000000000000000000000000000000000000000000000000000000000000000000000000000000000000000000000000000000000000000000000000000000000000000000000000000000000000000000000000000000000000000000000;c 0 0 310100000000;c 0 40 000003010000	f41f1626bd489a9b
portaoff1	80	v 11 50 2 0 64 18 1 0 - -;n 255 255 255 255 1 7 256 20 255;o 0080808080808080808080808080808080808080808080808080808080808080808080808080808080808080808080808080808080808080808080808080808080808080808080808080808080808080808080808080808080808080808080808080808080808080808080808080808080808080808080808080808080808080;l 0000000000000000000000000000000000000000;f ;i 0 01021000f3f40a06000004 0 0 0;i 1 21221105f1f21a16010205 1 5 0;i 2 21221105f1f21a16010205 0 0 0;c 0 0 310100000000;c 0 20 ff0000000000;c 0 40 330003020000	e29e1190df10904e
portaoff2	80	v 11 50 2 0 64 18 1 0 - -;n 255 255 255 255 1 7 256 20 255;o 0080808080808080808080808080808080808080808080808080808080808080808080808080808080808080808080808080808080808080808080808080808080808080808080808080808080808080808080808080808080808080808080808080808080808080808080808080808080808080808080808080808080808080;l 0000000000000000000000000000000000000000;f ;i 0 01021000f3f40a06000004 0 0 0;i 1 21221105f1f21a16010205 1 5 0;i 2 21221105f1f21a16010205 0 0 0;c 0 0 310100000000;c 0 20 ff0000000000;c 0 40 330003020000;c 0 60 ff0000000000;c 0 80 350003020000	7858a8821e96127e
portaoff3	80	v 11 50 2 0 64 18 1 0 - -;n 255 255 255 255 1 7 256 20 255;o 0080808080808080808080808080808080808080808080808080808080808080808080808080808080808080808080808080808080808080808080808080808080808080808080808080808080808080808080808080808080808080808080808080808080808080808080808080808080808080808080808080808080808080;l 0000000000000000000000000000000000000000;f ;i 0 01021000f3f40a06000004 0 0 0;i 1 21221105f1f21a16010205 1 5 0;i 2 21221105f1f21a16010205 0 0 0;c 0 0 000100000000;c 0 20 330003020000;c 0 40 350003020000;c 0 60 ff0000000000;c 0 80 370003020000	bdde8978e863933e
portaoff4	80	v 11 50 2 0 64 18 1 0 - -;n 255 255 255 255 1 7 256 20 255;o 0080808080808080808080808080808080808080808080808080808080808080808080808080808080808080808080808080808080808080808080808080808080808080808080808080808080808080808080808080808080808080808080808080808080808080808080808080808080808080808080808080808080808080;l 0000000000000000000000000000000000000000;f ;i 0 01021000f3f40a06000004 0 0 0;i 1 21221105f1f21a16010205 1 5 0;i 2 21221105f1f21a16010205 0 0 0;c 0 0 310100000000;c 0 20 000023f00000;c 0 40 330003020000	b59c319efc747ecb
portaoff5	80	v 11 50 2 0 64 18 1 0 - -;n 255 255 255 255 1 7 256 20 255;o 0080808080808080808080808080808080808080808080808080808080808080808080808080808080808080808080808080808080808080808080808080808080808080808080808080808080808080808080808080808080808080808080808080808080808080808080808080808080808080808080808080808080808080;l 0000000000000000000000000000000000000000;f ;i 0 01021000f3f40a06000004 0 0 0;i 1 21221105f1f21a16010205 1 5 0;i 2 21221105f1f21a16010205 0 0 0;c 0 0 310100000000;c 0 20 000023f00000;c 0 40 330103020000	b25c42c9482cabc1
portaoff6	80	v 11 50 2 0 64 18 1 0 - -;n 255 255 255 255 1 7 256 20 255;o 0080808080808080808080808080808080808080808080808080808080808080808080808080808080808080808080808080808080808080808080808080808080808080808080808080808080808080808080808080808080808080808080808080808080808080808080808080808080808080808080808080808080808080;l 0000000000000000000000000000000000000000;f ;i 0 01021000f3f40a06000004 0 0 0;i 1 21221105f1f21a16010205 1 5 0;i 2 21221105f1f21a16010205 0 0 0;c 0 0 310100000000;c 0 20 330003020000;c 0 40 000023f00000;c 0 60 350103020000	2f2d90edcbb34269
portaoff7	80	v 11 50 2 0 64 18 1 0 - -;n 255 255 255 255 1 7 256 20 255;o 0080808080808080808080808080808080808080808080808080808080808080808080808080808080808080808080808080808080808080808080808080808080808080808080808080808080808080808080808080808080808080808080808080808080808080808080808080808080808080808080808080808080808080;l 0000000000000000000000000000000000000000;f ;i 0 01021000f3f40a06000004 0 0 0;i 1 21221105f1f21a16010205 1 5 0;i 2 21221105f1f21a16010205 0 0 0;c 0 0 310103100000;c 0 20 ff0000000000;c 0 40 330003100000;c 0 61 000100000000;c 0 81 350000000310;c 0 100 000023f00000;c 0 120 370103100000	ea36670f9eab52e6
porta	80	v 11 50 3 0 64 18 1 0 - -;n 255 255 255 255 1 7 256 20 255;o 0080808080808080808080808080808080808080808080808080808080808080808080808080808080808080808080808080808080808080808080808080808080808080808080808080808080808080808080808080808080808080808080808080808080808080808080808080808080808080808080808080808080808080;l 0000000000000000000000000000000000000000;f ;i 0 01021000f3f40a06000004 0 0 0;i 1 21221105f1f21a16010205 1 5 0;i 2 21221105f1f21a16010205 0 0 0;c 0 0 310100000000;c 0 20 3d0003200000;c 0 40 000003000000;c 0 60 000003000000;c 0 80 000003000000;c 0 100 000003000000;c 0 120 000003000000;c 0 140 250003400000;c 0 160 000003000000;c 0 180 000003000000;c 0 200 000003000000	c7248d05a7f888a1
portareach	80	v 11 50 3 0 64 18 1 0 - -;n 255 255 255 255 1 7 256 20 255;o 0080808080808080808080808080808080808080808080808080808080808080808080808080808080808080808080808080808080808080808080808080808080808080808080808080808080808080808080808080808080808080808080808080808080808080808080808080808080808080808080808080808080808080;l 0000000000000000000000000000000000000000;f ;i 0 01021000f3f40a06000004 0 0 0;c 0 0 310100000000;c 0 20 320003200000;c 0 40 000003000000;c 0 60 340000000000;c 0 80 000003100000;c 0 101 310100000000;c 0 121 320003200000;c 0 141 000003000000;c 0 161 000003100000	2d81f2f6cb4a8b0d
portaspeed	80	v 11 50 3 0 64 18 1 0 - -;n 255 255 255 255 1 7 256 20 255;o 0080808080808080808080808080808080808080808080808080808080808080808080808080808080808080808080808080808080808080808080808080808080808080808080808080808080808080808080808080808080808080808080808080808080808080808080808080808080808080808080808080808080808080;l 0000000000000000000000000000000000000000;f ;i 0 01021000f3f40a06000004 0 0 0;c 0 0 310100000000;c 0 20 370003020000;c 0 60 00000a010000;c 0 100 000003050000;c 0 120 000005000000;c 0 140 3d0003000000;c 0 180 000003040000;c 0 200 000005000000	6ec047f616d49775
portavib	80	v 11 50 3 0 64 18 1 0 - -;n 255 255 255 255 1 7 256 20 255;o 0080808080808080808080808080808080808080808080808080808080808080808080808080808080808080808080808080808080808080808080808080808080808080808080808080808080808080808080808080808080808080808080808080808080808080808080808080808080808080808080808080808080808080;l 0000000000000000000000000000000000000000;f ;i 0 01021000f3f40a06000004 0 0 0;i 1 21221105f1f21a16010205 0 0 0;c 0 0 310100000000;c 0 20 370003020000;c 0 40 300003000000;c 0 60 000004000000;c 0 80 000004000000;c 0 100 3d0004000000;c 0 120 000203030000;c 0 140 000003030000	9b6ed10f18b8836c
retrig0x15-0x00	80	v 11 50 6 0 64 18 1 0 - -;n 255 255 255 255 1 7 256 20 255;o 0080808080808080808080808080808080808080808080808080808080808080808080808080808080808080808080808080808080808080808080808080808080808080808080808080808080808080808080808080808080808080808080808080808080808080808080808080808080808080808080808080808080808080;l 0000000000000000000000000000000000000000;f ;i 0 01021000f3f40a06000004 0 0 0;i 1 21221105f1f21a16010205 1 5 0;i 2 21221105f1f21a16010205 0 0 0;c 0 0 31010c300000;c 0 1 31030c200000;c 0 20 000015000000;c 0 21 000015000000;c 0 40 000015000000;c 0 41 000015000000	86d1fc22e4fc1365
retrig0x15-0x01	80	v 11 50 6 0 64 18 1 0 - -;n 255 255 255 255 1 7 256 20 255;o 0080808080808080808080808080808080808080808080808080808080808080808080808080808080808080808080808080808080808080808080808080808080808080808080808080808080808080808080808080808080808080808080808080808080808080808080808080808080808080808080808080808080808080;l 0000000000000000000000000000000000000000;f ;i 0 01021000f3f40a06000004 0 0 0;i 1 21221105f1f21a16010205 1 5 0;i 2 21221105f1f21a16010205 0 0 0;c 0 0 31010c300000;c 0 1 31030c200000;c 0 20 000015010000;c 0 21 000015010000;c 0 40 000015010000;c 0 41 000015010000	86d1fc22e4fc1365
retrig0x15-0x02	80	v 11 50 6 0 64 18 1 0 - -;n 255 255 255 255 1 7 256 20 255;o 0080808080808080808080808080808080808080808080808080808080808080808080808080808080808080808080808080808080808080808080808080808080808080808080808080808080808080808080808080808080808080808080808080808080808080808080808080808080808080808080808080808080808080;l 0000000000000000000000000000000000000000;f ;i 0 01021000f3f40a06000004 0 0 0;i 1 21221105f1f21a16010205 1 5 0;i 2 21221105f1f21a16010205 0 0 0;c 0 0 31010c300000;c 0 1 31030c200000;c 0 20 000015020000;c 0 21 000015020000;c 0 40 000015020000;c 0 41 000015020000	86d1fc22e4fc1365
retrig0x15-0x03	80	v 11 50 6 0 64 18 1 0 - -;n 255 255 255 255 1 7 256 20 255;o 0080808080808080808080808080808080808080808080808080808080808080808080808080808080808080808080808080808080808080808080808080808080808080808080808080808080808080808080808080808080808080808080808080808080808080808080808080808080808080808080808080808080808080;l 0000000000000000000000000000000000000000;f ;i 0 01021000f3f40a06000004 0 0 0;i 1 21221105f1f21a16010205 1 5 0;i 2 21221105f1f21a16010205 0 0 0;c 0 0 31010c300000;c 0 1 31030c200000;c 0 20 000015030000;c 0 21 000015030000;c 0 40 000015030000;c 0 41 000015030000	86d1fc22e4fc1365
retrig0x17-0x00	80	v 11 50 6 0 64 18 1 0 - -;n 255 255 255 255 1 7 256 20 255;o 0080808080808080808080808080808080808080808080808080808080808080808080808080808080808080808080808080808080808080808080808080808080808080808080808080808080808080808080808080808080808080808080808080808080808080808080808080808080808080808080808080808080808080;l 0000000000000000000000000000000000000000;f ;i 0 01021000f3f40a06000004 0 0 0;i 1 21221105f1f21a16010205 1 5 0;i 2 21221105f1f21a16010205 0 0 0;c 0 0 31010c300000;c 0 1 31030c200000;c 0 20 000017000000;c 0 21 000017000000;c 0 40 000017000000;c 0 41 000017000000	86d1fc22e4fc1365
retrig0x17-0x13	80	v 11 50 6 0 64 18 1 0 - -;n 255 255 255 255 1 7 256 20 255;o 0080808080808080808080808080808080808080808080808080808080808080808080808080808080808080808080808080808080808080808080808080808080808080808080808080808080808080808080808080808080808080808080808080808080808080808080808080808080808080808080808080808080808080;l 0000000000000000000000000000000000000000;f ;i 0 01021000f3f40a06000004 0 0 0;i 1 21221105f1f21a16010205 1 5 0;i 2 21221105f1f21a16010205 0 0 0;c 0 0 31010c300000;c 0 1 31030c200000;c 0 20 000017130000;c 0 21 000017130000;c 0 40 000017130000;c 0 41 000017130000	18f34016f85585bf
retrig0x17-0x21	80	v 11 50 6 0 64 18 1 0 - -;n 255 255 255 255 1 7 256 20 255;o 0080808080808080808080808080808080808080808080808080808080808080808080808080808080808080808080808080808080808080808080808080808080808080808080808080808080808080808080808080808080808080808080808080808080808080808080808080808080808080808080808080808080808080;l 0000000000000000000000000000000000000000;f ;i 0 01021000f3f40a06000004 0 0 0;i 1 21221105f1f21a16010205 1 5 0;i 2 21221105f1f21a16010205 0 0 0;c 0 0 31010c300000;c 0 1 31030c200000;c 0 20 000017210000;c 0 21 000017210000;c 0 40 000017210000;c 0 41 000017210000	674f80395ae52e1d
retrig0x1a-0x03	80	v 11 50 6 0 64 18 1 0 - -;n 255 255 255 255 1 7 256 20 255;o 0080808080808080808080808080808080808080808080808080808080808080808080808080808080808080808080808080808080808080808080808080808080808080808080808080808080808080808080808080808080808080808080808080808080808080808080808080808080808080808080808080808080808080;l 0000000000000000000000000000000000000000;f ;i 0 01021000f3f40a06000004 0 0 0;i 1 21221105f1f21a16010205 1 5 0;i 2 21221105f1f21a16010205 0 0 0;c 0 0 31010c300000;c 0 1 31030c200000;c 0 20 00001a030000;c 0 21 00001a030000;c 0 40 00001a030000;c 0 41 00001a030000	86d1fc22e4fc1365
retrig0x1a-0x13	80	v 11 50 6 0 64 18 1 0 - -;n 255 255 255 255 1 7 256 20 255;o 0080808080808080808080808080808080808080808080808080808080808080808080808080808080808080808080808080808080808080808080808080808080808080808080808080808080808080808080808080808080808080808080808080808080808080808080808080808080808080808080808080808080808080;l 0000000000000000000000000000000000000000;f ;i 0 01021000f3f40a06000004 0 0 0;i 1 21221105f1f21a16010205 1 5 0;i 2 21221105f1f21a16010205 0 0 0;c 0 0 31010c300000;c 0 1 31030c200000;c 0 20 00001a130000;c 0 21 00001a130000;c 0 40 00001a130000;c 0 41 00001a130000	a41d47bd1df61d73
retrig0x1a-0x16	80	v 11 50 6 0 64 18 1 0 - -;n 255 255 255 255 1 7 256 20 255;o 0080808080808080808080808080808080808080808080808080808080808080808080808080808080808080808080808080808080808080808080808080808080808080808080808080808080808080808080808080808080808080808080808080808080808080808080808080808080808080808080808080808080808080;l 0000000000000000000000000000000000000000;f ;i 0 01021000f3f40a06000004 0 0 0;i 1 21221105f1f21a16010205 1 5 0;i 2 21221105f1f21a16010205 0 0 0;c 0 0 31010c300000;c 0 1 31030c200000;c 0 20 00001a160000;c 0 21 00001a160000;c 0 40 00001a160000;c 0 41 00001a160000	56b93f6e27663697
retrig0x1a-0x19	80	v 11 50 6 0 64 18 1 0 - -;n 255 255 255 255 1 7 256 20 255;o 0080808080808080808080808080808080808080808080808080808080808080808080808080808080808080808080808080808080808080808080808080808080808080808080808080808080808080808080808080808080808080808080808080808080808080808080808080808080808080808080808080808080808080;l 0000000000000000000000000000000000000000;f ;i 0 01021000f3f40a06000004 0 0 0;i 1 21221105f1f21a16010205 1 5 0;i 2 21221105f1f21a16010205 0 0 0;c 0 0 31010c300000;c 0 1 31030c200000;c 0 20 00001a190000;c 0 21 00001a190000;c 0 40 00001a190000;c 0 41 00001a190000	bc09bb20b0fd516c
retrig0x1a-0x1f	80	v 11 50 6 0 64 18 1 0 - -;n 255 255 255 255 1 7 256 20 255;o 0080808080808080808080808080808080808080808080808080808080808080808080808080808080808080808080808080808080808080808080808080808080808080808080808080808080808080808080808080808080808080808080808080808080808080808080808080808080808080808080808080808080808080;l 0000000000000000000000000000000000000000;f ;i 0 01021000f3f40a06000004 0 0 0;i 1 21221105f1f21a16010205 1 5 0;i 2 21221105f1f21a16010205 0 0 0;c 0 0 31010c300000;c 0 1 31030c200000;c 0 20 00001a1f0000;c 0 21 00001a1f0000;c 0 40 00001a1f0000;c 0 41 00001a1f0000	d064688deff7a283
retrig0x1a-0x23	80	v 11 50 6 0 64 18 1 0 - -;n 255 255 255 255 1 7 256 20 255;o 0080808080808080808080808080808080808080808080808080808080808080808080808080808080808080808080808080808080808080808080808080808080808080808080808080808080808080808080808080808080808080808080808080808080808080808080808080808080808080808080808080808080808080;l 0000000000000000000000000000000000000000;f ;i 0 01021000f3f40a06000004 0 0 0;i 1 21221105f1f21a16010205 1 5 0;i 2 21221105f1f21a16010205 0 0 0;c 0 0 31010c300000;c 0 1 31030c200000;c 0 20 00001a230000;c 0 21 00001a230000;c 0 40 00001a230000;c 0 41 00001a230000	e09638a9bcc523b1
retrig0x1a-0x83	80	v 11 50 6 0 64 18 1 0 - -;n 255 255 255 255 1 7 256 20 255;o 0080808080808080808080808080808080808080808080808080808080808080808080808080808080808080808080808080808080808080808080808080808080808080808080808080808080808080808080808080808080808080808080808080808080808080808080808080808080808080808080808080808080808080;l 0000000000000000000000000000000000000000;f ;i 0 01021000f3f40a06000004 0 0 0;i 1 21221105f1f21a16010205 1 5 0;i 2 21221105f1f21a16010205 0 0 0;c 0 0 31010c300000;c 0 1 31030c200000;c 0 20 00001a830000;c 0 21 00001a830000;c 0 40 00001a830000;c 0 41 00001a830000	a0a1c6dede812fea
retriggap1	80	v 11 50 3 0 64 18 1 0 - -;n 255 255 255 255 1 7 256 20 255;o 0080808080808080808080808080808080808080808080808080808080808080808080808080808080808080808080808080808080808080808080808080808080808080808080808080808080808080808080808080808080808080808080808080808080808080808080808080808080808080808080808080808080808080;l 0000000000000000000000000000000000000000;f ;i 0 01021000f3f40a06000004 0 0 0;i 1 21221105f1f21a16010205 1 5 0;i 2 21221105f1f21a16010205 0 0 0;c 0 0 310115030000;c 0 40 000015030000;c 0 60 000015030000;c 0 80 000017210000;c 0 120 000017210000	b78c379998fc859e
retriggap2	80	v 11 50 3 0 64 18 1 0 - -;n 255 255 255 255 1 7 256 20 255;o 0080808080808080808080808080808080808080808080808080808080808080808080808080808080808080808080808080808080808080808080808080808080808080808080808080808080808080808080808080808080808080808080808080808080808080808080808080808080808080808080808080808080808080;l 0000000000000000000000000000000000000000;f ;i 0 01021000f3f40a06000004 0 0 0;i 1 21221105f1f21a16010205 1 5 0;i 2 21221105f1f21a16010205 0 0 0;c 0 0 310115030000;c 0 20 00000a010000;c 0 40 000015030000;c 0 60 000015030000;c 0 80 000017210000;c 0 120 000017210000	db1e5d788c83c791
retriggap3	80	v 11 50 3 0 64 18 1 0 - -;n 255 255 255 255 1 7 256 20 255;o 0080808080808080808080808080808080808080808080808080808080808080808080808080808080808080808080808080808080808080808080808080808080808080808080808080808080808080808080808080808080808080808080808080808080808080808080808080808080808080808080808080808080808080;l 0000000000000000000000000000000000000000;f ;i 0 01021000f3f40a06000004 0 0 0;i 1 21221105f1f21a16010205 1 5 0;i 2 21221105f1f21a16010205 0 0 0;c 0 0 310115030000;c 0 20 000015000000;c 0 40 000015030000;c 0 60 000015030000;c 0 80 000017210000;c 0 120 000017210000	b78c379998fc859e
retriggap4	80	v 11 50 3 0 64 18 1 0 - -;n 255 255 255 255 1 7 256 20 255;o 0080808080808080808080808080808080808080808080808080808080808080808080808080808080808080808080808080808080808080808080808080808080808080808080808080808080808080808080808080808080808080808080808080808080808080808080808080808080808080808080808080808080808080;l 0000000000000000000000000000000000000000;f ;i 0 01021000f3f40a06000004 0 0 0;i 1 21221105f1f21a16010205 1 5 0;i 2 21221105f1f21a16010205 0 0 0;c 0 0 310115030000;c 0 20 330000000000;c 0 40 000015030000;c 0 60 000015030000;c 0 80 000017210000;c 0 120 000017210000	1ac8eecefc90cc9e
retrig_macro	80	v 11 50 6 0 64 18 1 0 - -;n 255 255 255 255 1 7 256 20 255;o 0080808080808080808080808080808080808080808080808080808080808080808080808080808080808080808080808080808080808080808080808080808080808080808080808080808080808080808080808080808080808080808080808080808080808080808080808080808080808080808080808080808080808080;l 0000000000000000000000000000000000000000;f ;i 0 01212515f010000201060a 0 0 0;m 0 2 1 2 0 1 0;s 0 0 0000003b00000000000000 11 0 2;s 0 1 0000003f00000000000000 -11 0 2;a 0 5 1 0 0 0 0003070c0500000000000000000000000000000000000000000000000000000000000000000000000000000000000000000000000000000000000000000000000000000000000000000000000000000000000000000000000000000000000000000000000000000000000000000000000000000000000000000000000000000000000000000000000000000000000000000000000000000000000000000000000000000000000000000000000000000000000000000000000000000000000000000000000000000000000000000000000000000000000000000000000000000000000000000000000000000000000000000000000000000000000000000000;c 0 0 31011a230000;c 0 20 00001a230000;c 0 40 000015030000;c 0 60 0000150223ff;c 0 80 350015010000	c2dc39925e242dff
retrig_oneshot	80	v 11 50 5 0 64 18 1 0 - -;n 255 255 255 255 1 7 256 20 255;o 0080808080808080808080808080808080808080808080808080808080808080808080808080808080808080808080808080808080808080808080808080808080808080808080808080808080808080808080808080808080808080808080808080808080808080808080808080808080808080808080808080808080808080;l 0000000000000000000000000000000000000000;f ;i 0 01021005f3f40a06000004 0 0 0;c 0 0 31011a200000;c 0 20 00001a200000;c 0 40 00000c300000;c 0 60 00001a200000;c 0 80 33001a200000;c 0 120 00000c000000;c 0 140 00001a200000;c 0 160 ff001a100000;c 0 180 00001a100000	72c9f0015d127eb8
retrigrun1	80	v 11 50 3 0 64 18 1 0 - -;n 255 255 255 255 1 7 256 20 255;o 0080808080808080808080808080808080808080808080808080808080808080808080808080808080808080808080808080808080808080808080808080808080808080808080808080808080808080808080808080808080808080808080808080808080808080808080808080808080808080808080808080808080808080;l 0000000000000000000000000000000000000000;f ;i 0 01021000f3f40a06000004 0 0 0;i 1 21221105f1f21a16010205 1 5 0;i 2 21221105f1f21a16010205 0 0 0;c 0 0 310100001503;c 0 20 000000001503;c 0 40 330000001503;c 0 60 000000001503	081474d877ae5f50
retrigrun2	80	v 11 50 3 0 64 18 1 0 - -;n 255 255 255 255 1 7 256 20 255;o 0080808080808080808080808080808080808080808080808080808080808080808080808080808080808080808080808080808080808080808080808080808080808080808080808080808080808080808080808080808080808080808080808080808080808080808080808080808080808080808080808080808080808080;l 0000000000000000000000000000000000000000;f ;i 0 01021000f3f40a06000004 0 0 0;i 1 21221105f1f21a16010205 1 5 0;i 2 21221105f1f21a16010205 0 0 0;c 0 0 310100001503;c 0 20 000000001503;c 0 40 00000a011503;c 0 60 000000001503	8b2f36997351345d
retrigrun3	80	v 11 50 3 0 64 18 1 0 - -;n 255 255 255 255 1 7 256 20 255;o 0080808080808080808080808080808080808080808080808080808080808080808080808080808080808080808080808080808080808080808080808080808080808080808080808080808080808080808080808080808080808080808080808080808080808080808080808080808080808080808080808080808080808080;l 0000000000000000000000000000000000000000;f ;i 0 01021000f3f40a06000004 0 0 0;i 1 21221105f1f21a16010205 1 5 0;i 2 21221105f1f21a16010205 0 0 0;c 0 0 310100001503;c 0 20 000000001503;c 0 40 330003011503;c 0 60 000000001503	081474d877ae5f50
retrigrun4	80	v 11 50 3 0 64 18 1 0 - -;n 255 255 255 255 1 7 256 20 255;o 0080808080808080808080808080808080808080808080808080808080808080808080808080808080808080808080808080808080808080808080808080808080808080808080808080808080808080808080808080808080808080808080808080808080808080808080808080808080808080808080808080808080808080;l 0000000000000000000000000000000000000000;f ;i 0 01021000f3f40a06000004 0 0 0;i 1 21221105f1f21a16010205 1 5 0;i 2 21221105f1f21a16010205 0 0 0;c 0 0 310100001503;c 0 20 000000001503;c 0 40 000003011503;c 0 60 000000001503	5350259044fedeba
retrigrun5	80	v 11 50 3 0 64 18 1 0 - -;n 255 255 255 255 1 7 256 20 255;o 0080808080808080808080808080808080808080808080808080808080808080808080808080808080808080808080808080808080808080808080808080808080808080808080808080808080808080808080808080808080808080808080808080808080808080808080808080808080808080808080808080808080808080;l 0000000000000000000000000000000000000000;f ;i 0 01021000f3f40a06000004 0 0 0;i 1 21221105f1f21a16010205 1 5 0;i 2 21221105f1f21a16010205 0 0 0;c 0 0 310100001503;c 0 20 000000001503;c 0 40 000000001502;c 0 60 000000001503	5350259044fedeba
retrigslide	80	v 11 50 6 0 64 18 1 0 - -;n 255 255 255 255 1 7 256 20 255;o 0080808080808080808080808080808080808080808080808080808080808080808080808080808080808080808080808080808080808080808080808080808080808080808080808080808080808080808080808080808080808080808080808080808080808080808080808080808080808080808080808080808080808080;l 0000000000000000000000000000000000000000;f ;i 0 01021000f3f40a06000004 0 0 0;i 1 21221105f1f21a16010205 1 5 0;i 2 21221105f1f21a16010205 0 0 0;c 0 0 310102101502;c 0 20 000001081501;c 0 40 330003041a13	e88d55681fa7fc54
rowfx-0x09-0x10	80	v 11 50 2 0 64 18 1 0 - -;n 255 255 255 255 1 7 256 20 255;o 0080808080808080808080808080808080808080808080808080808080808080808080808080808080808080808080808080808080808080808080808080808080808080808080808080808080808080808080808080808080808080808080808080808080808080808080808080808080808080808080808080808080808080;l 0000000000000000000000000000000000000000;f ;i 0 01021000f3f40a06000004 0 0 0;i 1 21221105f1f21a16010205 1 5 0;i 2 21221105f1f21a16010205 0 0 0;c 0 0 310109100000;c 0 1 320309100000;c 0 20 000009100000;c 0 40 320009100000	496dfa750ac34e7e
rowfx-0x0c-0x10	80	v 11 50 2 0 64 18 1 0 - -;n 255 255 255 255 1 7 256 20 255;o 0080808080808080808080808080808080808080808080808080808080808080808080808080808080808080808080808080808080808080808080808080808080808080808080808080808080808080808080808080808080808080808080808080808080808080808080808080808080808080808080808080808080808080;l 0000000000000000000000000000000000000000;f ;i 0 01021000f3f40a06000004 0 0 0;i 1 21221105f1f21a16010205 1 5 0;i 2 21221105f1f21a16010205 0 0 0;c 0 0 31010c100000;c 0 1 32030c100000;c 0 20 00000c100000;c 0 40 32000c100000	e028a4eb667c1825
rowfx-0x12-0x10	80	v 11 50 2 0 64 18 1 0 - -;n 255 255 255 255 1 7 256 20 255;o 0080808080808080808080808080808080808080808080808080808080808080808080808080808080808080808080808080808080808080808080808080808080808080808080808080808080808080808080808080808080808080808080808080808080808080808080808080808080808080808080808080808080808080;l 0000000000000000000000000000000000000000;f ;i 0 01021000f3f40a06000004 0 0 0;i 1 21221105f1f21a16010205 1 5 0;i 2 21221105f1f21a16010205 0 0 0;c 0 0 310112100000;c 0 1 320312100000;c 0 20 000012100000;c 0 40 320012100000	01cf0d5b488b9133
rowfx-0x13-0x21	80	v 11 50 2 0 64 18 1 0 - -;n 255 255 255 255 1 7 256 20 255;o 0080808080808080808080808080808080808080808080808080808080808080808080808080808080808080808080808080808080808080808080808080808080808080808080808080808080808080808080808080808080808080808080808080808080808080808080808080808080808080808080808080808080808080;l 0000000000000000000000000000000000000000;f ;i 0 01021000f3f40a06000004 0 0 0;i 1 21221105f1f21a16010205 1 5 0;i 2 21221105f1f21a16010205 0 0 0;c 0 0 310113210000;c 0 1 320313210000;c 0 20 000013210000;c 0 40 320013210000	097d1f98ca411163
rowfx-0x16-0x11	80	v 11 50 2 0 64 18 1 0 - -;n 255 255 255 255 1 7 256 20 255;o 0080808080808080808080808080808080808080808080808080808080808080808080808080808080808080808080808080808080808080808080808080808080808080808080808080808080808080808080808080808080808080808080808080808080808080808080808080808080808080808080808080808080808080;l 0000000000000000000000000000000000000000;f ;i 0 01021000f3f40a06000004 0 0 0;i 1 21221105f1f21a16010205 1 5 0;i 2 21221105f1f21a16010205 0 0 0;c 0 0 310116110000;c 0 1 320316110000;c 0 20 000016110000;c 0 40 320016110000	cd66774411dcf201
rowfx-0x25-0x20	80	v 11 50 2 0 64 18 1 0 - -;n 255 255 255 255 1 7 256 20 255;o 0080808080808080808080808080808080808080808080808080808080808080808080808080808080808080808080808080808080808080808080808080808080808080808080808080808080808080808080808080808080808080808080808080808080808080808080808080808080808080808080808080808080808080;l 0000000000000000000000000000000000000000;f ;i 0 01021000f3f40a06000004 0 0 0;i 1 21221105f1f21a16010205 1 5 0;i 2 21221105f1f21a16010205 0 0 0;c 0 0 310125200000;c 0 1 320325200000;c 0 20 000025200000;c 0 40 320025200000	7aaaeed8b06c5475
rowfx-0x28-0x10	80	v 11 50 2 0 64 18 1 0 - -;n 255 255 255 255 1 7 256 20 255;o 0080808080808080808080808080808080808080808080808080808080808080808080808080808080808080808080808080808080808080808080808080808080808080808080808080808080808080808080808080808080808080808080808080808080808080808080808080808080808080808080808080808080808080;l 0000000000000000000000000000000000000000;f ;i 0 01021000f3f40a06000004 0 0 0;i 1 21221105f1f21a16010205 1 5 0;i 2 21221105f1f21a16010205 0 0 0;c 0 0 310128100000;c 0 1 320328100000;c 0 20 000028100000;c 0 40 320028100000	36a70cb8989b58c2
rssorder	80	v 11 50 2 0 64 18 1 0 - -;n 255 255 255 255 1 7 256 20 255;o 0080808080808080808080808080808080808080808080808080808080808080808080808080808080808080808080808080808080808080808080808080808080808080808080808080808080808080808080808080808080808080808080808080808080808080808080808080808080808080808080808080808080808080;l 0000000000000000000000000000000000000000;f ;i 0 01021000f3f40a06000004 0 0 0;i 1 21221105f1f21a16010205 0 0 0;c 0 0 310100000000;c 0 1 310200000000;c 0 20 000123f00000;c 0 21 000223f00000;c 0 40 320023f00c30;c 0 41 00020c3023f0;c 0 60 330100000000;c 0 80 340100000000;c 0 100 000023f00000;c 0 120 350000000000;c 0 140 360100000000	bf9f5fd86cf3e9c2
setspeed	80	v 11 50 4 0 64 18 1 0 - -;n 255 255 255 255 1 7 256 20 255;o 0080808080808080808080808080808080808080808080808080808080808080808080808080808080808080808080808080808080808080808080808080808080808080808080808080808080808080808080808080808080808080808080808080808080808080808080808080808080808080808080808080808080808080;l 0000000000000000000000000000000000000000;f ;i 0 01021000f3f40a06000004 0 0 0;i 1 21221105f1f21a16010205 1 5 0;i 2 21221105f1f21a16010205 0 0 0;c 0 0 310100000000;c 0 20 32000f020000;c 0 40 330000000000;c 0 60 34000f032401;c 0 80 350024120000;c 0 100 360000000000	c551d5a2e0412929
slidecombo	80	v 11 50 3 0 64 18 1 0 - -;n 255 255 255 255 1 7 256 20 255;o 0080808080808080808080808080808080808080808080808080808080808080808080808080808080808080808080808080808080808080808080808080808080808080808080808080808080808080808080808080808080808080808080808080808080808080808080808080808080808080808080808080808080808080;l 0000000000000000000000000000000000000000;f ;i 0 01021000f3f40a06000004 0 0 0;i 1 21221105f1f21a16010205 1 5 0;i 2 21221105f1f21a16010205 0 0 0;c 0 0 310101100000;c 0 20 00001b010000;c 0 40 00001c010000;c 0 60 00001d010000;c 0 80 00001e010000;c 0 100 00001f020000;c 0 120 000020020000;c 0 140 000021200000;c 0 160 000022200000;c 0 180 000002080000;c 0 200 00001b010000;c 0 220 000007030000;c 0 240 00001d010000;c 0 260 00001c100000	9c3ef0c726bbb3cf
slides	80	v 11 50 2 0 64 18 1 0 - -;n 255 255 255 255 1 7 256 20 255;o 0080808080808080808080808080808080808080808080808080808080808080808080808080808080808080808080808080808080808080808080808080808080808080808080808080808080808080808080808080808080808080808080808080808080808080808080808080808080808080808080808080808080808080;l 0000000000000000000000000000000000000000;f ;i 0 01021000f3f40a06000004 0 0 0;i 1 21221105f1f21a16010205 1 5 0;i 2 21221105f1f21a16010205 0 0 0;c 0 0 310102700000;c 0 20 000002700000;c 0 40 000002700000;c 0 60 000002700000;c 0 80 000002700000;c 0 100 000002700000;c 0 120 000002700000;c 0 140 000002700000;c 0 160 000002700000;c 0 180 000002700000;c 0 200 000002700000;c 0 220 000002700000;c 0 240 000001330000;c 0 260 000001330000;c 0 280 000001330000;c 0 300 000001330000;c 0 320 000001330000;c 0 340 000001330000;c 0 360 000001330000;c 0 380 000001330000;c 0 400 000001330000;c 0 420 000001330000;c 0 440 000001330000;c 0 460 000001330000;c 0 480 000001330000;c 0 500 000001330000;c 0 520 000001330000;c 0 540 000001330000;c 0 560 000001330000;c 0 580 000001330000;c 0 600 000001330000;c 0 620 000001330000;c 0 640 000001330000;c 0 660 000001330000;c 0 680 000001330000;c 0 700 000001330000;c 0 720 000001330000;c 0 740 000001330000;c 0 760 000001330000;c 0 780 000001330000	0d0086cede9aa430
tempo10-1	80	v 11 10 2 0 64 18 1 0 - -;n 255 255 255 255 1 7 256 20 255;o 0080808080808080808080808080808080808080808080808080808080808080808080808080808080808080808080808080808080808080808080808080808080808080808080808080808080808080808080808080808080808080808080808080808080808080808080808080808080808080808080808080808080808080;l 0000000000000000000000000000000000000000;f ;i 0 01021000f3f40a06000004 0 0 0;i 1 21221105f1f21a16010205 1 5 0;i 2 21221105f1f21a16010205 0 0 0;c 0 0 310100000000;c 0 20 320100000000;c 0 40 330100000000;c 0 60 340100000000;c 0 80 350100000000;c 0 100 360100000000	97aaa2abe0c6d929
tempo10-20	80	v 11 10 2 0 64 18 20 0 - -;n 255 255 255 255 1 7 256 20 255;o 0080808080808080808080808080808080808080808080808080808080808080808080808080808080808080808080808080808080808080808080808080808080808080808080808080808080808080808080808080808080808080808080808080808080808080808080808080808080808080808080808080808080808080;l 0000000000000000000000000000000000000000;f ;i 0 01021000f3f40a06000004 0 0 0;i 1 21221105f1f21a16010205 1 5 0;i 2 21221105f1f21a16010205 0 0 0;c 0 0 310100000000;c 0 20 320100000000;c 0 40 330100000000;c 0 60 340100000000;c 0 80 350100000000;c 0 100 360100000000	8bc0039729afdf8e
tempo1-1	80	v 11 1 2 0 64 18 1 0 - -;n 255 255 255 255 1 7 256 20 255;o 0080808080808080808080808080808080808080808080808080808080808080808080808080808080808080808080808080808080808080808080808080808080808080808080808080808080808080808080808080808080808080808080808080808080808080808080808080808080808080808080808080808080808080;l 0000000000000000000000000000000000000000;f ;i 0 01021000f3f40a06000004 0 0 0;i 1 21221105f1f21a16010205 1 5 0;i 2 21221105f1f21a16010205 0 0 0;c 0 0 310100000000;c 0 20 320100000000;c 0 40 330100000000;c 0 60 340100000000;c 0 80 350100000000;c 0 100 360100000000	de70c80d60417f72
tempo12-3	80	v 11 12 2 0 64 18 3 0 - -;n 255 255 255 255 1 7 256 20 255;o 0080808080808080808080808080808080808080808080808080808080808080808080808080808080808080808080808080808080808080808080808080808080808080808080808080808080808080808080808080808080808080808080808080808080808080808080808080808080808080808080808080808080808080;l 0000000000000000000000000000000000000000;f ;i 0 01021000f3f40a06000004 0 0 0;i 1 21221105f1f21a16010205 1 5 0;i 2 21221105f1f21a16010205 0 0 0;c 0 0 310100000000;c 0 20 320100000000;c 0 40 330100000000;c 0 60 340100000000;c 0 80 350100000000;c 0 100 360100000000	8b26b7e6469f7c05
tempo17-5	80	v 11 17 2 0 64 18 5 0 - -;n 255 255 255 255 1 7 256 20 255;o 0080808080808080808080808080808080808080808080808080808080808080808080808080808080808080808080808080808080808080808080808080808080808080808080808080808080808080808080808080808080808080808080808080808080808080808080808080808080808080808080808080808080808080;l 0000000000000000000000000000000000000000;f ;i 0 01021000f3f40a06000004 0 0 0;i 1 21221105f1f21a16010205 1 5 0;i 2 21221105f1f21a16010205 0 0 0;c 0 0 310100000000;c 0 20 320100000000;c 0 40 330100000000;c 0 60 340100000000;c 0 80 350100000000;c 0 100 360100000000	ee8e4e04f540a4f1
tempo5-4	80	v 11 5 2 0 64 18 4 0 - -;n 255 255 255 255 1 7 256 20 255;o 0080808080808080808080808080808080808080808080808080808080808080808080808080808080808080808080808080808080808080808080808080808080808080808080808080808080808080808080808080808080808080808080808080808080808080808080808080808080808080808080808080808080808080;l 0000000000000000000000000000000000000000;f ;i 0 01021000f3f40a06000004 0 0 0;i 1 21221105f1f21a16010205 1 5 0;i 2 21221105f1f21a16010205 0 0 0;c 0 0 310100000000;c 0 20 320100000000;c 0 40 330100000000;c 0 60 340100000000;c 0 80 350100000000;c 0 100 360100000000	f9bb850a4e794370
tempo9-2	80	v 11 9 2 0 64 18 2 0 - -;n 255 255 255 255 1 7 256 20 255;o 0080808080808080808080808080808080808080808080808080808080808080808080808080808080808080808080808080808080808080808080808080808080808080808080808080808080808080808080808080808080808080808080808080808080808080808080808080808080808080808080808080808080808080;l 0000000000000000000000000000000000000000;f ;i 0 01021000f3f40a06000004 0 0 0;i 1 21221105f1f21a16010205 1 5 0;i 2 21221105f1f21a16010205 0 0 0;c 0 0 310100000000;c 0 20 320100000000;c 0 40 330100000000;c 0 60 340100000000;c 0 80 350100000000;c 0 100 360100000000	8b26b7e6469f7c05
trem00_after0a	80	v 11 50 4 0 64 18 1 0 - -;n 255 255 255 255 1 7 256 20 255;o 0080808080808080808080808080808080808080808080808080808080808080808080808080808080808080808080808080808080808080808080808080808080808080808080808080808080808080808080808080808080808080808080808080808080808080808080808080808080808080808080808080808080808080;l 0000000000000000000000000000000000000000;f ;i 0 01021005f3f40a06000004 0 0 0;c 0 0 310116480000;c 0 20 00000a010000;c 0 40 000016000000;c 0 60 000016000000;c 0 80 000016460000;c 0 120 000016000000;c 0 140 00002c000000	d0f14dd92354e194
trem-0x11	80	v 11 50 4 0 64 18 1 0 - -;n 255 255 255 255 1 7 256 20 255;o 0080808080808080808080808080808080808080808080808080808080808080808080808080808080808080808080808080808080808080808080808080808080808080808080808080808080808080808080808080808080808080808080808080808080808080808080808080808080808080808080808080808080808080;l 0000000000000000000000000000000000000000;f ;i 0 01021000f3f40a06000004 0 0 0;i 1 21221105f1f21a16010205 1 5 0;i 2 21221105f1f21a16010205 0 0 0;c 0 0 310116110000;c 0 1 310316110000;c 0 20 000016000000;c 0 40 000016000000;c 0 60 000016000000;c 0 80 000016000000;c 0 100 000016000000;c 0 120 000016000000;c 0 140 000016000000;c 0 160 000016000000;c 0 180 000016000000;c 0 200 000016000000;c 0 220 000016000000;c 0 240 000016000000;c 0 260 000016000000;c 0 280 000016000000;c 0 300 000016000000;c 0 320 000016000000;c 0 340 000016000000;c 0 360 000016000000;c 0 380 000016000000	f39237850d4f57a0
trem-0x1f	80	v 11 50 4 0 64 18 1 0 - -;n 255 255 255 255 1 7 256 20 255;o 0080808080808080808080808080808080808080808080808080808080808080808080808080808080808080808080808080808080808080808080808080808080808080808080808080808080808080808080808080808080808080808080808080808080808080808080808080808080808080808080808080808080808080;l 0000000000000000000000000000000000000000;f ;i 0 01021000f3f40a06000004 0 0 0;i 1 21221105f1f21a16010205 1 5 0;i 2 21221105f1f21a16010205 0 0 0;c 0 0 3101161f0000;c 0 1 3103161f0000;c 0 20 000016000000;c 0 40 000016000000;c 0 60 000016000000;c 0 80 000016000000;c 0 100 000016000000;c 0 120 000016000000;c 0 140 000016000000;c 0 160 000016000000;c 0 180 000016000000;c 0 200 000016000000;c 0 220 000016000000;c 0 240 000016000000;c 0 260 000016000000;c 0 280 000016000000;c 0 300 000016000000;c 0 320 000016000000;c 0 340 000016000000;c 0 360 000016000000;c 0 380 000016000000	8894ad7839556e9f
trem-0x3f	80	v 11 50 4 0 64 18 1 0 - -;n 255 255 255 255 1 7 256 20 255;o 0080808080808080808080808080808080808080808080808080808080808080808080808080808080808080808080808080808080808080808080808080808080808080808080808080808080808080808080808080808080808080808080808080808080808080808080808080808080808080808080808080808080808080;l 0000000000000000000000000000000000000000;f ;i 0 01021000f3f40a06000004 0 0 0;i 1 21221105f1f21a16010205 1 5 0;i 2 21221105f1f21a16010205 0 0 0;c 0 0 3101163f0000;c 0 1 3103163f0000;c 0 20 000016000000;c 0 40 000016000000;c 0 60 000016000000;c 0 80 000016000000;c 0 100 000016000000;c 0 120 000016000000;c 0 140 000016000000;c 0 160 000016000000;c 0 180 000016000000;c 0 200 000016000000;c 0 220 000016000000;c 0 240 000016000000;c 0 260 000016000000;c 0 280 000016000000;c 0 300 000016000000;c 0 320 000016000000;c 0 340 000016000000;c 0 360 000016000000;c 0 380 000016000000	72750bfac022538c
trem-0x48	80	v 11 50 4 0 64 18 1 0 - -;n 255 255 255 255 1 7 256 20 255;o 0080808080808080808080808080808080808080808080808080808080808080808080808080808080808080808080808080808080808080808080808080808080808080808080808080808080808080808080808080808080808080808080808080808080808080808080808080808080808080808080808080808080808080;l 0000000000000000000000000000000000000000;f ;i 0 01021000f3f40a06000004 0 0 0;i 1 21221105f1f21a16010205 1 5 0;i 2 21221105f1f21a16010205 0 0 0;c 0 0 310116480000;c 0 1 310316480000;c 0 20 000016000000;c 0 40 000016000000;c 0 60 000016000000;c 0 80 000016000000;c 0 100 000016000000;c 0 120 000016000000;c 0 140 000016000000;c 0 160 000016000000;c 0 180 000016000000;c 0 200 000016000000;c 0 220 000016000000;c 0 240 000016000000;c 0 260 000016000000;c 0 280 000016000000;c 0 300 000016000000;c 0 320 000016000000;c 0 340 000016000000;c 0 360 000016000000;c 0 380 000016000000	a864e8fbdb47a365
trem-0x81	80	v 11 50 4 0 64 18 1 0 - -;n 255 255 255 255 1 7 256 20 255;o 0080808080808080808080808080808080808080808080808080808080808080808080808080808080808080808080808080808080808080808080808080808080808080808080808080808080808080808080808080808080808080808080808080808080808080808080808080808080808080808080808080808080808080;l 0000000000000000000000000000000000000000;f ;i 0 01021000f3f40a06000004 0 0 0;i 1 21221105f1f21a16010205 1 5 0;i 2 21221105f1f21a16010205 0 0 0;c 0 0 310116810000;c 0 1 310316810000;c 0 20 000016000000;c 0 40 000016000000;c 0 60 000016000000;c 0 80 000016000000;c 0 100 000016000000;c 0 120 000016000000;c 0 140 000016000000;c 0 160 000016000000;c 0 180 000016000000;c 0 200 000016000000;c 0 220 000016000000;c 0 240 000016000000;c 0 260 000016000000;c 0 280 000016000000;c 0 300 000016000000;c 0 320 000016000000;c 0 340 000016000000;c 0 360 000016000000;c 0 380 000016000000	349f9e31db687c9a
trem2	80	v 11 50 6 0 64 18 1 0 - -;n 255 255 255 255 1 7 256 20 255;o 0080808080808080808080808080808080808080808080808080808080808080808080808080808080808080808080808080808080808080808080808080808080808080808080808080808080808080808080808080808080808080808080808080808080808080808080808080808080808080808080808080808080808080;l 0000000000000000000000000000000000000000;f ;i 0 01013f20f0f00f0f000004 0 0 0;c 0 0 310100000000;c 0 20 000000001644;c 0 40 000000001644;c 0 60 000000001644;c 0 80 000000001644;c 0 100 000000001644;c 0 120 00000a011621;c 0 140 00000a011621;c 0 160 00000a011621;c 0 180 000016440000;c 0 200 000016440000;c 0 220 000016440000;c 0 240 000016440000;c 0 260 000016440000	661099ab9df0a5b9
tremor_keepsave	80	v 11 50 3 0 64 18 1 0 - -;n 255 255 255 255 1 7 256 20 255;o 0080808080808080808080808080808080808080808080808080808080808080808080808080808080808080808080808080808080808080808080808080808080808080808080808080808080808080808080808080808080808080808080808080808080808080808080808080808080808080808080808080808080808080;l 0000000000000000000000000000000000000000;f ;i 0 01021020f3f40a06000004 0 0 0;i 1 0102103ff3f40a06000004 0 0 0;c 0 0 310117220000;c 0 20 000017220000;c 0 60 330217220000;c 0 80 000017220000;c 0 100 000017220000;c 0 120 00000a100000;c 0 140 000017220000;c 0 160 000017220000;c 0 180 000017220000	131dbc2db4f97fc3
v1_ffy	80	v 1 50 4 0 64 9 1 0 - -;n 250 0 0 0 1 15 64 9 0;o 0080808080808080808080808080808080808080808080808080808080808080808080808080808080808080808080808080808080808080808080808080808080808080808080808080808080808080808080808080808080808080808080808080808080808080808080808080808080808080808080808080808080808080;l 0000000000000000000000000000000000000000;f ;i 0 21221105f1f21a16010205 0 0 0;i 1 01021005f3f40a06000004 0 0 0;c 0 0 310100000000;c 0 9 00000ff60000;c 0 18 00000f620000;c 0 27 000100000000;c 0 36 00000ff70000;c 0 45 330200000000;c 0 54 00000fa30000;c 0 63 00000fc50000	8651c5cd1cab51ac
vib00_after06	80	v 11 50 4 0 64 18 1 0 - -;n 255 255 255 255 1 7 256 20 255;o 0080808080808080808080808080808080808080808080808080808080808080808080808080808080808080808080808080808080808080808080808080808080808080808080808080808080808080808080808080808080808080808080808080808080808080808080808080808080808080808080808080808080808080;l 0000000000000000000000000000000000000000;f ;i 0 01021005f3f40a06000004 0 0 0;c 0 0 310104e20000;c 0 20 000006020000;c 0 40 2c0004000000;c 0 60 000004000000;c 0 80 000004620000;c 0 100 000004000000;c 0 120 00002b000000;c 0 140 000011010000;c 0 160 00002b000000	e08f9d94e8e0006e
vib00_after_empty	80	v 11 50 4 0 64 18 1 0 - -;n 255 255 255 255 1 7 256 20 255;o 0080808080808080808080808080808080808080808080808080808080808080808080808080808080808080808080808080808080808080808080808080808080808080808080808080808080808080808080808080808080808080808080808080808080808080808080808080808080808080808080808080808080808080;l 0000000000000000000000000000000000000000;f ;i 0 01021005f3f40a06000004 0 0 0;c 0 0 310104e40000;c 0 40 000004000000;c 0 60 00000c300000;c 0 80 000004000000;c 0 120 00002b000000;c 0 140 000016460000;c 0 160 00000c300000;c 0 180 000016000000	3f3e4266298f5465
vib00_empty_oneshot	80	v 11 50 4 0 64 18 1 0 - -;n 255 255 255 255 1 7 256 20 255;o 0080808080808080808080808080808080808080808080808080808080808080808080808080808080808080808080808080808080808080808080808080808080808080808080808080808080808080808080808080808080808080808080808080808080808080808080808080808080808080808080808080808080808080;l 0000000000000000000000000000000000000000;f ;i 0 01021005f3f40a06000004 0 0 0;c 0 0 310104a30000;c 0 40 00000c300000;c 0 60 000004000000;c 0 80 00000c280000;c 0 100 000004000000;c 0 120 000016440000;c 0 160 000023c00000;c 0 180 000016000000	6f051e9c7a1ad4b8
vib-0x11	80	v 11 50 4 0 64 18 1 0 - -;n 255 255 255 255 1 7 256 20 255;o 0080808080808080808080808080808080808080808080808080808080808080808080808080808080808080808080808080808080808080808080808080808080808080808080808080808080808080808080808080808080808080808080808080808080808080808080808080808080808080808080808080808080808080;l 0000000000000000000000000000000000000000;f ;i 0 01021000f3f40a06000004 0 0 0;i 1 21221105f1f21a16010205 1 5 0;i 2 21221105f1f21a16010205 0 0 0;c 0 0 310104110000;c 0 20 000004000000;c 0 40 000004000000;c 0 60 000004000000;c 0 80 000004000000;c 0 100 000004000000;c 0 120 000004000000;c 0 140 000004000000;c 0 160 000004000000;c 0 180 000004000000;c 0 200 000004000000;c 0 220 000004000000;c 0 240 000004000000;c 0 260 000004000000;c 0 280 000004000000;c 0 300 000004000000;c 0 320 000004000000;c 0 340 000004000000;c 0 360 000004000000;c 0 380 000004000000	430d25f86c26d6bd
vib-0x1f	80	v 11 50 4 0 64 18 1 0 - -;n 255 255 255 255 1 7 256 20 255;o 0080808080808080808080808080808080808080808080808080808080808080808080808080808080808080808080808080808080808080808080808080808080808080808080808080808080808080808080808080808080808080808080808080808080808080808080808080808080808080808080808080808080808080;l 0000000000000000000000000000000000000000;f ;i 0 01021000f3f40a06000004 0 0 0;i 1 21221105f1f21a16010205 1 5 0;i 2 21221105f1f21a16010205 0 0 0;c 0 0 3101041f0000;c 0 20 000004000000;c 0 40 000004000000;c 0 60 000004000000;c 0 80 000004000000;c 0 100 000004000000;c 0 120 000004000000;c 0 140 000004000000;c 0 160 000004000000;c 0 180 000004000000;c 0 200 000004000000;c 0 220 000004000000;c 0 240 000004000000;c 0 260 000004000000;c 0 280 000004000000;c 0 300 000004000000;c 0 320 000004000000;c 0 340 000004000000;c 0 360 000004000000;c 0 380 000004000000	9bbcef6aace12641
vib-0x3f	80	v 11 50 4 0 64 18 1 0 - -;n 255 255 255 255 1 7 256 20 255;o 0080808080808080808080808080808080808080808080808080808080808080808080808080808080808080808080808080808080808080808080808080808080808080808080808080808080808080808080808080808080808080808080808080808080808080808080808080808080808080808080808080808080808080;l 0000000000000000000000000000000000000000;f ;i 0 01021000f3f40a06000004 0 0 0;i 1 21221105f1f21a16010205 1 5 0;i 2 21221105f1f21a16010205 0 0 0;c 0 0 3101043f0000;c 0 20 000004000000;c 0 40 000004000000;c 0 60 000004000000;c 0 80 000004000000;c 0 100 000004000000;c 0 120 000004000000;c 0 140 000004000000;c 0 160 000004000000;c 0 180 000004000000;c 0 200 000004000000;c 0 220 000004000000;c 0 240 000004000000;c 0 260 000004000000;c 0 280 000004000000;c 0 300 000004000000;c 0 320 000004000000;c 0 340 000004000000;c 0 360 000004000000;c 0 380 000004000000	5d4e62d5b39c5fb2
vib-0x48	80	v 11 50 4 0 64 18 1 0 - -;n 255 255 255 255 1 7 256 20 255;o 0080808080808080808080808080808080808080808080808080808080808080808080808080808080808080808080808080808080808080808080808080808080808080808080808080808080808080808080808080808080808080808080808080808080808080808080808080808080808080808080808080808080808080;l 0000000000000000000000000000000000000000;f ;i 0 01021000f3f40a06000004 0 0 0;i 1 21221105f1f21a16010205 1 5 0;i 2 21221105f1f21a16010205 0 0 0;c 0 0 310104480000;c 0 20 000004000000;c 0 40 000004000000;c 0 60 000004000000;c 0 80 000004000000;c 0 100 000004000000;c 0 120 000004000000;c 0 140 000004000000;c 0 160 000004000000;c 0 180 000004000000;c 0 200 000004000000;c 0 220 000004000000;c 0 240 000004000000;c 0 260 000004000000;c 0 280 000004000000;c 0 300 000004000000;c 0 320 000004000000;c 0 340 000004000000;c 0 360 000004000000;c 0 380 000004000000	e6fec2378e537d88
vib-0x81	80	v 11 50 4 0 64 18 1 0 - -;n 255 255 255 255 1 7 256 20 255;o 0080808080808080808080808080808080808080808080808080808080808080808080808080808080808080808080808080808080808080808080808080808080808080808080808080808080808080808080808080808080808080808080808080808080808080808080808080808080808080808080808080808080808080;l 0000000000000000000000000000000000000000;f ;i 0 01021000f3f40a06000004 0 0 0;i 1 21221105f1f21a16010205 1 5 0;i 2 21221105f1f21a16010205 0 0 0;c 0 0 310104810000;c 0 20 000004000000;c 0 40 000004000000;c 0 60 000004000000;c 0 80 000004000000;c 0 100 000004000000;c 0 120 000004000000;c 0 140 000004000000;c 0 160 000004000000;c 0 180 000004000000;c 0 200 000004000000;c 0 220 000004000000;c 0 240 000004000000;c 0 260 000004000000;c 0 280 000004000000;c 0 300 000004000000;c 0 320 000004000000;c 0 340 000004000000;c 0 360 000004000000;c 0 380 000004000000	55c7c09c61c23f34
vibmacro1	80	v 11 50 6 0 64 18 1 0 - -;n 255 255 255 255 1 7 256 20 255;o 0080808080808080808080808080808080808080808080808080808080808080808080808080808080808080808080808080808080808080808080808080808080808080808080808080808080808080808080808080808080808080808080808080808080808080808080808080808080808080808080808080808080808080;l 0000000000000000000000000000000000000000;f ;i 0 01212515f010000201060a 0 0 0;m 0 0 0 0 0 0 1;b 0 4 1 0 0 0 0 010203040000000000000000000000000000000000000000000000000000000000000000000000000000000000000000000000000000000000000000000000000000000000000000000000000000000000000000000000000000000000000000000000000000000000000000000000000000000000000000000000000000000000000000000000000000000000000000000000000000000000000000000000000000000000000000000000000000000000000000000000000000000000000000000000000000000000000000000000000000000000000000000000000000000000000000000000000000000000000000000000000000000000000000000000;c 0 0 310100000000;c 0 40 ff0000000000	ed5b1423a6969a3f
vibmacro2	80	v 11 50 6 0 64 18 1 0 - -;n 255 255 255 255 1 7 256 20 255;o 0080808080808080808080808080808080808080808080808080808080808080808080808080808080808080808080808080808080808080808080808080808080808080808080808080808080808080808080808080808080808080808080808080808080808080808080808080808080808080808080808080808080808080;l 0000000000000000000000000000000000000000;f ;i 0 01212515f010000201060a 0 0 0;m 0 0 0 0 0 0 1;b 0 4 2 0 0 0 0 010203040000000000000000000000000000000000000000000000000000000000000000000000000000000000000000000000000000000000000000000000000000000000000000000000000000000000000000000000000000000000000000000000000000000000000000000000000000000000000000000000000000000000000000000000000000000000000000000000000000000000000000000000000000000000000000000000000000000000000000000000000000000000000000000000000000000000000000000000000000000000000000000000000000000000000000000000000000000000000000000000000000000000000000000000;c 0 0 310100000000;c 0 40 ff0000000000	9a87540ac62259a5
vibmacro3	80	v 11 50 6 0 64 18 1 0 - -;n 255 255 255 255 1 7 256 20 255;o 0080808080808080808080808080808080808080808080808080808080808080808080808080808080808080808080808080808080808080808080808080808080808080808080808080808080808080808080808080808080808080808080808080808080808080808080808080808080808080808080808080808080808080;l 0000000000000000000000000000000000000000;f ;i 0 01212515f010000201060a 0 0 0;m 0 0 0 0 0 0 1;b 0 4 1 3 0 0 0 010203040000000000000000000000000000000000000000000000000000000000000000000000000000000000000000000000000000000000000000000000000000000000000000000000000000000000000000000000000000000000000000000000000000000000000000000000000000000000000000000000000000000000000000000000000000000000000000000000000000000000000000000000000000000000000000000000000000000000000000000000000000000000000000000000000000000000000000000000000000000000000000000000000000000000000000000000000000000000000000000000000000000000000000000000;c 0 0 310100000000;c 0 40 ff0000000000	2339f05076d550ff
vibmacro4	80	v 11 50 6 0 64 18 1 0 - -;n 255 255 255 255 1 7 256 20 255;o 0080808080808080808080808080808080808080808080808080808080808080808080808080808080808080808080808080808080808080808080808080808080808080808080808080808080808080808080808080808080808080808080808080808080808080808080808080808080808080808080808080808080808080;l 0000000000000000000000000000000000000000;f ;i 0 01212515f010000201060a 0 0 0;m 0 0 0 0 0 0 1;b 0 4 1 0 2 2 0 0102fd040000000000000000000000000000000000000000000000000000000000000000000000000000000000000000000000000000000000000000000000000000000000000000000000000000000000000000000000000000000000000000000000000000000000000000000000000000000000000000000000000000000000000000000000000000000000000000000000000000000000000000000000000000000000000000000000000000000000000000000000000000000000000000000000000000000000000000000000000000000000000000000000000000000000000000000000000000000000000000000000000000000000000000000000;c 0 0 310100000000;c 0 40 ff0000000000	7ddc5ab6e8eaaf73
vibmacro5	80	v 11 50 6 0 64 18 1 0 - -;n 255 255 255 255 1 7 256 20 255;o 0080808080808080808080808080808080808080808080808080808080808080808080808080808080808080808080808080808080808080808080808080808080808080808080808080808080808080808080808080808080808080808080808080808080808080808080808080808080808080808080808080808080808080;l 0000000000000000000000000000000000000000;f ;i 0 01212515f010000201060a 0 0 0;m 0 0 0 0 0 0 1;b 0 4 1 0 0 0 0 010003040000000000000000000000000000000000000000000000000000000000000000000000000000000000000000000000000000000000000000000000000000000000000000000000000000000000000000000000000000000000000000000000000000000000000000000000000000000000000000000000000000000000000000000000000000000000000000000000000000000000000000000000000000000000000000000000000000000000000000000000000000000000000000000000000000000000000000000000000000000000000000000000000000000000000000000000000000000000000000000000000000000000000000000000;c 0 0 310100000000;c 0 40 ff0000000000	bcddb911d3ebb1d7
vibmacro6	80	v 11 50 6 0 64 18 1 0 - -;n 255 255 255 255 1 7 256 20 255;o 0080808080808080808080808080808080808080808080808080808080808080808080808080808080808080808080808080808080808080808080808080808080808080808080808080808080808080808080808080808080808080808080808080808080808080808080808080808080808080808080808080808080808080;l 0000000000000000000000000000000000000000;f ;i 0 01212515f010000201060a 0 0 0;m 0 0 0 0 0 0 1;b 0 6 1 0 1 3 4 010203040506000000000000000000000000000000000000000000000000000000000000000000000000000000000000000000000000000000000000000000000000000000000000000000000000000000000000000000000000000000000000000000000000000000000000000000000000000000000000000000000000000000000000000000000000000000000000000000000000000000000000000000000000000000000000000000000000000000000000000000000000000000000000000000000000000000000000000000000000000000000000000000000000000000000000000000000000000000000000000000000000000000000000000000;c 0 0 310100000000;c 0 40 ff0000000000	54ff19f130a72343
vibnibble	80	v 11 50 3 0 64 18 1 0 - -;n 255 255 255 255 1 7 256 20 255;o 0080808080808080808080808080808080808080808080808080808080808080808080808080808080808080808080808080808080808080808080808080808080808080808080808080808080808080808080808080808080808080808080808080808080808080808080808080808080808080808080808080808080808080;l 0000000000000000000000000000000000000000;f ;i 0 01021000f3f40a06000004 0 0 0;i 1 21221105f1f21a16010205 1 5 0;i 2 21221105f1f21a16010205 0 0 0;c 0 0 310100000444;c 0 20 000000000443;c 0 40 ff0000000424;c 0 60 000000000420;c 0 80 000000000405;c 0 100 000016440000;c 0 120 000016200000;c 0 140 000016000000	e1aa30b521ce3e60
vibpause0x00-0x00	80	v 11 50 4 0 64 18 1 0 - -;n 255 255 255 255 1 7 256 20 255;o 0080808080808080808080808080808080808080808080808080808080808080808080808080808080808080808080808080808080808080808080808080808080808080808080808080808080808080808080808080808080808080808080808080808080808080808080808080808080808080808080808080808080808080;l 0000000000000000000000000000000000000000;f ;i 0 01212515f010000201060a 0 0 0;m 0 0 0 0 0 0 1;b 0 8 1 0 1 8 0 000103070f1f3f0000000000000000000000000000000000000000000000000000000000000000000000000000000000000000000000000000000000000000000000000000000000000000000000000000000000000000000000000000000000000000000000000000000000000000000000000000000000000000000000000000000000000000000000000000000000000000000000000000000000000000000000000000000000000000000000000000000000000000000000000000000000000000000000000000000000000000000000000000000000000000000000000000000000000000000000000000000000000000000000000000000000000000;c 0 0 310100000000;c 0 80 330003010000;c 0 100 000003010000;c 0 120 ff0000000000	9533e2461f94c26f
vibpause0x01-0x00	80	v 11 50 4 0 64 18 1 0 - -;n 255 255 255 255 1 7 256 20 255;o 0080808080808080808080808080808080808080808080808080808080808080808080808080808080808080808080808080808080808080808080808080808080808080808080808080808080808080808080808080808080808080808080808080808080808080808080808080808080808080808080808080808080808080;l 0000000000000000000000000000000000000000;f ;i 0 01212515f010000201060a 0 0 0;m 0 0 0 0 0 0 1;b 0 8 1 0 1 8 0 000103070f1f3f0000000000000000000000000000000000000000000000000000000000000000000000000000000000000000000000000000000000000000000000000000000000000000000000000000000000000000000000000000000000000000000000000000000000000000000000000000000000000000000000000000000000000000000000000000000000000000000000000000000000000000000000000000000000000000000000000000000000000000000000000000000000000000000000000000000000000000000000000000000000000000000000000000000000000000000000000000000000000000000000000000000000000000;c 0 0 310100000000;c 0 40 000001000000;c 0 80 330003010000;c 0 100 000003010000;c 0 120 ff0000000000	9b720248d01b7a2d
vibpause0x02-0x01	80	v 11 50 4 0 64 18 1 0 - -;n 255 255 255 255 1 7 256 20 255;o 0080808080808080808080808080808080808080808080808080808080808080808080808080808080808080808080808080808080808080808080808080808080808080808080808080808080808080808080808080808080808080808080808080808080808080808080808080808080808080808080808080808080808080;l 0000000000000000000000000000000000000000;f ;i 0 01212515f010000201060a 0 0 0;m 0 0 0 0 0 0 1;b 0 8 1 0 1 8 0 000103070f1f3f0000000000000000000000000000000000000000000000000000000000000000000000000000000000000000000000000000000000000000000000000000000000000000000000000000000000000000000000000000000000000000000000000000000000000000000000000000000000000000000000000000000000000000000000000000000000000000000000000000000000000000000000000000000000000000000000000000000000000000000000000000000000000000000000000000000000000000000000000000000000000000000000000000000000000000000000000000000000000000000000000000000000000000;c 0 0 310100000000;c 0 40 000002010000;c 0 80 330003010000;c 0 100 000003010000;c 0 120 ff0000000000	600dff206d8ff978
vibpause0x04-0x44	80	v 11 50 4 0 64 18 1 0 - -;n 255 255 255 255 1 7 256 20 255;o 0080808080808080808080808080808080808080808080808080808080808080808080808080808080808080808080808080808080808080808080808080808080808080808080808080808080808080808080808080808080808080808080808080808080808080808080808080808080808080808080808080808080808080;l 0000000000000000000000000000000000000000;f ;i 0 01212515f010000201060a 0 0 0;m 0 0 0 0 0 0 1;b 0 8 1 0 1 8 0 000103070f1f3f0000000000000000000000000000000000000000000000000000000000000000000000000000000000000000000000000000000000000000000000000000000000000000000000000000000000000000000000000000000000000000000000000000000000000000000000000000000000000000000000000000000000000000000000000000000000000000000000000000000000000000000000000000000000000000000000000000000000000000000000000000000000000000000000000000000000000000000000000000000000000000000000000000000000000000000000000000000000000000000000000000000000000000;c 0 0 310100000000;c 0 40 000004440000;c 0 80 330003010000;c 0 100 000003010000;c 0 120 ff0000000000	6cd8421f8ab5966c
vibpause0x05-0x01	80	v 11 50 4 0 64 18 1 0 - -;n 255 255 255 255 1 7 256 20 255;o 0080808080808080808080808080808080808080808080808080808080808080808080808080808080808080808080808080808080808080808080808080808080808080808080808080808080808080808080808080808080808080808080808080808080808080808080808080808080808080808080808080808080808080;l 0000000000000000000000000000000000000000;f ;i 0 01212515f010000201060a 0 0 0;m 0 0 0 0 0 0 1;b 0 8 1 0 1 8 0 000103070f1f3f0000000000000000000000000000000000000000000000000000000000000000000000000000000000000000000000000000000000000000000000000000000000000000000000000000000000000000000000000000000000000000000000000000000000000000000000000000000000000000000000000000000000000000000000000000000000000000000000000000000000000000000000000000000000000000000000000000000000000000000000000000000000000000000000000000000000000000000000000000000000000000000000000000000000000000000000000000000000000000000000000000000000000000;c 0 0 310100000000;c 0 40 000005010000;c 0 80 330003010000;c 0 100 000003010000;c 0 120 ff0000000000	591dd5095f4ddc05
vibpause0x06-0x01	80	v 11 50 4 0 64 18 1 0 - -;n 255 255 255 255 1 7 256 20 255;o 0080808080808080808080808080808080808080808080808080808080808080808080808080808080808080808080808080808080808080808080808080808080808080808080808080808080808080808080808080808080808080808080808080808080808080808080808080808080808080808080808080808080808080;l 0000000000000000000000000000000000000000;f ;i 0 01212515f010000201060a 0 0 0;m 0 0 0 0 0 0 1;b 0 8 1 0 1 8 0 000103070f1f3f0000000000000000000000000000000000000000000000000000000000000000000000000000000000000000000000000000000000000000000000000000000000000000000000000000000000000000000000000000000000000000000000000000000000000000000000000000000000000000000000000000000000000000000000000000000000000000000000000000000000000000000000000000000000000000000000000000000000000000000000000000000000000000000000000000000000000000000000000000000000000000000000000000000000000000000000000000000000000000000000000000000000000000;c 0 0 310100000000;c 0 40 000006010000;c 0 80 330003010000;c 0 100 000003010000;c 0 120 ff0000000000	591dd5095f4ddc05
vibpause0x07-0x01	80	v 11 50 4 0 64 18 1 0 - -;n 255 255 255 255 1 7 256 20 255;o 0080808080808080808080808080808080808080808080808080808080808080808080808080808080808080808080808080808080808080808080808080808080808080808080808080808080808080808080808080808080808080808080808080808080808080808080808080808080808080808080808080808080808080;l 0000000000000000000000000000000000000000;f ;i 0 01212515f010000201060a 0 0 0;m 0 0 0 0 0 0 1;b 0 8 1 0 1 8 0 000103070f1f3f0000000000000000000000000000000000000000000000000000000000000000000000000000000000000000000000000000000000000000000000000000000000000000000000000000000000000000000000000000000000000000000000000000000000000000000000000000000000000000000000000000000000000000000000000000000000000000000000000000000000000000000000000000000000000000000000000000000000000000000000000000000000000000000000000000000000000000000000000000000000000000000000000000000000000000000000000000000000000000000000000000000000000000;c 0 0 310100000000;c 0 40 000007010000;c 0 80 330003010000;c 0 100 000003010000;c 0 120 ff0000000000	2d7b2e8ce5a5945d
vibpause0x10-0x01	80	v 11 50 4 0 64 18 1 0 - -;n 255 255 255 255 1 7 256 20 255;o 0080808080808080808080808080808080808080808080808080808080808080808080808080808080808080808080808080808080808080808080808080808080808080808080808080808080808080808080808080808080808080808080808080808080808080808080808080808080808080808080808080808080808080;l 0000000000000000000000000000000000000000;f ;i 0 01212515f010000201060a 0 0 0;m 0 0 0 0 0 0 1;b 0 8 1 0 1 8 0 000103070f1f3f0000000000000000000000000000000000000000000000000000000000000000000000000000000000000000000000000000000000000000000000000000000000000000000000000000000000000000000000000000000000000000000000000000000000000000000000000000000000000000000000000000000000000000000000000000000000000000000000000000000000000000000000000000000000000000000000000000000000000000000000000000000000000000000000000000000000000000000000000000000000000000000000000000000000000000000000000000000000000000000000000000000000000000;c 0 0 310100000000;c 0 40 000010010000;c 0 80 330003010000;c 0 100 000003010000;c 0 120 ff0000000000	d76858177a04dd6a
vibpause0x14-0x01	80	v 11 50 4 0 64 18 1 0 - -;n 255 255 255 255 1 7 256 20 255;o 0080808080808080808080808080808080808080808080808080808080808080808080808080808080808080808080808080808080808080808080808080808080808080808080808080808080808080808080808080808080808080808080808080808080808080808080808080808080808080808080808080808080808080;l 0000000000000000000000000000000000000000;f ;i 0 01212515f010000201060a 0 0 0;m 0 0 0 0 0 0 1;b 0 8 1 0 1 8 0 000103070f1f3f0000000000000000000000000000000000000000000000000000000000000000000000000000000000000000000000000000000000000000000000000000000000000000000000000000000000000000000000000000000000000000000000000000000000000000000000000000000000000000000000000000000000000000000000000000000000000000000000000000000000000000000000000000000000000000000000000000000000000000000000000000000000000000000000000000000000000000000000000000000000000000000000000000000000000000000000000000000000000000000000000000000000000000;c 0 0 310100000000;c 0 40 000014010000;c 0 80 330003010000;c 0 100 000003010000;c 0 120 ff0000000000	faeeddc8156819e6
vibpause0x16-0x11	80	v 11 50 4 0 64 18 1 0 - -;n 255 255 255 255 1 7 256 20 255;o 0080808080808080808080808080808080808080808080808080808080808080808080808080808080808080808080808080808080808080808080808080808080808080808080808080808080808080808080808080808080808080808080808080808080808080808080808080808080808080808080808080808080808080;l 0000000000000000000000000000000000000000;f ;i 0 01212515f010000201060a 0 0 0;m 0 0 0 0 0 0 1;b 0 8 1 0 1 8 0 000103070f1f3f0000000000000000000000000000000000000000000000000000000000000000000000000000000000000000000000000000000000000000000000000000000000000000000000000000000000000000000000000000000000000000000000000000000000000000000000000000000000000000000000000000000000000000000000000000000000000000000000000000000000000000000000000000000000000000000000000000000000000000000000000000000000000000000000000000000000000000000000000000000000000000000000000000000000000000000000000000000000000000000000000000000000000000;c 0 0 310100000000;c 0 40 000016110000;c 0 80 330003010000;c 0 100 000003010000;c 0 120 ff0000000000	9533e2461f94c26f
vibpause0x18-0x01	80	v 11 50 4 0 64 18 1 0 - -;n 255 255 255 255 1 7 256 20 255;o 0080808080808080808080808080808080808080808080808080808080808080808080808080808080808080808080808080808080808080808080808080808080808080808080808080808080808080808080808080808080808080808080808080808080808080808080808080808080808080808080808080808080808080;l 0000000000000000000000000000000000000000;f ;i 0 01212515f010000201060a 0 0 0;m 0 0 0 0 0 0 1;b 0 8 1 0 1 8 0 000103070f1f3f0000000000000000000000000000000000000000000000000000000000000000000000000000000000000000000000000000000000000000000000000000000000000000000000000000000000000000000000000000000000000000000000000000000000000000000000000000000000000000000000000000000000000000000000000000000000000000000000000000000000000000000000000000000000000000000000000000000000000000000000000000000000000000000000000000000000000000000000000000000000000000000000000000000000000000000000000000000000000000000000000000000000000000;c 0 0 310100000000;c 0 40 000018010000;c 0 80 330003010000;c 0 100 000003010000;c 0 120 ff0000000000	591dd5095f4ddc05
vibpause0x1b-0x01	80	v 11 50 4 0 64 18 1 0 - -;n 255 255 255 255 1 7 256 20 255;o 0080808080808080808080808080808080808080808080808080808080808080808080808080808080808080808080808080808080808080808080808080808080808080808080808080808080808080808080808080808080808080808080808080808080808080808080808080808080808080808080808080808080808080;l 0000000000000000000000000000000000000000;f ;i 0 01212515f010000201060a 0 0 0;m 0 0 0 0 0 0 1;b 0 8 1 0 1 8 0 000103070f1f3f0000000000000000000000000000000000000000000000000000000000000000000000000000000000000000000000000000000000000000000000000000000000000000000000000000000000000000000000000000000000000000000000000000000000000000000000000000000000000000000000000000000000000000000000000000000000000000000000000000000000000000000000000000000000000000000000000000000000000000000000000000000000000000000000000000000000000000000000000000000000000000000000000000000000000000000000000000000000000000000000000000000000000000;c 0 0 310100000000;c 0 40 00001b010000;c 0 80 330003010000;c 0 100 000003010000;c 0 120 ff0000000000	591dd5095f4ddc05
vibpause0x1d-0x01	80	v 11 50 4 0 64 18 1 0 - -;n 255 255 255 255 1 7 256 20 255;o 0080808080808080808080808080808080808080808080808080808080808080808080808080808080808080808080808080808080808080808080808080808080808080808080808080808080808080808080808080808080808080808080808080808080808080808080808080808080808080808080808080808080808080;l 0000000000000000000000000000000000000000;f ;i 0 01212515f010000201060a 0 0 0;m 0 0 0 0 0 0 1;b 0 8 1 0 1 8 0 000103070f1f3f0000000000000000000000000000000000000000000000000000000000000000000000000000000000000000000000000000000000000000000000000000000000000000000000000000000000000000000000000000000000000000000000000000000000000000000000000000000000000000000000000000000000000000000000000000000000000000000000000000000000000000000000000000000000000000000000000000000000000000000000000000000000000000000000000000000000000000000000000000000000000000000000000000000000000000000000000000000000000000000000000000000000000000;c 0 0 310100000000;c 0 40 00001d010000;c 0 80 330003010000;c 0 100 000003010000;c 0 120 ff0000000000	ebbada17d76d0507
vibpause0x21-0x01	80	v 11 50 4 0 64 18 1 0 - -;n 255 255 255 255 1 7 256 20 255;o 0080808080808080808080808080808080808080808080808080808080808080808080808080808080808080808080808080808080808080808080808080808080808080808080808080808080808080808080808080808080808080808080808080808080808080808080808080808080808080808080808080808080808080;l 0000000000000000000000000000000000000000;f ;i 0 01212515f010000201060a 0 0 0;m 0 0 0 0 0 0 1;b 0 8 1 0 1 8 0 000103070f1f3f0000000000000000000000000000000000000000000000000000000000000000000000000000000000000000000000000000000000000000000000000000000000000000000000000000000000000000000000000000000000000000000000000000000000000000000000000000000000000000000000000000000000000000000000000000000000000000000000000000000000000000000000000000000000000000000000000000000000000000000000000000000000000000000000000000000000000000000000000000000000000000000000000000000000000000000000000000000000000000000000000000000000000000;c 0 0 310100000000;c 0 40 000021010000;c 0 80 330003010000;c 0 100 000003010000;c 0 120 ff0000000000	faeeddc8156819e6
vibpause0x23-0xfb	80	v 11 50 4 0 64 18 1 0 - -;n 255 255 255 255 1 7 256 20 255;o 0080808080808080808080808080808080808080808080808080808080808080808080808080808080808080808080808080808080808080808080808080808080808080808080808080808080808080808080808080808080808080808080808080808080808080808080808080808080808080808080808080808080808080;l 0000000000000000000000000000000000000000;f ;i 0 01212515f010000201060a 0 0 0;m 0 0 0 0 0 0 1;b 0 8 1 0 1 8 0 000103070f1f3f0000000000000000000000000000000000000000000000000000000000000000000000000000000000000000000000000000000000000000000000000000000000000000000000000000000000000000000000000000000000000000000000000000000000000000000000000000000000000000000000000000000000000000000000000000000000000000000000000000000000000000000000000000000000000000000000000000000000000000000000000000000000000000000000000000000000000000000000000000000000000000000000000000000000000000000000000000000000000000000000000000000000000000;c 0 0 310100000000;c 0 40 000023fb0000;c 0 80 330003010000;c 0 100 000003010000;c 0 120 ff0000000000	9533e2461f94c26f
vibpause0x24-0xe1	80	v 11 50 4 0 64 18 1 0 - -;n 255 255 255 255 1 7 256 20 255;o 0080808080808080808080808080808080808080808080808080808080808080808080808080808080808080808080808080808080808080808080808080808080808080808080808080808080808080808080808080808080808080808080808080808080808080808080808080808080808080808080808080808080808080;l 0000000000000000000000000000000000000000;f ;i 0 01212515f010000201060a 0 0 0;m 0 0 0 0 0 0 1;b 0 8 1 0 1 8 0 000103070f1f3f0000000000000000000000000000000000000000000000000000000000000000000000000000000000000000000000000000000000000000000000000000000000000000000000000000000000000000000000000000000000000000000000000000000000000000000000000000000000000000000000000000000000000000000000000000000000000000000000000000000000000000000000000000000000000000000000000000000000000000000000000000000000000000000000000000000000000000000000000000000000000000000000000000000000000000000000000000000000000000000000000000000000000000;c 0 0 310100000000;c 0 40 000024e10000;c 0 80 330003010000;c 0 100 000003010000;c 0 120 ff0000000000	2d7b2e8ce5a5945d
vibpause0x2a-0x47	80	v 11 50 4 0 64 18 1 0 - -;n 255 255 255 255 1 7 256 20 255;o 0080808080808080808080808080808080808080808080808080808080808080808080808080808080808080808080808080808080808080808080808080808080808080808080808080808080808080808080808080808080808080808080808080808080808080808080808080808080808080808080808080808080808080;l 0000000000000000000000000000000000000000;f ;i 0 01212515f010000201060a 0 0 0;m 0 0 0 0 0 0 1;b 0 8 1 0 1 8 0 000103070f1f3f0000000000000000000000000000000000000000000000000000000000000000000000000000000000000000000000000000000000000000000000000000000000000000000000000000000000000000000000000000000000000000000000000000000000000000000000000000000000000000000000000000000000000000000000000000000000000000000000000000000000000000000000000000000000000000000000000000000000000000000000000000000000000000000000000000000000000000000000000000000000000000000000000000000000000000000000000000000000000000000000000000000000000000;c 0 0 310100000000;c 0 40 00002a470000;c 0 80 330003010000;c 0 100 000003010000;c 0 120 ff0000000000	9533e2461f94c26f
vibpause0x2b-0x44	80	v 11 50 4 0 64 18 1 0 - -;n 255 255 255 255 1 7 256 20 255;o 0080808080808080808080808080808080808080808080808080808080808080808080808080808080808080808080808080808080808080808080808080808080808080808080808080808080808080808080808080808080808080808080808080808080808080808080808080808080808080808080808080808080808080;l 0000000000000000000000000000000000000000;f ;i 0 01212515f010000201060a 0 0 0;m 0 0 0 0 0 0 1;b 0 8 1 0 1 8 0 000103070f1f3f0000000000000000000000000000000000000000000000000000000000000000000000000000000000000000000000000000000000000000000000000000000000000000000000000000000000000000000000000000000000000000000000000000000000000000000000000000000000000000000000000000000000000000000000000000000000000000000000000000000000000000000000000000000000000000000000000000000000000000000000000000000000000000000000000000000000000000000000000000000000000000000000000000000000000000000000000000000000000000000000000000000000000000;c 0 0 310100000000;c 0 40 00002b440000;c 0 80 330003010000;c 0 100 000003010000;c 0 120 ff0000000000	0e92307cc520524b
vibpause0x2e-0x01	80	v 11 50 4 0 64 18 1 0 - -;n 255 255 255 255 1 7 256 20 255;o 0080808080808080808080808080808080808080808080808080808080808080808080808080808080808080808080808080808080808080808080808080808080808080808080808080808080808080808080808080808080808080808080808080808080808080808080808080808080808080808080808080808080808080;l 0000000000000000000000000000000000000000;f ;i 0 01212515f010000201060a 0 0 0;m 0 0 0 0 0 0 1;b 0 8 1 0 1 8 0 000103070f1f3f0000000000000000000000000000000000000000000000000000000000000000000000000000000000000000000000000000000000000000000000000000000000000000000000000000000000000000000000000000000000000000000000000000000000000000000000000000000000000000000000000000000000000000000000000000000000000000000000000000000000000000000000000000000000000000000000000000000000000000000000000000000000000000000000000000000000000000000000000000000000000000000000000000000000000000000000000000000000000000000000000000000000000000;c 0 0 310100000000;c 0 40 00002e010000;c 0 80 330003010000;c 0 100 000003010000;c 0 120 ff0000000000	ba6eebadfc987a95
vibspd-0x5f	80	v 11 50 4 0 64 18 1 0 - -;n 255 255 255 255 1 7 256 20 255;o 0080808080808080808080808080808080808080808080808080808080808080808080808080808080808080808080808080808080808080808080808080808080808080808080808080808080808080808080808080808080808080808080808080808080808080808080808080808080808080808080808080808080808080;l 0000000000000000000000000000000000000000;f ;i 0 01021000f3f40a06000004 0 0 0;i 1 21221105f1f21a16010205 1 5 0;i 2 21221105f1f21a16010205 0 0 0;c 0 0 3101045f0000;c 0 20 000004000000;c 0 40 000004000000;c 0 60 000004000000;c 0 80 000004000000;c 0 100 000004000000;c 0 120 000004000000;c 0 140 000004000000;c 0 160 000004000000;c 0 180 000004000000;c 0 200 000004000000;c 0 220 000004000000;c 0 240 000004000000;c 0 260 000004000000;c 0 280 000004000000;c 0 300 000004000000;c 0 320 000004000000;c 0 340 000004000000;c 0 360 000004000000;c 0 380 000004000000	7397d84e40422914
vibspd-0x93	80	v 11 50 4 0 64 18 1 0 - -;n 255 255 255 255 1 7 256 20 255;o 0080808080808080808080808080808080808080808080808080808080808080808080808080808080808080808080808080808080808080808080808080808080808080808080808080808080808080808080808080808080808080808080808080808080808080808080808080808080808080808080808080808080808080;l 0000000000000000000000000000000000000000;f ;i 0 01021000f3f40a06000004 0 0 0;i 1 21221105f1f21a16010205 1 5 0;i 2 21221105f1f21a16010205 0 0 0;c 0 0 310104930000;c 0 20 000004000000;c 0 40 000004000000;c 0 60 000004000000;c 0 80 000004000000;c 0 100 000004000000;c 0 120 000004000000;c 0 140 000004000000;c 0 160 000004000000;c 0 180 000004000000;c 0 200 000004000000;c 0 220 000004000000;c 0 240 000004000000;c 0 260 000004000000;c 0 280 000004000000;c 0 300 000004000000;c 0 320 000004000000;c 0 340 000004000000;c 0 360 000004000000;c 0 380 000004000000	bae2dd1f931b009f
vibspd-0x97	80	v 11 50 4 0 64 18 1 0 - -;n 255 255 255 255 1 7 256 20 255;o 0080808080808080808080808080808080808080808080808080808080808080808080808080808080808080808080808080808080808080808080808080808080808080808080808080808080808080808080808080808080808080808080808080808080808080808080808080808080808080808080808080808080808080;l 0000000000000000000000000000000000000000;f ;i 0 01021000f3f40a06000004 0 0 0;i 1 21221105f1f21a16010205 1 5 0;i 2 21221105f1f21a16010205 0 0 0;c 0 0 310104970000;c 0 20 000004000000;c 0 40 000004000000;c 0 60 000004000000;c 0 80 000004000000;c 0 100 000004000000;c 0 120 000004000000;c 0 140 000004000000;c 0 160 000004000000;c 0 180 000004000000;c 0 200 000004000000;c 0 220 000004000000;c 0 240 000004000000;c 0 260 000004000000;c 0 280 000004000000;c 0 300 000004000000;c 0 320 000004000000;c 0 340 000004000000;c 0 360 000004000000;c 0 380 000004000000	7ade40ad85947393
vibspd-0xd3	80	v 11 50 4 0 64 18 1 0 - -;n 255 255 255 255 1 7 256 20 255;o 0080808080808080808080808080808080808080808080808080808080808080808080808080808080808080808080808080808080808080808080808080808080808080808080808080808080808080808080808080808080808080808080808080808080808080808080808080808080808080808080808080808080808080;l 0000000000000000000000000000000000000000;f ;i 0 01021000f3f40a06000004 0 0 0;i 1 21221105f1f21a16010205 1 5 0;i 2 21221105f1f21a16010205 0 0 0;c 0 0 310104d30000;c 0 20 000004000000;c 0 40 000004000000;c 0 60 000004000000;c 0 80 000004000000;c 0 100 000004000000;c 0 120 000004000000;c 0 140 000004000000;c 0 160 000004000000;c 0 180 000004000000;c 0 200 000004000000;c 0 220 000004000000;c 0 240 000004000000;c 0 260 000004000000;c 0 280 000004000000;c 0 300 000004000000;c 0 320 000004000000;c 0 340 000004000000;c 0 360 000004000000;c 0 380 000004000000	16f08931195996d4
vibspd-0xf5	80	v 11 50 4 0 64 18 1 0 - -;n 255 255 255 255 1 7 256 20 255;o 0080808080808080808080808080808080808080808080808080808080808080808080808080808080808080808080808080808080808080808080808080808080808080808080808080808080808080808080808080808080808080808080808080808080808080808080808080808080808080808080808080808080808080;l 0000000000000000000000000000000000000000;f ;i 0 01021000f3f40a06000004 0 0 0;i 1 21221105f1f21a16010205 1 5 0;i 2 21221105f1f21a16010205 0 0 0;c 0 0 310104f50000;c 0 20 000004000000;c 0 40 000004000000;c 0 60 000004000000;c 0 80 000004000000;c 0 100 000004000000;c 0 120 000004000000;c 0 140 000004000000;c 0 160 000004000000;c 0 180 000004000000;c 0 200 000004000000;c 0 220 000004000000;c 0 240 000004000000;c 0 260 000004000000;c 0 280 000004000000;c 0 300 000004000000;c 0 320 000004000000;c 0 340 000004000000;c 0 360 000004000000;c 0 380 000004000000	b31905b310617650
vibtab_portakey	80	v 11 50 6 0 64 18 1 0 - -;n 255 255 255 255 1 7 256 20 255;o 0080808080808080808080808080808080808080808080808080808080808080808080808080808080808080808080808080808080808080808080808080808080808080808080808080808080808080808080808080808080808080808080808080808080808080808080808080808080808080808080808080808080808080;l 0000000000000000000000000000000000000000;f ;i 0 01212515f010000201060a 0 0 0;i 1 01212515f010000201060a 0 0 0;i 3 01212515f010000201060a 0 0 0;m 0 0 0 0 0 0 1;b 0 8 1 0 1 8 0 010203040504030200000000000000000000000000000000000000000000000000000000000000000000000000000000000000000000000000000000000000000000000000000000000000000000000000000000000000000000000000000000000000000000000000000000000000000000000000000000000000000000000000000000000000000000000000000000000000000000000000000000000000000000000000000000000000000000000000000000000000000000000000000000000000000000000000000000000000000000000000000000000000000000000000000000000000000000000000000000000000000000000000000000000000;c 0 0 310100000000;c 0 20 ff0000000000;c 0 40 3d0003ff0000;c 0 60 000003100000;c 0 80 000923f00000;c 0 100 340100000000	af53655b2fcfac48
vibvs-0x5f	80	v 11 50 4 0 64 18 1 0 - -;n 255 255 255 255 1 7 256 20 255;o 0080808080808080808080808080808080808080808080808080808080808080808080808080808080808080808080808080808080808080808080808080808080808080808080808080808080808080808080808080808080808080808080808080808080808080808080808080808080808080808080808080808080808080;l 0000000000000000000000000000000000000000;f ;i 0 01021000f3f40a06000004 0 0 0;i 1 21221105f1f21a16010205 1 5 0;i 2 21221105f1f21a16010205 0 0 0;c 0 0 3101045f0000;c 0 20 000006010000;c 0 40 000006010000;c 0 60 000006010000;c 0 80 000006010000;c 0 100 000006010000;c 0 120 000006010000;c 0 140 000006010000;c 0 160 000006010000;c 0 180 000006010000;c 0 200 000006010000;c 0 220 000006010000;c 0 240 000006010000;c 0 260 000006010000;c 0 280 000006010000;c 0 300 000006010000;c 0 320 000006010000;c 0 340 000006010000;c 0 360 000006010000;c 0 380 000006010000	f8d036919cf835a3
vibvs-0x93	80	v 11 50 4 0 64 18 1 0 - -;n 255 255 255 255 1 7 256 20 255;o 0080808080808080808080808080808080808080808080808080808080808080808080808080808080808080808080808080808080808080808080808080808080808080808080808080808080808080808080808080808080808080808080808080808080808080808080808080808080808080808080808080808080808080;l 0000000000000000000000000000000000000000;f ;i 0 01021000f3f40a06000004 0 0 0;i 1 21221105f1f21a16010205 1 5 0;i 2 21221105f1f21a16010205 0 0 0;c 0 0 310104930000;c 0 20 000006010000;c 0 40 000006010000;c 0 60 000006010000;c 0 80 000006010000;c 0 100 000006010000;c 0 120 000006010000;c 0 140 000006010000;c 0 160 000006010000;c 0 180 000006010000;c 0 200 000006010000;c 0 220 000006010000;c 0 240 000006010000;c 0 260 000006010000;c 0 280 000006010000;c 0 300 000006010000;c 0 320 000006010000;c 0 340 000006010000;c 0 360 000006010000;c 0 380 000006010000	333da24e2f77ade2
vibvs-0x97	80	v 11 50 4 0 64 18 1 0 - -;n 255 255 255 255 1 7 256 20 255;o 0080808080808080808080808080808080808080808080808080808080808080808080808080808080808080808080808080808080808080808080808080808080808080808080808080808080808080808080808080808080808080808080808080808080808080808080808080808080808080808080808080808080808080;l 0000000000000000000000000000000000000000;f ;i 0 01021000f3f40a06000004 0 0 0;i 1 21221105f1f21a16010205 1 5 0;i 2 21221105f1f21a16010205 0 0 0;c 0 0 310104970000;c 0 20 000006010000;c 0 40 000006010000;c 0 60 000006010000;c 0 80 000006010000;c 0 100 000006010000;c 0 120 000006010000;c 0 140 000006010000;c 0 160 000006010000;c 0 180 000006010000;c 0 200 000006010000;c 0 220 000006010000;c 0 240 000006010000;c 0 260 000006010000;c 0 280 000006010000;c 0 300 000006010000;c 0 320 000006010000;c 0 340 000006010000;c 0 360 000006010000;c 0 380 000006010000	8c9db02b10d2e354
vibvs-0xd3	80	v 11 50 4 0 64 18 1 0 - -;n 255 255 255 255 1 7 256 20 255;o 0080808080808080808080808080808080808080808080808080808080808080808080808080808080808080808080808080808080808080808080808080808080808080808080808080808080808080808080808080808080808080808080808080808080808080808080808080808080808080808080808080808080808080;l 0000000000000000000000000000000000000000;f ;i 0 01021000f3f40a06000004 0 0 0;i 1 21221105f1f21a16010205 1 5 0;i 2 21221105f1f21a16010205 0 0 0;c 0 0 310104d30000;c 0 20 000006010000;c 0 40 000006010000;c 0 60 000006010000;c 0 80 000006010000;c 0 100 000006010000;c 0 120 000006010000;c 0 140 000006010000;c 0 160 000006010000;c 0 180 000006010000;c 0 200 000006010000;c 0 220 000006010000;c 0 240 000006010000;c 0 260 000006010000;c 0 280 000006010000;c 0 300 000006010000;c 0 320 000006010000;c 0 340 000006010000;c 0 360 000006010000;c 0 380 000006010000	1fc71ceb478d5581
vibvs-0xf5	80	v 11 50 4 0 64 18 1 0 - -;n 255 255 255 255 1 7 256 20 255;o 0080808080808080808080808080808080808080808080808080808080808080808080808080808080808080808080808080808080808080808080808080808080808080808080808080808080808080808080808080808080808080808080808080808080808080808080808080808080808080808080808080808080808080;l 0000000000000000000000000000000000000000;f ;i 0 01021000f3f40a06000004 0 0 0;i 1 21221105f1f21a16010205 1 5 0;i 2 21221105f1f21a16010205 0 0 0;c 0 0 310104f50000;c 0 20 000006010000;c 0 40 000006010000;c 0 60 000006010000;c 0 80 000006010000;c 0 100 000006010000;c 0 120 000006010000;c 0 140 000006010000;c 0 160 000006010000;c 0 180 000006010000;c 0 200 000006010000;c 0 220 000006010000;c 0 240 000006010000;c 0 260 000006010000;c 0 280 000006010000;c 0 300 000006010000;c 0 320 000006010000;c 0 340 000006010000;c 0 360 000006010000;c 0 380 000006010000	cedf8e2d0617e25f
vibvslide2	80	v 11 50 4 0 64 18 1 0 - -;n 255 255 255 255 1 7 256 20 255;o 0080808080808080808080808080808080808080808080808080808080808080808080808080808080808080808080808080808080808080808080808080808080808080808080808080808080808080808080808080808080808080808080808080808080808080808080808080808080808080808080808080808080808080;l 0000000000000000000000000000000000000000;f ;i 0 01021000f3f40a06000004 0 0 0;i 1 21221105f1f21a16010205 1 5 0;i 2 21221105f1f21a16010205 0 0 0;c 0 0 310100000482;c 0 20 320114070400;c 0 40 330100000601;c 0 60 340114070600	be9a33a116a6dbd1
volscale	80	v 11 50 3 128 64 18 1 0 - -;n 255 255 255 255 1 7 256 20 255;o 0080808080808080808080808080808080808080808080808080808080808080808080808080808080808080808080808080808080808080808080808080808080808080808080808080808080808080808080808080808080808080808080808080808080808080808080808080808080808080808080808080808080808080;l 0000000000000000000000000000000000000000;f ;i 0 01025045f3f40a06000004 0 0 0;i 1 21225146f1f21a16010205 0 0 0;i 2 21225146f1f21a16010205 0 0 0;c 0 0 310100000000;c 0 1 310200000000;c 0 20 000014010000;c 0 21 000014010000;c 0 22 000014010000;c 0 40 000009200000;c 0 41 000009200000;c 0 60 00000c200000;c 0 61 00000c200000;c 0 80 00000a100000;c 0 81 00000a100000;c 0 100 000023f10000;c 0 101 000028100000;c 0 122 000023f10000	9b3edbb18452a907
vslide	80	v 11 50 3 0 64 18 1 0 - -;n 255 255 255 255 1 7 256 20 255;o 0080808080808080808080808080808080808080808080808080808080808080808080808080808080808080808080808080808080808080808080808080808080808080808080808080808080808080808080808080808080808080808080808080808080808080808080808080808080808080808080808080808080808080;l 0000000000000000000000000000000000000000;f ;i 0 01021000f3f40a06000004 0 0 0;i 1 21221105f1f21a16010205 1 5 0;i 2 21221105f1f21a16010205 0 0 0;c 0 0 31010a050000;c 0 1 31030a070000;c 0 20 00000a000000;c 0 40 00000a300000;c 0 60 00000a310000;c 0 80 000014020000;c 0 100 000014200000;c 0 120 000014000000;c 0 140 000001000000;c 0 160 000002050000;c 0 180 000002000000;c 0 200 000001000000	6f74fa9b85acb416
x0x2a-0x47	80	v 11 50 4 0 64 18 1 0 - -;n 255 255 255 255 1 7 256 20 255;o 0080808080808080808080808080808080808080808080808080808080808080808080808080808080808080808080808080808080808080808080808080808080808080808080808080808080808080808080808080808080808080808080808080808080808080808080808080808080808080808080808080808080808080;l 0000000000000000000000000000000000000000;f ;i 0 01021000f3f40a06000004 0 0 0;i 1 21221105f1f21a16010205 1 5 0;i 2 21221105f1f21a16010205 0 0 0;c 0 0 310100000000;c 0 1 320100000000;c 0 20 00002a470000;c 0 40 00002a470000;c 0 60 00002a470000	5d17db7e1c3f6d7a
x0x2b-0x4f	80	v 11 50 4 0 64 18 1 0 - -;n 255 255 255 255 1 7 256 20 255;o 0080808080808080808080808080808080808080808080808080808080808080808080808080808080808080808080808080808080808080808080808080808080808080808080808080808080808080808080808080808080808080808080808080808080808080808080808080808080808080808080808080808080808080;l 0000000000000000000000000000000000000000;f ;i 0 01021000f3f40a06000004 0 0 0;i 1 21221105f1f21a16010205 1 5 0;i 2 21221105f1f21a16010205 0 0 0;c 0 0 310100000000;c 0 1 320100000000;c 0 20 00002b4f0000;c 0 40 00002b4f0000;c 0 60 00002b4f0000	39b89fc107c11fed
x0x2c-0x4f	80	v 11 50 4 0 64 18 1 0 - -;n 255 255 255 255 1 7 256 20 255;o 0080808080808080808080808080808080808080808080808080808080808080808080808080808080808080808080808080808080808080808080808080808080808080808080808080808080808080808080808080808080808080808080808080808080808080808080808080808080808080808080808080808080808080;l 0000000000000000000000000000000000000000;f ;i 0 01021000f3f40a06000004 0 0 0;i 1 21221105f1f21a16010205 1 5 0;i 2 21221105f1f21a16010205 0 0 0;c 0 0 310100000000;c 0 1 320100000000;c 0 20 00002c4f0000;c 0 40 00002c4f0000;c 0 60 00002c4f0000	3ca4b499cd46b4df
x0x2e-0x05	80	v 11 50 4 0 64 18 1 0 - -;n 255 255 255 255 1 7 256 20 255;o 0080808080808080808080808080808080808080808080808080808080808080808080808080808080808080808080808080808080808080808080808080808080808080808080808080808080808080808080808080808080808080808080808080808080808080808080808080808080808080808080808080808080808080;l 0000000000000000000000000000000000000000;f ;i 0 01021000f3f40a06000004 0 0 0;i 1 21221105f1f21a16010205 1 5 0;i 2 21221105f1f21a16010205 0 0 0;c 0 0 310100000000;c 0 1 320100000000;c 0 20 00002e050000;c 0 40 00002e050000;c 0 60 00002e050000	4f03084b41d7e4cd
x0x2f-0x05	80	v 11 50 4 0 64 18 1 0 - -;n 255 255 255 255 1 7 256 20 255;o 0080808080808080808080808080808080808080808080808080808080808080808080808080808080808080808080808080808080808080808080808080808080808080808080808080808080808080808080808080808080808080808080808080808080808080808080808080808080808080808080808080808080808080;l 0000000000000000000000000000000000000000;f ;i 0 01021000f3f40a06000004 0 0 0;i 1 21221105f1f21a16010205 1 5 0;i 2 21221105f1f21a16010205 0 0 0;c 0 0 310100000000;c 0 1 320100000000;c 0 20 00002f050000;c 0 40 00002f050000;c 0 60 00002f050000	48b6bb3e7c7185d8
xfspeedup	80	v 11 50 3 0 64 18 3 0 - -;n 255 255 255 255 1 7 256 20 255;o 0080808080808080808080808080808080808080808080808080808080808080808080808080808080808080808080808080808080808080808080808080808080808080808080808080808080808080808080808080808080808080808080808080808080808080808080808080808080808080808080808080808080808080;l 0000000000000000000000000000000000000000;f ;i 0 01021000f3f40a06000004 0 0 0;i 1 21221105f1f21a16010205 1 5 0;i 2 21221105f1f21a16010205 0 0 0;c 0 0 310100000000;c 0 20 000024e20000;c 0 40 000024e20000;c 0 60 000024e20000;c 0 80 000024e20000;c 0 100 000024e20000	3cf09964a4a3a2fa
z0x01	80	v 11 50 2 0 64 18 1 0 - -;n 255 255 255 255 1 7 256 20 255;o 0080808080808080808080808080808080808080808080808080808080808080808080808080808080808080808080808080808080808080808080808080808080808080808080808080808080808080808080808080808080808080808080808080808080808080808080808080808080808080808080808080808080808080;l 0000000000000000000000000000000000000000;f ;i 0 01021000f3f40a06000004 0 0 0;i 1 21221105f1f21a16010205 1 5 0;i 2 21221105f1f21a16010205 0 0 0;c 0 0 310100000000;c 0 20 000023010000;c 0 40 320023100000	6309eaa5f2b0a0a8
z0x10	80	v 11 50 2 0 64 18 1 0 - -;n 255 255 255 255 1 7 256 20 255;o 0080808080808080808080808080808080808080808080808080808080808080808080808080808080808080808080808080808080808080808080808080808080808080808080808080808080808080808080808080808080808080808080808080808080808080808080808080808080808080808080808080808080808080;l 0000000000000000000000000000000000000000;f ;i 0 01021000f3f40a06000004 0 0 0;i 1 21221105f1f21a16010205 1 5 0;i 2 21221105f1f21a16010205 0 0 0;c 0 0 310100000000;c 0 20 000023100000;c 0 40 320023100000	3683a6222b86147c
z0x11	80	v 11 50 2 0 64 18 1 0 - -;n 255 255 255 255 1 7 256 20 255;o 0080808080808080808080808080808080808080808080808080808080808080808080808080808080808080808080808080808080808080808080808080808080808080808080808080808080808080808080808080808080808080808080808080808080808080808080808080808080808080808080808080808080808080;l 0000000000000000000000000000000000000000;f ;i 0 01021000f3f40a06000004 0 0 0;i 1 21221105f1f21a16010205 1 5 0;i 2 21221105f1f21a16010205 0 0 0;c 0 0 310100000000;c 0 20 000023110000;c 0 40 320023100000	96a3f5119728e1e8
z0x25	80	v 11 50 2 0 64 18 1 0 - -;n 255 255 255 255 1 7 256 20 255;o 0080808080808080808080808080808080808080808080808080808080808080808080808080808080808080808080808080808080808080808080808080808080808080808080808080808080808080808080808080808080808080808080808080808080808080808080808080808080808080808080808080808080808080;l 0000000000000000000000000000000000000000;f ;i 0 01021000f3f40a06000004 0 0 0;i 1 21221105f1f21a16010205 1 5 0;i 2 21221105f1f21a16010205 0 0 0;c 0 0 310100000000;c 0 20 000023250000;c 0 40 320023100000	a37967036062c7d7
z0x3a	80	v 11 50 2 0 64 18 1 0 - -;n 255 255 255 255 1 7 256 20 255;o 0080808080808080808080808080808080808080808080808080808080808080808080808080808080808080808080808080808080808080808080808080808080808080808080808080808080808080808080808080808080808080808080808080808080808080808080808080808080808080808080808080808080808080;l 0000000000000000000000000000000000000000;f ;i 0 01021000f3f40a06000004 0 0 0;i 1 21221105f1f21a16010205 1 5 0;i 2 21221105f1f21a16010205 0 0 0;c 0 0 310100000000;c 0 20 0000233a0000;c 0 40 320023100000	c72fa35cd29dcc2c
z0x47	80	v 11 50 2 0 64 18 1 0 - -;n 255 255 255 255 1 7 256 20 255;o 0080808080808080808080808080808080808080808080808080808080808080808080808080808080808080808080808080808080808080808080808080808080808080808080808080808080808080808080808080808080808080808080808080808080808080808080808080808080808080808080808080808080808080;l 0000000000000000000000000000000000000000;f ;i 0 01021000f3f40a06000004 0 0 0;i 1 21221105f1f21a16010205 1 5 0;i 2 21221105f1f21a16010205 0 0 0;c 0 0 310100000000;c 0 20 000023470000;c 0 40 320023100000	a84ee08f86d84c4c
z0x5c	80	v 11 50 2 0 64 18 1 0 - -;n 255 255 255 255 1 7 256 20 255;o 0080808080808080808080808080808080808080808080808080808080808080808080808080808080808080808080808080808080808080808080808080808080808080808080808080808080808080808080808080808080808080808080808080808080808080808080808080808080808080808080808080808080808080;l 0000000000000000000000000000000000000000;f ;i 0 01021000f3f40a06000004 0 0 0;i 1 21221105f1f21a16010205 1 5 0;i 2 21221105f1f21a16010205 0 0 0;c 0 0 310100000000;c 0 20 0000235c0000;c 0 40 320023100000	6e8ad681fbb28be6
z0x61	80	v 11 50 2 0 64 18 1 0 - -;n 255 255 255 255 1 7 256 20 255;o 0080808080808080808080808080808080808080808080808080808080808080808080808080808080808080808080808080808080808080808080808080808080808080808080808080808080808080808080808080808080808080808080808080808080808080808080808080808080808080808080808080808080808080;l 0000000000000000000000000000000000000000;f ;i 0 01021000f3f40a06000004 0 0 0;i 1 21221105f1f21a16010205 1 5 0;i 2 21221105f1f21a16010205 0 0 0;c 0 0 310100000000;c 0 20 000023610000;c 0 40 320023100000	06d04226c3614aa3
z0x7e	80	v 11 50 2 0 64 18 1 0 - -;n 255 255 255 255 1 7 256 20 255;o 0080808080808080808080808080808080808080808080808080808080808080808080808080808080808080808080808080808080808080808080808080808080808080808080808080808080808080808080808080808080808080808080808080808080808080808080808080808080808080808080808080808080808080;l 0000000000000000000000000000000000000000;f ;i 0 01021000f3f40a06000004 0 0 0;i 1 21221105f1f21a16010205 1 5 0;i 2 21221105f1f21a16010205 0 0 0;c 0 0 310100000000;c 0 20 0000237e0000;c 0 40 320023100000	fc8b2c749bd01ee1
z0x83	80	v 11 50 2 0 64 18 1 0 - -;n 255 255 255 255 1 7 256 20 255;o 0080808080808080808080808080808080808080808080808080808080808080808080808080808080808080808080808080808080808080808080808080808080808080808080808080808080808080808080808080808080808080808080808080808080808080808080808080808080808080808080808080808080808080;l 0000000000000000000000000000000000000000;f ;i 0 01021000f3f40a06000004 0 0 0;i 1 21221105f1f21a16010205 1 5 0;i 2 21221105f1f21a16010205 0 0 0;c 0 0 310100000000;c 0 20 000023830000;c 0 40 320023100000	a252c9a56bdb71d9
z0x9d	80	v 11 50 2 0 64 18 1 0 - -;n 255 255 255 255 1 7 256 20 255;o 0080808080808080808080808080808080808080808080808080808080808080808080808080808080808080808080808080808080808080808080808080808080808080808080808080808080808080808080808080808080808080808080808080808080808080808080808080808080808080808080808080808080808080;l 0000000000000000000000000000000000000000;f ;i 0 01021000f3f40a06000004 0 0 0;i 1 21221105f1f21a16010205 1 5 0;i 2 21221105f1f21a16010205 0 0 0;c 0 0 310100000000;c 0 20 0000239d0000;c 0 40 320023100000	55105c7dcc590258
z0xa5	80	v 11 50 2 0 64 18 1 0 - -;n 255 255 255 255 1 7 256 20 255;o 0080808080808080808080808080808080808080808080808080808080808080808080808080808080808080808080808080808080808080808080808080808080808080808080808080808080808080808080808080808080808080808080808080808080808080808080808080808080808080808080808080808080808080;l 0000000000000000000000000000000000000000;f ;i 0 01021000f3f40a06000004 0 0 0;i 1 21221105f1f21a16010205 1 5 0;i 2 21221105f1f21a16010205 0 0 0;c 0 0 310100000000;c 0 20 000023a50000;c 0 40 320023100000	796e8bf965e061a5
z0xb0	80	v 11 50 2 0 64 18 1 0 - -;n 255 255 255 255 1 7 256 20 255;o 0080808080808080808080808080808080808080808080808080808080808080808080808080808080808080808080808080808080808080808080808080808080808080808080808080808080808080808080808080808080808080808080808080808080808080808080808080808080808080808080808080808080808080;l 0000000000000000000000000000000000000000;f ;i 0 01021000f3f40a06000004 0 0 0;i 1 21221105f1f21a16010205 1 5 0;i 2 21221105f1f21a16010205 0 0 0;c 0 0 310100000000;c 0 20 000023b00000;c 0 40 320023100000	3683a6222b86147c
z0xb1	80	v 11 50 2 0 64 18 1 0 - -;n 255 255 255 255 1 7 256 20 255;o 0080808080808080808080808080808080808080808080808080808080808080808080808080808080808080808080808080808080808080808080808080808080808080808080808080808080808080808080808080808080808080808080808080808080808080808080808080808080808080808080808080808080808080;l 0000000000000000000000000000000000000000;f ;i 0 01021000f3f40a06000004 0 0 0;i 1 21221105f1f21a16010205 1 5 0;i 2 21221105f1f21a16010205 0 0 0;c 0 0 310100000000;c 0 20 000023b10000;c 0 40 320023100000	70b9590087c2590b
z0xb2	80	v 11 50 2 0 64 18 1 0 - -;n 255 255 255 255 1 7 256 20 255;o 0080808080808080808080808080808080808080808080808080808080808080808080808080808080808080808080808080808080808080808080808080808080808080808080808080808080808080808080808080808080808080808080808080808080808080808080808080808080808080808080808080808080808080;l 0000000000000000000000000000000000000000;f ;i 0 01021000f3f40a06000004 0 0 0;i 1 21221105f1f21a16010205 1 5 0;i 2 21221105f1f21a16010205 0 0 0;c 0 0 310100000000;c 0 20 000023b20000;c 0 40 320023100000	fbe6662518f58dbb
zf0xe4	80	v 11 50 2 0 64 18 1 0 - -;n 255 255 255 255 1 7 256 20 255;o 0080808080808080808080808080808080808080808080808080808080808080808080808080808080808080808080808080808080808080808080808080808080808080808080808080808080808080808080808080808080808080808080808080808080808080808080808080808080808080808080808080808080808080;l 0000000000000000000000000000000000000000;f ;i 0 01021000f3f40a06000004 0 0 0;i 1 21221105f1f21a16010205 0 0 0;c 0 0 310100000000;c 0 1 310200000000;c 0 20 00000c200000;c 0 21 00000c200000;c 0 40 000023e40000;c 0 41 000023e40000;c 0 60 00000a020000;c 0 61 00000a020000;c 0 80 320000000000;c 0 81 320000000000;c 0 100 000100000000;c 0 101 000200000000	4927ce870bd8275f
zf0xf0	80	v 11 50 2 0 64 18 1 0 - -;n 255 255 255 255 1 7 256 20 255;o 0080808080808080808080808080808080808080808080808080808080808080808080808080808080808080808080808080808080808080808080808080808080808080808080808080808080808080808080808080808080808080808080808080808080808080808080808080808080808080808080808080808080808080;l 0000000000000000000000000000000000000000;f ;i 0 01021000f3f40a06000004 0 0 0;i 1 21221105f1f21a16010205 0 0 0;c 0 0 310100000000;c 0 1 310200000000;c 0 20 00000c200000;c 0 21 00000c200000;c 0 40 000023f00000;c 0 41 000023f00000;c 0 60 00000a020000;c 0 61 00000a020000;c 0 80 320000000000;c 0 81 320000000000;c 0 100 000100000000;c 0 101 000200000000	4db11894d0c359cd
zf0xf1	80	v 11 50 2 0 64 18 1 0 - -;n 255 255 255 255 1 7 256 20 255;o 0080808080808080808080808080808080808080808080808080808080808080808080808080808080808080808080808080808080808080808080808080808080808080808080808080808080808080808080808080808080808080808080808080808080808080808080808080808080808080808080808080808080808080;l 0000000000000000000000000000000000000000;f ;i 0 01021000f3f40a06000004 0 0 0;i 1 21221105f1f21a16010205 0 0 0;c 0 0 310100000000;c 0 1 310200000000;c 0 20 00000c200000;c 0 21 00000c200000;c 0 40 000023f10000;c 0 41 000023f10000;c 0 60 00000a020000;c 0 61 00000a020000;c 0 80 320000000000;c 0 81 320000000000;c 0 100 000100000000;c 0 101 000200000000	b0d4e95fc4ae5565
zf0xf2	80	v 11 50 2 0 64 18 1 0 - -;n 255 255 255 255 1 7 256 20 255;o 0080808080808080808080808080808080808080808080808080808080808080808080808080808080808080808080808080808080808080808080808080808080808080808080808080808080808080808080808080808080808080808080808080808080808080808080808080808080808080808080808080808080808080;l 0000000000000000000000000000000000000000;f ;i 0 01021000f3f40a06000004 0 0 0;i 1 21221105f1f21a16010205 0 0 0;c 0 0 310100000000;c 0 1 310200000000;c 0 20 00000c200000;c 0 21 00000c200000;c 0 40 000023f20000;c 0 41 000023f20000;c 0 60 00000a020000;c 0 61 00000a020000;c 0 80 320000000000;c 0 81 320000000000;c 0 100 000100000000;c 0 101 000200000000	a6a1ef3b6a7d286f
zf0xf3	80	v 11 50 2 0 64 18 1 0 - -;n 255 255 255 255 1 7 256 20 255;o 0080808080808080808080808080808080808080808080808080808080808080808080808080808080808080808080808080808080808080808080808080808080808080808080808080808080808080808080808080808080808080808080808080808080808080808080808080808080808080808080808080808080808080;l 0000000000000000000000000000000000000000;f ;i 0 01021000f3f40a06000004 0 0 0;i 1 21221105f1f21a16010205 0 0 0;c 0 0 310100000000;c 0 1 310200000000;c 0 20 00000c200000;c 0 21 00000c200000;c 0 40 000023f30000;c 0 41 000023f30000;c 0 60 00000a020000;c 0 61 00000a020000;c 0 80 320000000000;c 0 81 320000000000;c 0 100 000100000000;c 0 101 000200000000	4927ce870bd8275f
zf0xf6	80	v 11 50 2 0 64 18 1 0 - -;n 255 255 255 255 1 7 256 20 255;o 0080808080808080808080808080808080808080808080808080808080808080808080808080808080808080808080808080808080808080808080808080808080808080808080808080808080808080808080808080808080808080808080808080808080808080808080808080808080808080808080808080808080808080;l 0000000000000000000000000000000000000000;f ;i 0 01021000f3f40a06000004 0 0 0;i 1 21221105f1f21a16010205 0 0 0;c 0 0 310100000000;c 0 1 310200000000;c 0 20 00000c200000;c 0 21 00000c200000;c 0 40 000023f60000;c 0 41 000023f60000;c 0 60 00000a020000;c 0 61 00000a020000;c 0 80 320000000000;c 0 81 320000000000;c 0 100 000100000000;c 0 101 000200000000	a64b0b9211c173a3
zf0xf7	80	v 11 50 2 0 64 18 1 0 - -;n 255 255 255 255 1 7 256 20 255;o 0080808080808080808080808080808080808080808080808080808080808080808080808080808080808080808080808080808080808080808080808080808080808080808080808080808080808080808080808080808080808080808080808080808080808080808080808080808080808080808080808080808080808080;l 0000000000000000000000000000000000000000;f ;i 0 01021000f3f40a06000004 0 0 0;i 1 21221105f1f21a16010205 0 0 0;c 0 0 310100000000;c 0 1 310200000000;c 0 20 00000c200000;c 0 21 00000c200000;c 0 40 000023f70000;c 0 41 000023f70000;c 0 60 00000a020000;c 0 61 00000a020000;c 0 80 320000000000;c 0 81 320000000000;c 0 100 000100000000;c 0 101 000200000000	bac8f28652415e7b
zf0xf8	80	v 11 50 2 0 64 18 1 0 - -;n 255 255 255 255 1 7 256 20 255;o 0080808080808080808080808080808080808080808080808080808080808080808080808080808080808080808080808080808080808080808080808080808080808080808080808080808080808080808080808080808080808080808080808080808080808080808080808080808080808080808080808080808080808080;l 0000000000000000000000000000000000000000;f ;i 0 01021000f3f40a06000004 0 0 0;i 1 21221105f1f21a16010205 0 0 0;c 0 0 310100000000;c 0 1 310200000000;c 0 20 00000c200000;c 0 21 00000c200000;c 0 40 000023f80000;c 0 41 000023f80000;c 0 60 00000a020000;c 0 61 00000a020000;c 0 80 320000000000;c 0 81 320000000000;c 0 100 000100000000;c 0 101 000200000000	4927ce870bd8275f
zfd_vib	80	v 11 50 4 0 64 18 1 0 - -;n 255 255 255 255 1 7 256 20 255;o 0080808080808080808080808080808080808080808080808080808080808080808080808080808080808080808080808080808080808080808080808080808080808080808080808080808080808080808080808080808080808080808080808080808080808080808080808080808080808080808080808080808080808080;l 0000000000000000000000000000000000000000;f ;i 0 01021000f3f40a06000004 0 0 0;c 0 0 3101044f23fd;c 0 1 3d0123fd043e;c 0 20 000004000000;c 0 21 000000000400;c 0 40 000004000000;c 0 41 00000a100400;c 0 61 00000000043e;c 0 80 0000044f0000;c 0 100 000004000000	47f6ed60481ecba7
zfd_vibslide	80	v 11 50 4 0 64 18 1 0 - -;n 255 255 255 255 1 7 256 20 255;o 0080808080808080808080808080808080808080808080808080808080808080808080808080808080808080808080808080808080808080808080808080808080808080808080808080808080808080808080808080808080808080808080808080808080808080808080808080808080808080808080808080808080808080;l 0000000000000000000000000000000000000000;f ;i 0 01021000f3f40a06000004 0 0 0;c 0 0 3101045f0000;c 0 1 3d01045f0000;c 0 20 0000060223fd;c 0 21 000023fd1120;c 0 40 000006020000;c 0 41 000000000620;c 0 60 0000110223fd;c 0 61 000000000620;c 0 80 000011020000	d5c36f8aad49b0c8
zfd_xfvib	80	v 11 50 4 0 64 18 1 0 - -;n 255 255 255 255 1 7 256 20 255;o 0080808080808080808080808080808080808080808080808080808080808080808080808080808080808080808080808080808080808080808080808080808080808080808080808080808080808080808080808080808080808080808080808080808080808080808080808080808080808080808080808080808080808080;l 0000000000000000000000000000000000000000;f ;i 0 01021000f3f40a06000004 0 0 0;c 0 0 31012b8f23fd;c 0 1 3d012b8f0000;c 0 20 00002b000000;c 0 40 00002b000000;c 0 41 00002b8f23fd;c 0 80 00002b8f0000	c903787262738d71
zfe_trem	80	v 11 50 4 0 64 18 1 0 - -;n 255 255 255 255 1 7 256 20 255;o 0080808080808080808080808080808080808080808080808080808080808080808080808080808080808080808080808080808080808080808080808080808080808080808080808080808080808080808080808080808080808080808080808080808080808080808080808080808080808080808080808080808080808080;l 0000000000000000000000000000000000000000;f ;i 0 01021000f3f40a06000004 0 0 0;c 0 0 3101164f23fe;c 0 1 3d0123fe2c8f;c 0 20 000016000000;c 0 21 000000002c00;c 0 41 000023fe163e;c 0 60 0000164f23fd;c 0 61 000000001600	c0c3c7f139eab56d
zvibtrem	80	v 11 50 2 0 64 18 1 0 - -;n 255 255 255 255 1 7 256 20 255;o 0080808080808080808080808080808080808080808080808080808080808080808080808080808080808080808080808080808080808080808080808080808080808080808080808080808080808080808080808080808080808080808080808080808080808080808080808080808080808080808080808080808080808080;l 0000000000000000000000000000000000000000;f ;i 0 01021000f3f40a06000004 0 0 0;i 1 21221105f1f21a16010205 1 5 0;i 2 21221105f1f21a16010205 0 0 0;c 0 0 310104440000;c 0 20 000004440000;c 0 40 000023fb0000;c 0 60 000016440000;c 0 80 000016440000;c 0 100 000023fc0000;c 0 120 000004440000;c 0 160 000023fb0000;c 0 180 000016440000;c 0 220 000023fc0000	a292efe11a69e4d7
