# path	type	title	author	instruments	name...  (hex; AdPlug's player API, run by song-info.cpp; regen.sh)
Benjamin Gerardin/ballad.a2m	Adlib Tracker 2 (version 9)		42656e6a616d696e20478272617264696e	5	4d656c6f6469632053796e746865	546865206c696768746573742e	4578706c6f64696e6720546f6d4472756d206f6620446561746821	436f6f6c20706572637520466d	486968617420464d
Benjamin Gerardin/boss8.a2m	Adlib Tracker 2 (version 9)		42656e6a616d696e20478272617264696e	5	4578706c6f64696e6720546f6d4472756d206f6620446561746821	436f6f6c20706572637520466d	47554954464d382e414d45	47554954464d382e414d45	53686f7274206261737320492e
Benjamin Gerardin/down the waterfalls.a2m	Adlib Tracker 2 (version 9)	446f776e2074686520776174657266616c6c73	42656e6a616d696e20478272617264696e	11	47454e5f4d4944492e49424b20283735292050616e466c757465	47454e5f4d4944492e49424b202830292041634772616e64	47454e5f4d4944492e49424b202833322920416342617373	47454e5f4d4944492e49424b202834392920537472456e736232	736e617265	5473756e6b	486968617420464d	56696f6c696e	47454e5f4d4944492e49424b20283935292050385377656570	53796e74686520636c6f6368652031	546865206c696768746573742e
Benjamin Gerardin/far from home.a2m	Adlib Tracker 2 (version 9)	4661722066726f6d20686f6d65	42656e6a616d696e20478272617264696e	8	537472696e6773204d75746564204949	537472696e6773204d75746564204949	464d206c6967687420626173732e	56696f6c696e	53686f7274206261737320492e	436f6f6c20706572637520466d	4578706c6f64696e6720546f6d4472756d206f6620446561746821	486968617420464d
Benjamin Gerardin/fdance06.a2m	Adlib Tracker 2 (version 9)	28555044415445442920446174653a4c756e2031332f31312f3935	42656e6a616d696e20478272617264696e	9	53796e74686520313142	53796e7468652036	46696e67657265642062617373	736e617265	546f6d4472756d202d2d3e2042617373206b69636b	456c656374726f6e6963204869486174205452383030	31392d204163636f6d70616e696d656e7420776176652e	5265736574204f504c32	537472696e6773204d75746564
Benjamin Gerardin/fdance27.a2m	Adlib Tracker 2 (version 9)		42656e6a616d696e20478272617264696e	18	546f6d4472756d202d2d3e2042617373206b69636b	556c7472612043796d62616c2054723930302028423629	486968617420464d204d64	436f6f6c20706572637520466d	4578706c6f64696e6720546f6d4472756d206f6620446561746821			46696e67657265642062617373	53796e7468652036202d205472616e636520536f756e64		53796e7468652036		53796e7468652036		53796e7468652036		53796e7468652036	5457494e2e49424b20283629205457494e5f37
Benjamin Gerardin/fmaven94.a2m	Adlib Tracker 2 (version 9)		42656e6a616d696e20478272617264696e	12	4578706c6f64696e6720546f6d4472756d206f6620446561746821	436f6f6c20706572637520466d	486968617420464d	486968617420464d						47454e5f4d4944492e49424b202833322920416342617373	53594e54482e414d45	4c6f6e6756696f6c696e
Benjamin Gerardin/fmaven95.a2m	Adlib Tracker 2 (version 9)		42656e6a616d696e20478272617264696e	12	4578706c6f64696e6720546f6d4472756d206f6620446561746821	436f6f6c20706572637520466d	486968617420464d	556c7472612043796d62616c20547239303020284236292032		47454e5f4d4944492e49424b202833322920416342617373		53796e7468652036		537472696e6773204d75746564		53796e74686520313142
Benjamin Gerardin/fmaven96.a2m	Adlib Tracker 2 (version 9)		42656e6a616d696e20478272617264696e	23	4d656c6f6469632053796e746865	4e4557464d30362e414d45	53594e54482e414d45		537472696e6773204d75746564204949			464d424153532e414d45	53796e7468652036	53796e7468652036		53796e7468652036		4578706c6f64696e6720546f6d4472756d206f6620446561746821	436f6f6c20706572637520466d	486968617420464d204d64		47454e5f4d4944492e49424b202833322920416342617373		56696f6c696e		4c6f77204b69636b	556c7472612043796d62616c2054723930302028423629
Benjamin Gerardin/fmaven97.a2m	Adlib Tracker 2 (version 9)		42656e6a616d696e20478272617264696e	10	53796e7468652036	47454e5f4d4944492e49424b202833322920416342617373						4578706c6f64696e6720546f6d4472756d206f6620446561746821	436f6f6c20706572637520466d	486968617420464d
Benjamin Gerardin/fmaven98.a2m	Adlib Tracker 2 (version 9)		42656e6a616d696e20478272617264696e	6	537472696e6773204d75746564204949	53796e62617373204d6f646966696564	47454e5f4d4944492e49424b202833322920416342617373	4578706c6f64696e6720546f6d4472756d206f6620446561746821	486968617420464d204d64	436f6f6c20706572637520466d
Benjamin Gerardin/fmavn63b.a2m	Adlib Tracker 2 (version 9)		42656e6a616d696e20478272617264696e	8	46696e67657265642062617373	537472696e6773	5761726d20537472696e6773202d2056696f6c696e	5473756e6b	506572637520464d	486968617420464d	456c656374726f6e69632048694861742043523830303048	47454e5f4d4944492e49424b20283935292050385377656570
Benjamin Gerardin/gates of the northlands.a2m	Adlib Tracker 2 (version 9)	4761746573206f6620746865204e6f7274686c616e6473	42656e6a616d696e20478272617264696e	8	537472696e6773204d75746564204949	53686f72742053796e74682028666f722072657065617429	56696f6c696e	4578706c6f64696e6720546f6d4472756d206f6620446561746821	4d656c6f6469632053796e746865	436f6f6c20706572637520466d	53686f7274206261737320492e	486968617420464d204d64
Benjamin Gerardin/global alternative trance.a2m	Adlib Tracker 2 (version 9)	476c6f62616c20416c7465726e6174697665205472616e6365	42656e6a616d696e20478272617264696e	20	537472696e6773	537472696e6773	537472696e6773	537472696e6773	537472696e6773	537472696e6773	53796e7468652036202d205472616e636520536f756e64	53796e7468652036202d205472616e636520536f756e64	5457494e2e49424b20283629205457494e5f37	53796e74686520313142	53796e74686520313142	53796e74686520313142	53796e74686520313142	53796e74686520313142	53796e74686520313142	53796e74686520313142				4c6f77204b69636b
Benjamin Gerardin/high tech environment ii.a2m	Adlib Tracker 2 (version 9)	48696768205465636820456e7669726f6e6d656e74204949	42656e6a616d696e20478272617264696e	9	4578706c6f64696e6720546f6d4472756d206f6620446561746821	436f6f6c20706572637520466d	486968617420464d204d64	456c656374726f6e69632048694861742043523830303048	46696e67657265642062617373	736e617265	4d656761536f6e2073616e732041747461636b	537472696e6773	5457494e2e49424b20283629205457494e5f37
Benjamin Gerardin/high tech environment iii (final).a2m	Adlib Tracker 2 (version 9)	48696768205465636820456e7669726f6e6d656e7420494949	42656e6a616d696e20478272617264696e	10	46696e67657265642062617373	537472696e6773	56696f6c696e	4578706c6f64696e6720546f6d4472756d206f6620446561746821	436f6f6c20706572637520466d	486968617420464d204d64	456c656374726f6e69632048694861742043523830303048	47454e5f4d4944492e49424b20283935292050385377656570	47454e5f4d4944492e49424b202833322920416342617373	5444313120626573742073796e74682e
Benjamin Gerardin/high tech environment iii.a2m	Adlib Tracker 2 (version 9)	48696768205465636820456e7669726f6e6d656e7420494949	42656e6a616d696e20478272617264696e	8	46696e67657265642062617373	537472696e6773	56696f6c696e	5473756e6b	506572637520464d	486968617420464d	456c656374726f6e69632048694861742043523830303048	47454e5f4d4944492e49424b20283935292050385377656570
Benjamin Gerardin/la boite speciale daubes.a2m	Adlib Tracker 2 (version 9)	4c6120626f697465207370656369616c6520646175626573	42656e6a616d696e20478272617264696e	10	5265736574204f504c32	546f6d4472756d	5377617368436c6170	53796e74686520313142	46696e67657265642062617373	53796e7468652036	456c656374726f6e69632048694861742043523830303048	53796e74686520313142	41747461636b4c656164	4f504c3220576176652030202853494e4529
Benjamin Gerardin/neurophobian.a2m	Adlib Tracker 2 (version 9)	4e6575726f50686f6269614e	42656e6a616d696e20478272617264696e	33	416c706861203031	416c706861203031	416c706861203031	416c706861203031	416c706861203031		53796e7468652036202d205472616e636520536f756e64	537472696e6773204d75746564204949										47454e5f4d4944492e49424b202833322920416342617373		546f6d4472756d202d2d3e2042617373206b69636b	436f6f6c20706572637520466d	4578706c6f64696e6720546f6d4472756d206f6620446561746821	436f6f6c20706572637520466d	486968617420464d204d64		53796e7468652036	53796e7468652036	53796e7468652036	53796e7468652036	53796e7468652036	53796e7468652036	53796e7468652036	53796e7468652036
Benjamin Gerardin/now that you're gone.a2m	Adlib Tracker 2 (version 9)	4e6f77207468617420796f7527726520676f6e65	42656e6a616d696e20478272617264696e	16	47454e5f4d4944492e49424b202837332920466c757465	464d206c6967687420626173732e	4d656c6f6469632053796e746865	537472696e6773204d75746564204949						4578706c6f64696e6720546f6d4472756d206f6620446561746821	436f6f6c20706572637520466d	486968617420464d204d64	556c7472612043796d62616c2054723930302028423629	56696f6c696e		47454e5f4d4944492e49424b202833322920416342617373
Benjamin Gerardin/recherche de sons.a2m	Adlib Tracker 2 (version 9)	52656368657263686520646520736f6e733f3f3f3f	42656e6a616d696e20478272617264696e	24	537472696e6773204d75746564204949		56696f6c696e		46696e67657265642062617373		537472696e6773204d75746564204949		5457494e2e49424b20283629205457494e5f37		53796e7468652036202d205472616e636520536f756e64									546f6d4472756d202d2d3e2042617373206b69636b	486968617420464d204d64	436f6f6c20706572637520466d	4578706c6f64696e6720546f6d4472756d206f6620446561746821	556c7472612043796d62616c2054723930302028423629
Benjamin Gerardin/running after the clouds.a2m	Adlib Tracker 2 (version 9)	52756e6e696e672061667465722074686520636c6f756473	42656a616d696e20478272617264696e	13	4d656c6f6469632053796e746865	4e4557464d30362e414d45	53594e54482e414d45	4578706c6f64696e6720546f6d4472756d206f6620446561746821	436f6f6c20706572637520466d	486968617420464d204d64	5f4f55474f5454412e414d45	464d424153532e414d45			47756974617220537472696e67	53594e54482e414d45	53796e7468652036
Benjamin Gerardin/song100.a2m	Adlib Tracker 2 (version 9)		42656e6a616d696e20478272617264696e	11	53796e7468652036	53686f7274206261737320492e	53796e7468652036	47454e5f4d4944492e49424b202833322920416342617373	5444313120626573742073796e74682e					436f6f6c20706572637520466d	4578706c6f64696e6720546f6d4472756d206f6620446561746821
Benjamin Gerardin/song102.a2m	Adlib Tracker 2 (version 9)		42656e6a616d696e20478272617264696e	13	53796e7468652036	53686f7274206261737320492e	53796e7468652036	47454e5f4d4944492e49424b20283135292044756c63696d6572	5444313120626573742073796e74682e					436f6f6c20706572637520466d	4578706c6f64696e6720546f6d4472756d206f6620446561746821	486968617420464d	556c7472612043796d62616c2054723930302028423629
Benjamin Gerardin/song103.a2m	Adlib Tracker 2 (version 9)		42656e6a616d696e20478272617264696e	12	53796e74686520636c6f6368652033	456c65632062617373	20362d2053796e746820626173732e		537472696e6773204d75746564204949					4578706c6f64696e6720546f6d4472756d206f6620446561746821	436f6f6c20706572637520466d	486968617420464d
Benjamin Gerardin/song105.a2m	Adlib Tracker 2 (version 9)		42656e6a616d696e20478272617264696e	8	4578706c6f64696e6720546f6d4472756d206f6620446561746821	436f6f6c20706572637520466d	486968617420464d	53686f7274206261737320492e	5444313120626573742073796e74682e	5457494e2e49424b20283629205457494e5f37	537472696e6773204d75746564204949	47454e5f4d4944492e49424b202833362920536c617042617331
Benjamin Gerardin/song108.a2m	Adlib Tracker 2 (version 9)		42656e6a616d696e20478272617264696e	7	4578706c6f64696e6720546f6d4472756d206f6620446561746821	436f6f6c20706572637520466d	486968617420464d	47454e5f4d4944492e49424b202833322920416342617373	53796e7468652036	4d656c6f6469632053796e746865	537472696e6773204d75746564204949
Benjamin Gerardin/sonic.a2m	Adlib Tracker 2 (version 9)		42656e6a616d696e20478272617264696e	12	53796e74686520636c6f6368652033	53686f727420626173732049492e	56696f6c696e	5444313120626573742073796e74682e	53796e7468652036					486968617420464d	506572637520464d	5473756e6b
Benjamin Gerardin/storm riders (fm version).a2m	Adlib Tracker 2 (version 9)	53746f726d205269646572732028466d2076657273696f6e29	42656e6a616d696e20478272617264696e	12	4e4557464d30352e414d45	4e4557464d30362e414d45	53796e7468652036	544431312e414d45	74727368677569742e414d45	53796e74686520636c6f6368652031				4578706c6f64696e6720546f6d4472756d206f6620446561746821	436f6f6c20706572637520466d	486968617420464d
Benjamin Gerardin/tanioll's musik.a2m	Adlib Tracker 2 (version 9)	54616e696f6c6c2773206d7573696b2021	42656e6a616d696e20478272617264696e	8	4578706c6f64696e6720546f6d4472756d206f6620446561746821	486968617420464d	436f6f6c20706572637520466d	53686f7274206261737320492e	4d656c6f6469632053796e746865	537472696e6773204d75746564204949	5a796e446973742e46756c6c	5444313120626573742073796e74682e
Benjamin Gerardin/the world is gonna fall.a2m	Adlib Tracker 2 (version 9)	54686520576f726c6420697320676f6e6e612066616c6c2e2e2e	42656e6a616d696e20478272617264696e	8	56696f6c696e	537472696e6773204d75746564204949	5265736574204f504c32	4d656c6f6469632053796e746865	46696e67657265642062617373	4578706c6f64696e6720546f6d4472756d206f6620446561746821	436f6f6c20706572637520466d	486968617420464d204d64
Benjamin Gerardin/this is new jack daniel's!.a2m	Adlib Tracker 2 (version 9)	54686973206973204e6577204a61636b2044616e69656c277321	42656e6a616d696e20478272617264696e	10	537472696e6773	46696e67657265642062617373	486968617420464d	456c656374726f6e69632048694861742043523830303048	5473756e6b	506572637520464d	486968617420464d	56696f6c696e	53796e74686520313142	53796e7468652036
Benjamin Gerardin/trance avec filtres.a2m	Adlib Tracker 2 (version 9)	5472616e636520617665632066696c74726573	42656e6a616d696e20478272617264696e	14	537472696e6773	5265736574204f504c32	31392d204163636f6d70616e696d656e7420776176652e	46696e67657265642062617373	546f6d4472756d	456c656374726f6e69632048694861742043523830303048	44616e6365204472756d	486968617420464d	4c6974746c652050657263757373696f6e	7e6f757073312e72617720286e6fff68656164657229	456c656374726f6e69632048694861742043523830303048	43796d62616c2048697420464d	53796e74686520313142	53796e7468652036
Benjamin Gerardin/troubleshit drugs.a2m	Adlib Tracker 2 (version 9)	54726f75626c6573686974204472756773	42656a6d616e696e20478272617264696e	28	416c706861203031	416c706861203032		42657461203031	42657461203031		5457494e2e49424b20283629205457494e5f372042		464d206c6967687420626173732e		496e737472756d656e742031202d20506172742031		53796e74686520636c6f6368652033	53796e74686520636c6f6368652033		53686f7274206261737320492e		5457494e2e49424b20283529205457494e5f36		546f6d4472756d202d2d3e2042617373206b69636b	486968617420464d204d64	436f6f6c20706572637520466d	556c7472612043796d62616c2054723930302028423629	486968617420464d204d64		53796e7468652036		5457494e2e49424b20283629205457494e5f37
Benjamin Gerardin/ultra debil oup trop fort.a2m	Adlib Tracker 2 (version 9)	556c74726120646562696c206f75702074726f7020666f7274	42656e6a616d696e20478272617264696e	9	546f6d4472756d202d2d3e2042617373206b69636b	486968617420464d204d64	436f6f6c20706572637520466d	4578706c6f64696e6720546f6d4472756d206f6620446561746821	436f6f6c20706572637520466d		56696f6c696e	496e737472756d656e742031202d20506172742031	46696e67657265642062617373
Benjamin Gerardin/wood village.a2m	Adlib Tracker 2 (version 9)	576f6f642076696c6c61676520285550444154454429	42656e6a616d696e20478272617264696e	9	31382d204c6f76656c79206d656c6f64792e	31302d20416d6269616e636520736f756e642e	546f6d4472756d	5473756e6b	5041442032203a20536e617265	486968617420464d	456c656374726f6e69632048694861742043523830303048	56696f6c696e	53796e74686520636c6f6368652031
Brendan Bailey/15 minute compo trial.a2m	Adlib Tracker 2 (version 11)	3135204d696e75746520436f6d706f20547269616c	4272656e64616e204261696c657920284265737420696e203135206d696e7574657329	5	544f4d4452554d	53445253594e3031	53445253594e3032	504c495048312020	57555a5a4c453320
Brendan Bailey/a different kind of hero.a2m	Adlib Tracker 2 (version 11)	4120446966666572656e74204b696e64206f66204865726f	4272656e64616e204261696c65792028637265646974732129	7	44424c4241535320	53445253594e3031	53445253594e3032	594b414241535331	444f43534f4c4f	4c45414431202020	57555a5a4c453145
Brendan Bailey/ambush of angels.a2m	Adlib Tracker 2 (version 11)	416d62757368206f6620416e67656c732028706c6561736520637265646974206d6529	4272656e64616e204261696c6579202850696e62616c6c4272656e64616e40616f6c2e636f6d29	7	57555a5a4c453344	53445253594e3031	53445253594e3032	504c495048312020	4143475549543120	4241535344524e34	4754524856593032
Brendan Bailey/an awkward invasion.a2m	Adlib Tracker 2 (version 11)	22416e2041776b7761726420496e766173696f6e222028706c6561736520637265646974206d6529	4272656e64616e204261696c6579202d2050696e62616c6c4272656e64616e40616f6c2e636f6d	6	504c495048312020	53445253594e3031	53445253594e3032	5748495a5a4f3244	444f43534f4c4f20	41434f5553544920
Brendan Bailey/banzai erdogo.a2m	Adlib Tracker 2 (version 11)	42616e7a6169204572646f676f	4272656e64616e204261696c65792028637265646974732129	8	544f4d4452554d	53445253594e3031	53445253594e3032	46555a4755493132	504c495048312020	424c555242332020	4c45414431202020	44424c4241535320
Brendan Bailey/battletoads briefing theme.a2m	Adlib Tracker 2 (version 11)	426174746c65746f616473206272696566696e67207468656d65	7468697320617766756c20636f766572206279204272656e64616e204261696c6579	5	53445253594e3031	53445253594e3032	57555a5a4c45334a	504c495048312020	4261737320323935
Brendan Bailey/birdstone.a2m	Adlib Tracker 2 (version 11)	224269726473746f6e65222028706c6561736520637265646974206d6529	4272656e64616e204261696c6579202d2050696e62616c6c4272656e64616e40616f6c2e636f6d	7	57555a5a4c453146	53445253594e3031	53445253594e3032	504c495048312020	4252415353312020	444f4353594e4d20	424c495050334120
Brendan Bailey/blades of glory (revised version).a2m	Adlib Tracker 2 (version 11)	426c61646573206f6620476c6f72792028726576697365642076657273696f6e29	4272656e64616e204261696c65792028637265646974732129	7	544f4d4452554d	53445253594e3031	53445253594e3032	44424c4241535320	504c495048312020	4754524856593032	4241535344524e31
Brendan Bailey/blades of glory.a2m	Adlib Tracker 2 (version 11)	426c61646573206f6620476c6f72792028706c6561736520637265646974206d6529	4272656e64616e204261696c6579202850696e62616c6c4272656e646140616f6c2e636f6d29	5	57555a5a4c453344	53445253594e3031	53445253594e3032	504c495048312020	4754524856593033
Brendan Bailey/bonus round theme.a2m	Adlib Tracker 2 (version 11)	2a2a2a426f6e757320726f756e64207468656d652a2a2a	4272656e64616e204261696c65792028637265646974732129	6	544f4d4452554d	53445253594e3031	53445253594e3032	504c495048312020	57555a5a4c453348	57555a5a4c453341
Brendan Bailey/call to duty.a2m	Adlib Tracker 2 (version 11)	43616c6c20546f2044757479	4272656e64616e204261696c657920284372656469747321212129	13	544f4d4452554d	53445253594e3031	53445253594e3032	504c495048312020	534f434531202020	5953312020202020	4241535344524e31	41434f5553544920	57555a5a4c453341	57555a5a4c453320	5445535441434320	41544d4f53504852	54524f4e31202020
Brendan Bailey/chivalry honor.a2m	Adlib Tracker 2 (version 11)	2243686976616c727920486f6e6f7222202028706c6561736520637265646974206d6529	4272656e64616e204261696c6579202d2050696e62616c6c4272656e64616e40616f6c2e636f6d	6	57555a5a4c453146	53445253594e3031	53445253594e3032	504c495048312020	454c475549544152	4252415353312020
Brendan Bailey/conspiracy.a2m	Adlib Tracker 2 (version 11)	436f6e737069726163792028506c6561736520637265646974206d6529	4272656e64616e204261696c6579202850696e42616c6c4272656e64616e40616f6c2e636f6d29	6	57555a5a4c45334a	53445253594e3031	53445253594e3032	5a4f494e4b533241	6b6579627264322e736269	4147554954415220
Brendan Bailey/cool cat.a2m	Adlib Tracker 2 (version 11)	436f6f6c204361742028706c6561736520637265646974206d6529	4272656e64616e204261696c6579202850696e62616c6c4272656e64616e40616f6c2e636f6d29	5	53445253594e3031	534452554d322020	57555a5a4c45334a	6b6579627264322e736269	4754524856593032
Brendan Bailey/cool down time.a2m	Adlib Tracker 2 (version 11)	436f6f6c20446f776e2054696d65	4272656e64616e204261696c65792028437265646974732129	6	57555a5a4c453220	53445253594e3031	53445253594e3032	4241535332202020	4348494646374120	4755495441522020
Brendan Bailey/deception (revised edition).a2m	Adlib Tracker 2 (version 11)	446563657074696f6e2028526576697365642065646974696f6e29	4272656e64616e204261696c65792028637265646974732129	11	544f4d4452554d	53445253594e3031	53445253594e3032	504c495048312020	53594e5448312020	4547554954415232	535445454c475437	57555a5a4c453146	4252415353303320	4252415353303320	4252415353303320
Brendan Bailey/deep down low.a2m	Adlib Tracker 2 (version 11)	4465657020446f776e204c6f772028706c6561736520637265646974206d6529	4272656e64616e204261696c6579202850696e62616c6c4272656e64616e40616f6c2e636f6d29	6	57555a5a4c453344	53445253594e3031	53445253594e3032	504c49504831	73687274626173732e636966	4754524856593033
Brendan Bailey/dream 7 max slot machine bonus theme.a2m	Adlib Tracker 2 (version 11)	447265616d2037204d617820536c6f74204d616368696e6520426f6e7573205468656d65	436f766572206279204272656e64616e204261696c6579	9	544f4d4452554d	53445253594e3031	53445253594e3032	44424c4241535320	504f4c59534e5448	57555a5a4c453244	574153484d453241	544f4d3320202020	626174746c652e736769
Brendan Bailey/dream 7 max.a2m	Adlib Tracker 2 (version 11)	447265616d2037204d41582028706c6561736520637265646974206d6529	4272656e64616e204261696c6579202850696e62616c6c4272656e64616e40616f6c2e636f6d29	7	57555a5a4c453344	53445253594e3031	53445253594e3032	504c495048312020	53484f525453594e	4754524856593033	4142525353312020
Brendan Bailey/dream among the clouds forever.a2m	Adlib Tracker 2 (version 11)	22447265616d20416d6f6e672074686520436c6f75647320466f726576657222	4272656e64616e204261696c6579202d2050696e62616c6c4272656e64616e40616f6c2e636f6d	7	57555a5a4c453146	53445253594e3031	53445253594e3032	504c495048312020	504853484631	4c45414431202020	56494252454c4c53
Brendan Bailey/electronic skiing.a2m	Adlib Tracker 2 (version 11)	22456c656374726f6e696320536b69696e67222028506c6561736520637265646974206d6529	4272656e64616e204261696c6579202d2050696e62616c6c4272656e64616e40616f6c2e636f6d	6	57555a5a4c453146	53445253594e3031	53445253594e3032	504c495048312020	4653545250314120	535f535049303337
Brendan Bailey/enchanting loop.a2m	Adlib Tracker 2 (version 11)	456e6368616e74696e67204c6f6f70	4272656e64616e204261696c6579	5	544f4d4452554d	53445253594e3031	53445253594e3032	4241535334202020	4845414459202020
Brendan Bailey/entertainment warehouse.a2m	Adlib Tracker 2 (version 11)	22456e7465727461696e6d656e742057617265686f75736522	4272656e64616e204261696c6579202d20706c6561736520637265646974206d65	8	57555a5a4c453146	53445253594e3031	53445253594e3032	4241535344524e31	41434f5553544920	424153594b413031	50696e62616c6c4272656e64616e40616f6c2e636f6d	544f4d4452554d
Brendan Bailey/evil sounding loop.a2m	Adlib Tracker 2 (version 11)	4576696c20736f756e64696e67206c6f6f70	4272656e64616e204261696c6579	8	544f4d4452554d	53445253594e3031	53445253594e3032	436f6f6c20706572637520466d	44424c4241535320	504c495048312020	53594e5448332020	5748495a5a4f3142
Brendan Bailey/fifths echo rock.a2m	Adlib Tracker 2 (version 11)	466966746873204563686f20526f636b	4272656e64616e204261696c65792028637265646974732129	7	504c495048312020	53445253594e3031	53445253594e3032	57555a5a4c453146	44424c5245454434	466966746873206563686f	544f4d4452554d
Brendan Bailey/frenzy!!!.a2m	Adlib Tracker 2 (version 11)	4652454e5a59212121	4272656e64616e204261696c65792028637265646974732129	8	504c495048312020	53445253594e3031	53445253594e3032	454c475549544152	57555a5a4c453348	594b414241535331	57555a5a4c453341	544f4d4452554d
Brendan Bailey/friendship.a2m	Adlib Tracker 2 (version 11)	467269656e6473686970	4272656e64616e204261696c6579202863726564697473212129	6	544f4d4452554d	53445253594e3031	53445253594e3032	44424c4241535320	42524153533031	594b414241535331
Brendan Bailey/frozen over heck.a2m	Adlib Tracker 2 (version 11)	46726f7a656e204f766572204865636b2028706c6561736520637265646974206d6529	4272656e64616e204261696c6579202850696e42616c6c4272656e64616e40616f6c2e636f6d29	8	57555a5a4c453344	53445253594e3031	53445253594e3032	504c495048312020	4352554e43485931	4348494646374120	4841525053493120	4252415353312020
Brendan Bailey/full throttle.a2m	Adlib Tracker 2 (version 11)	46756c6c205468726f74746c652028706c6561736520637265646974206d6529	4272656e64616e204261696c6579202850696e62616c6c4272656e64616e40616f6c2e636f6d29	6	57555a5a4c453344	53445253594e3031	53445253594e3032	504c495048312020	4241535344524e31	4754524856593033
Brendan Bailey/fun land.a2m	Adlib Tracker 2 (version 11)	46756e204c616e64	4272656e64616e204261696c65792028637265646974732129	6	544f4d4452554d	53445253594e3031	53445253594e3032	44424c4241535320	4c4f5753594e3220	57555a5a4c453348
Brendan Bailey/game tutorial theme.a2m	Adlib Tracker 2 (version 11)	47616d65205475746f7269616c205468656d65	4272656e64616e204261696c65792028637265646974732129	6	544f4d4452554d	53445253594e3031	53445253594e3032	57555a5a4c453143	57555a5a4c453146	57555a5a4c453146
Brendan Bailey/golden bell slot machine bonus theme.a2m	Adlib Tracker 2 (version 11)	476f6c64656e2042656c6c20536c6f74204d616368696e6520626f6e7573207468656d65	636f766572206279204272656e64616e204261696c6579	6	544f4d4452554d	53445253594e3031	53445253594e3032	44424c4241535320	44424c5245454434	5953312020202020
Brendan Bailey/here come the teamsters.a2m	Adlib Tracker 2 (version 11)	4865726520636f6d6520746865205465616d737465727321	4272656e64616e204261696c65792028637265646974732129	6	544f4d4452554d	53445253594e3031	53445253594e3032	4261737320323935	5445535441434320	444f434f52473120
Brendan Bailey/hov lane.a2m	Adlib Tracker 2 (version 11)	484f56204c616e65	4272656e64616e204261696c65792028637265646974732129	9	544f4d4452554d	53445253594e3031	53445253594e3032	424452554d332020	504c495048312020	534f434531202020	53594e4252415353	44424c5245454432	57555a5a4c453341
Brendan Bailey/in a perfect world.a2m	Adlib Tracker 2 (version 11)	496e2061205065726665637420576f726c64	4272656e64616e204261696c65792028637265646974206d6520696620757365642129	9	544f4d4452554d	53445253594e3031	53445253594e3032	57555a5a4c453348	626173736472756d	504c495048312020	44424c5245454420	53594e5448332020	6c6f776572
Brendan Bailey/inevitable serenety.a2m	Adlib Tracker 2 (version 11)	496e6576697461626c6520536572656e697479	4272656e64616e204261696c6579202863726564697473212129	8	544f4d4452554d	53445253594e3031	53445253594e3032	4241535356494f4c	4754524a415a3032	504c495048312020	53594e4241535334	5953312020202020
Brendan Bailey/lemmings level 4 theme.a2m	Adlib Tracker 2 (version 11)	4c656d6d696e6773206c6576656c203420283f29207468656d65	436f766572206279204272656e64616e204261696c6579	8	544f4d4452554d	53445253594e3031	53445253594e3032	504c495048312020	53594e4241535334	4c45414431	4c45414431202020	4c45414431202020
Brendan Bailey/look to the horizon.a2m	Adlib Tracker 2 (version 11)	224c6f6f6b20746f2074686520486f72697a6f6e222028706c6561736520637265646974206d6529	4272656e64616e204261696c6579202d2050696e62616c6c4272656e64616e40616f6c2e636f6d	7	594b414241535331	53445253594e3031	53445253594e3032	504c495048312020	454c475549544152	4252415353312020	73687274626173732e636966
Brendan Bailey/lost cause.a2m	Adlib Tracker 2 (version 11)	4c6f7374204361757365	4272656e64616e204261696c6579202863726564697473212129	9	544f4d4452554d	53445253594e3031	53445253594e3032	44424c4241535320	504c495048312020	57555a5a4c453348	41434f5553544920	4c45414431202020	636c617073312e736269
Brendan Bailey/lucky sevens.a2m	Adlib Tracker 2 (version 11)	224c75636b7920536576656e73222028706c6561736520637265646974206d652129	4272656e64616e204261696c6579202d2050696e62616c6c4272656e64616e40616f6c2e636f6d	6	57555a5a4c453146	53445253594e3031	53445253594e3032	504c495048312020	57555a5a4c453348	5748495a5a4f3241
Brendan Bailey/manifest destiny.a2m	Adlib Tracker 2 (version 11)	4d616e69666573742044657374696e79	4272656e64616e204261696c65792028637265646974732129	11	504c495048312020	53445253594e3031	53445253594e3032	434b4e5831202020	424c495050322020	44424c5245454420	5048534846312020	57555a5a4c453347			544f4d4452554d
Brendan Bailey/marble city.a2m	Adlib Tracker 2 (version 11)	4d6172626c652043697479	4272656e64616e204261696c65792028637265646974732129	6	504c495048312020	53445253594e3031	53445253594e3032	534f434531202020	43594d42414c3620	57555a5a4c453144
Brendan Bailey/mario star theme.a2m	Adlib Tracker 2 (version 11)	4d6172696f2053746172207468656d65	5468697320617766756c20636f766572206279204272656e64616e204261696c6579	5	544f4d4452554d	53445253594e3031	53445253594e3032	504c495048312020	424947484f524e20
Brendan Bailey/mechanical age.a2m	Adlib Tracker 2 (version 11)	4d656368616e6963616c204167652028506c6561736520637265646974206d6529	4272656e64616e204261696c6579202850696e62616c6c4272656e64616e40616f6c2e636f6d29	8	57555a5a4c453344	53445253594e3031	53445253594e3032	504c495048312020	4d4554414c312020	475452454c433133	4241535344524e31	4754524856593033
Brendan Bailey/mechanized warfare.a2m	Adlib Tracker 2 (version 11)	224d656368616e697a65642057617266617265222028706c6561736520637265646974206d6529	4272656e64616e204261696c6579202d2050696e62616c6c4272656e64616e40616f6c2e636f6d	7	594b414241535331	53445253594e3031	53445253594e3032	504c495048312020	57555a5a4c453341	57555a5a4c453144	466966746873206563686f
Brendan Bailey/metro in transit.a2m	Adlib Tracker 2 (version 11)	224d6574726f20696e205472616e736974222028506c6561736520637265646974206d6529	4272656e64616e204261696c6579202d2050696e62616c6c6272656e64616e40616f6c2e636f6d	7	57555a5a4c453348	53445253594e3031	53445253594e3032	504c495048312020	424c495050334120	4252415353312020	5748495a5a4f3144
Brendan Bailey/moderately speaking.a2m	Adlib Tracker 2 (version 11)	224d6f6465726174656c7920537065616b696e6722	4272656e64616e204261696c65792028637265646974732129	6	544f4d3220202020	53445253594e3031	53445253594e3032	504c495048312020	594b414241535331	5953312020202020
Brendan Bailey/never say never.a2m	Adlib Tracker 2 (version 11)	4e6576657220536179204e65766572	4272656e64616e204261696c6579202863726564697473212129	8	544f4d4452554d	53445253594e3031	53445253594e3032	534f434531202020	504c495048312020	466966746873206563686f	4252494748542020	57555a5a4c453144
Brendan Bailey/no choice but to follow them.a2m	Adlib Tracker 2 (version 11)	224e6f2043686f6963652062757420746f20466f6c6c6f77205468656d22	4272656e64616e204261696c6579202d20506c6561736520637265646974206d65	7	57555a5a4c453146	53445253594e3031	53445253594e3032	504c495048312020	4252415353312020	424c495050334120	4c45414431202020
Brendan Bailey/no good gofers.a2m	Adlib Tracker 2 (version 11)	224e6f20476f6f6420476f6665727322202028506c6561736520637265646974206d6529	4272656e64616e204261696c6579202d2070696e62616c6c6272656e64616e40616f6c2e636f6d	7	454c424153533820	53445253594e3031	53445253594e3032	504c495048312020	4241535344524e31	424153594b413031	434a432020202020
Brendan Bailey/oblivion blast.a2m	Adlib Tracker 2 (version 11)	4f626c6976696f6e20426c617374	4272656e64616e204261696c6579202863726564697473212129	7	544f4d4452554d	53445253594e3031	53445253594e3032	504c495048312020	4241535344524e31	41434f5553544920	5445535441434320
Brendan Bailey/obstacles of a determinded mind.a2m	Adlib Tracker 2 (version 11)	4f62737461636c6573206f6620612044657465726d696e6564204d696e64	4272656e64616e204261696c6579202843726564697473212129	7	544f4d4452554d	53445253594e3031	53445253594e3032	44424c5245454420	504c495048312020	42524153533031	57555a5a4c453341
Brendan Bailey/oh the irony!.a2m	Adlib Tracker 2 (version 11)	4f68207468652049726f6e79212028706c6561736520637265646974206d6529	4272656e64616e204261696c6579202870696e62616c6c4272656e64616e40616f6c2e636f6d29	6	5748495a5a4f3244	53445253594e3031	53445253594e3032	504c495048312020	4241535344524e31	4754524856593033
Brendan Bailey/one heck of an adventure!.a2m	Adlib Tracker 2 (version 11)	4f6e65204865636b204f6620416e20416476656e7475726521	4272656e64616e204261696c6579202843726564697473212129	7	544f4d4452554d	53445253594e3031	53445253594e3032	504c495048312020	434a432020202020	4c45414431202020	4c45414432202020
Brendan Bailey/race through cyberspace (original ed.).a2m	Adlib Tracker 2 (version 11)	2252616365205468726f75676820437962657273706163652220286f726967696e616c2065642e29	4272656e64616e204261696c6579202d20506c6561736520637265646974206d6521	8	4241535335202020	53445253594e3031	53445253594e3032	504c495048312020	4241535344524e33	534f434531202020	4348494646342020	57555a5a4c453347
Brendan Bailey/race through cyberspace (revised edition).a2m	Adlib Tracker 2 (version 11)	2252616365205468726f75676820437962657273706163652220726576697365642065646974696f6e	4272656e64616e204261696c6579202d20506c6561736520637265646974206d6521	13	4241535335202020	53445253594e3031	53445253594e3032	504c495048312020	4241535344524e33	534f434531202020	4348494646342020	57555a5a4c453347	50696e62616c6c4272656e64616e40616f6c2e636f6d	57555a5a4c45334a	57555a5a4c45334a	544f4d4452554d	5953312020202020
Brendan Bailey/sinister deception.a2m	Adlib Tracker 2 (version 11)	2253696e697374657220446563657074696f6e222028706c6561736520637265646974206d6529	4272656e64616e204261696c6579202d2070696e62616c6c6272656e64616e40616f6c2e636f6d	8	57555a5a4c453146	53445253594e3031	53445253594e3032	504c495048312020	41434f5553544920	4241535344524e31	4554484e49432020	425241535331
Brendan Bailey/sitcom - game menu theme.a2m	Adlib Tracker 2 (version 11)	536974636f6d2f67616d65206d656e75207468656d65	4272656e64616e204261696c6579202863726564697473212129	5	4241535334202020	53445253594e3031	53445253594e3032	4252445457454554	4845414459202020
Brendan Bailey/skylight central.a2m	Adlib Tracker 2 (version 11)	22536b796c696768742043656e7472616c222028706c6561736520637265646974206d6529	4272656e64616e204261696c6579202d2050696e62616c6c4272656e64616e40616f6c2e636f6d	7	57555a5a4c453146	53445253594e3031	53445253594e3032	504c495048312020	434a432020202020	424c495050334120	4c45414431202020
Brendan Bailey/sleep, work, and play.a2m	Adlib Tracker 2 (version 11)	536c6565702c20576f726b2c20616e6420506c61792028706c6561736520637265646974206d6529	4272656e64616e204261696c6579202850696e62616c6c4272656e64616e40616f6c2e636f6d29	7	57555a5a4c453344	53445253594e3031	53445253594e3032	504c495048312020	4252415353312020	424c495050322020	4348494646324120
Brendan Bailey/spaceplex.a2m	Adlib Tracker 2 (version 11)	5370616365506c6578	4272656e64616e204261696c6579202863726564697473212129	10	544f4d4452554d	53445253594e3031	53445253594e3032	536e617265312020	4261737344726d33	536e61726532	44424c4241535320	57555a5a4c453348	54524f4e31412020	53594e4241535334
Brendan Bailey/spark plug.a2m	Adlib Tracker 2 (version 11)	537061726b20506c7567	4272656e64616e204261696c65792028437265646974732129	7	594b414241535331	53445253594e3031	53445253594e3032	504c495048312020	434b4e5831202020	57555a5a59202020	57555a5a4c453341
Brendan Bailey/stormy weather.a2m	Adlib Tracker 2 (version 11)	53746f726d792057656174686572	4272656e64616e204261696c6579202843726564697473212129	8	544f4d4452554d	53445253594e3031	53445253594e3032	44424c4241535320	504c495048312020	53594e4252535333	57555a5a4c453242	424c495050334120
Brendan Bailey/suspicion.a2m	Adlib Tracker 2 (version 11)	537573706963696f6e	4272656e64616e204261696c65792028637265646974732129	5	504c495048312020	53445253594e3031	53445253594e3032	4845414459	53594e31324c2020
Brendan Bailey/the 30 blade razor commercial theme.a2m	Adlib Tracker 2 (version 11)	54686520333020426c6164652052617a6f7220436f6d6d65726369616c205468656d65	4272656e64616e204261696c65792028637265646974732129	7	544f4d4452554d	53445253594e3031	53445253594e3032	4261737344726d33	44424c4241535320	4754524a415a3032	57555a5a59202020
Brendan Bailey/the apocalypse starts at sun down.a2m	Adlib Tracker 2 (version 11)	225468652041706f63616c79707365205374617274732061742053756e20446f776e22	4272656e64616e204261696c6579202d20506c6561736520637265646974206d65	7	57555a5a4c453146	53445253594e3031	53445253594e3032	504c49504831	57555a5a4c453344	57555a5a4c453349	4c45414431202020
Brendan Bailey/the big guns.a2m	Adlib Tracker 2 (version 11)	22546865204269672047756e7322202028506c6561736520637265646974206d6529	4272656e64616e204261696c6579202d2050696e62616c6c4272656e64616e40616f6c2e636f6d	6	57555a5a4c453146	53445253594e3031	53445253594e3032	504c495048312020	424c495050334120	4147554954415220
Brendan Bailey/the blizzard.a2m	Adlib Tracker 2 (version 11)	54686520426c697a7a617264	4272656e64616e204261696c657920286372656469747321212129	9	544f4d4452554d	53445253594e3031	53445253594e3032	44424c4241535320	504c495048312020	57555a5a4c453347	57555a5a4c453341	57555a5a4c453348	424c495050322020
Brendan Bailey/the contrasts between good and evil - what we learn.a2m	Adlib Tracker 2 (version 11)	2254686520436f6e747261737473204265747765656e20476f6f6420616e64204576696c3a	57686174205765204c6561726e22206279204272656e64616e204261696c6579	7	57555a5a4c453146	53445253594e3031	53445253594e3032	504c495048312020	41434f555354	434a432020202020	4252415353312020
Brendan Bailey/the day has come.a2m	Adlib Tracker 2 (version 11)	546865204461792068617320436f6d65	4272656e64616e204261696c6579202843726564697473212129	7	544f4d4452554d	53445253594e3031	53445253594e3032	44424c4241535320	504c495048312020	4252415353312020	574153484d453241
Brendan Bailey/the great depression.a2m	Adlib Tracker 2 (version 11)	5468652047726561742044657072657373696f6e	4272656e64616e204261696c65792028637265646974732129	9	544f4d4452554d	53445253594e3031	53445253594e3032	504c495048312020	4241534a415a3032	4252415353312020	4252415353312020	41434f5553544920	57555a5a4c453348
Brendan Bailey/the happy robin theme.a2m	Adlib Tracker 2 (version 11)	54686520486170707920526f62696e205468656d65	4272656e64616e204261696c6579202843726564697473212129	7	544f4d4452554d	53445253594e3031	53445253594e3032	504c495048312020	594b414241535331	4c45414431202020	57555a5a4c453146
Brendan Bailey/the hunter and the hunted.a2m	Adlib Tracker 2 (version 11)	5468652048756e74657220616e64207468652048756e746564	4272656e64616e204261696c65792028637265646974732129	7	544f4d4452554d	53445253594e3031	53445253594e3032	594b414241535331	504c495048312020	57555a5a4c453347	4252415353312020
Brendan Bailey/the kelsey song.a2m	Adlib Tracker 2 (version 11)	22546865204b656c73657920536f6e6722	466f72204b656c736579206279204272656e64616e	8	544f4d4452554d	53445253594e3031	53445253594e3032	42454c4c	535155415245	53515541524532	44424c4241535320	
Brendan Bailey/the paparazzi.a2m	Adlib Tracker 2 (version 11)	22546865205061706172617a7a69222028506c6561736520637265646974206d6529	4272656e64616e204261696c6579202d2050696e62616c6c4272656e64616e40616f6c2e636f6d	8	57555a5a4c453220	53445253594e3031	53445253594e3032	504c495048312020	535f535049303138	57555a5a4c453146	535445454c475437	5350414342415353
Brendan Bailey/the popcorn song.a2m	Adlib Tracker 2 (version 11)	54686520506f70636f726e20536f6e67	4272656e64616e204261696c6579202863726564697473212129	10	4261737320323935	68696861742e636966	6869686174322e736769	6869686174322e636966	636c617073312e736269	66756e6e792e736769	6b6579627264322e736269	6d656c6f64792e636966	726c6f672e736269	62696d2e636966
Brendan Bailey/the sky is sharp.a2m	Adlib Tracker 2 (version 11)	2254686520536b7920697320536861727022202028706c6561736520637265646974206d6529	4272656e64616e204261696c6579202d2070696e62616c6c6272656e64616e40616f6c2e636f6d	8	57555a5a4c453146	53445253594e3031	53445253594e3032	504c49504831	4241535344524e31	4b45594252443220	41434f5553544920	434b4e5832202020
Brendan Bailey/thee chiptune.a2m	Adlib Tracker 2 (version 11)	54484545204368697074756e65	4272656e64616e204261696c65792028437265646974732129	8	544f4d4452554d	68696861742e696e73	68696861742e736769	424153534452554d	42415353	6b6579627264322e736269	7069616e31632e736269	4252415353592020
Brendan Bailey/these are the days of our lives.a2m	Adlib Tracker 2 (version 11)	546865736520417265205468652044617973204f66204f7572204c69766573	4272656e64616e204261696c65792028637265646974732129	9	544f4d4452554d	53445253594e3031	53445253594e3032	626173736472756d	43594d42414c3420	504c495048312020	4252415353312020	5445535441434320	57555a5a4c453348
Brendan Bailey/think fast.a2m	Adlib Tracker 2 (version 11)	5468696e6b20466173742028706c6561736520637265646974204d6529	4272656e64616e204261696c6579202850696e62616c6c4272656e64616e40616f6c2e636f6d29	7	57555a5a4c453344	53445253594e3031	53445253594e3032	504c495048312020	4252415353312020	57555a5a4c453143	4147554954415220
Brendan Bailey/time will tell.a2m	Adlib Tracker 2 (version 11)	2254696d652057696c6c2054656c6c22202028706c6561736520637265646974206d6529	4272656e64616e204261696c6579202d2050696e62616c6c4272656e64616e40616f6c2e636f6d	6	594b414241535331	53445253594e3031	53445253594e3032	504c495048312020	475452454c433038	57555a5a4c453341
Brendan Bailey/torpedo alley.a2m	Adlib Tracker 2 (version 11)	546f727065646f20416c6c6579	4272656e64616e204261696c6579202843726564697473212129	7	544f4d4452554d	53445253594e3031	53445253594e3032	504c495048312020	4754524856593031	594b414241535331	4241535344524e31
Brendan Bailey/treachery.a2m	Adlib Tracker 2 (version 11)	5472656163686572792028506c6561736520637265646974206d6529	4272656e64616e204261696c6579202850696e42616c6c4272656e64616e40616f6c2e636f6d29	7	57555a5a4c453344	53445253594e3031	53445253594e3032	706c697068	4b45594252443920	504f4c59534e5448	4252415353312020
Brendan Bailey/twisted paradise.a2m	Adlib Tracker 2 (version 11)	547769737465642050617261646973652028706c6561736520637265646974206d6529	4272656e64616e204261696c6579202870696e62616c6c4272656e64616e40616f6c2e636f6d29	7	57555a5a4c453344	53445253594e3031	53445253594e3032	504c495048312020	4252415353312020	4754524856593033	46555a5a59422020
Brendan Bailey/ultraviolet sky.a2m	Adlib Tracker 2 (version 11)	22556c747276696f6c657420536b7922	4272656e64616e204261696c65792028437265646974732129	9	44424c4241535320	53445253594e3031	53445253594e3032	594b414241535332	5048534846312020	4c45414431202020	57555a5a4c453344	53594e3130202020	544f4d4452554d
Brendan Bailey/very nice pachislo slot machine theme(s) (cover).a2m	Adlib Tracker 2 (version 11)	2256657279204e69636522205061636869736c6f20536c6f74206d616368696e65207468656d65287329	436f766572206279204272656e64616e204261696c6579	9	544f4d4452554d	53445253594e3031	53445253594e3032	44424c4241535320	504c495048312020	57555a5a4c453320	57555a5a4c453341	594b414241535331	4348494646364320
Brendan Bailey/waves of marine life.a2m	Adlib Tracker 2 (version 11)	225761766573206f66204d6172696e65204c696665222028706c6561736520637265646974206d6529	4272656e64616e204261696c6579202d2050696e62616c6c4272656e64616e40616f6c2e636f6d	8	57555a5a4c453146	53445253594e3031	53445253594e3032	504c495048312020	41434f5553544920	4c45414431202020	424c495050334120	4252415353312020
Brendan Bailey/west bound engine.a2m	Adlib Tracker 2 (version 11)	5765737420426f756e6420456e67696e652028706c6561736520637265646974206d6529	4272656e64616e204261696c6579202850696e62616c6c4272656e64616e40616f6c2e636f6d29	6	57555a5a4c453344	53445253594e3031	53445253594e3032	504c495048312020	4252445457454554	4252415353312020
Corona688/newtune.a2m	AdLib Tracker 2			250	20694e535f30313a207265616c2062617373	20694e535f30323a2049276d206e6f7420737572652e2e2e	20694e535f30333a206261737364726d312e736769	20694e535f30343a206263796d62616c2e736269	20694e535f30353a20436f6d707574657220537065616b6572	20694e535f30363a20446f6f6d20616e64204465737472756374696f6e21	20694e535f30373a20	20694e535f30383a2028432920436f726f6e613638382c2032303031	20694e535f30393a206d6f6e746d40736b2e73796d70617469636f2e6361	20694e535f30413a20436f6d706f7365642077697468	20694e535f30423a202fb4444c69422054522fb4434b3352205d5b	20694e535f30433a20	20694e535f30443a205765207374696c6c20657869737421	20694e535f30453a205370726561642074686520776f726421	20694e535f30463a20	20694e535f31303a20	20694e535f31313a20	20694e535f31323a20	20694e535f31333a20	20694e535f31343a20	20694e535f31353a20	20694e535f31363a20	20694e535f31373a20	20694e535f31383a20	20694e535f31393a20	20694e535f31413a20	20694e535f31423a20	20694e535f31433a20	20694e535f31443a20	20694e535f31453a20	20694e535f31463a20	20694e535f32303a20	20694e535f32313a20	20694e535f32323a20	20694e535f32333a20	20694e535f32343a20	20694e535f32353a20	20694e535f32363a20	20694e535f32373a20	20694e535f32383a20	20694e535f32393a20	20694e535f32413a20	20694e535f32423a20	20694e535f32433a20	20694e535f32443a20	20694e535f32453a20	20694e535f32463a20	20694e535f33303a20	20694e535f33313a20	20694e535f33323a20	20694e535f33333a20	20694e535f33343a20	20694e535f33353a20	20694e535f33363a20	20694e535f33373a20	20694e535f33383a20	20694e535f33393a20	20694e535f33413a20	20694e535f33423a20	20694e535f33433a20	20694e535f33443a20	20694e535f33453a20	20694e535f33463a20	20694e535f34303a20	20694e535f34313a20	20694e535f34323a20	20694e535f34333a20	20694e535f34343a20	20694e535f34353a20	20694e535f34363a20	20694e535f34373a20	20694e535f34383a20	20694e535f34393a20	20694e535f34413a20	20694e535f34423a20	20694e535f34433a20	20694e535f34443a20	20694e535f34453a20	20694e535f34463a20	20694e535f35303a20	20694e535f35313a20	20694e535f35323a20	20694e535f35333a20	20694e535f35343a20	20694e535f35353a20	20694e535f35363a20	20694e535f35373a20	20694e535f35383a20	20694e535f35393a20	20694e535f35413a20	20694e535f35423a20	20694e535f35433a20	20694e535f35443a20	20694e535f35453a20	20694e535f35463a20	20694e535f36303a20	20694e535f36313a20	20694e535f36323a20	20694e535f36333a20	20694e535f36343a20	20694e535f36353a20	20694e535f36363a20	20694e535f36373a20	20694e535f36383a20	20694e535f36393a20	20694e535f36413a20	20694e535f36423a20	20694e535f36433a20	20694e535f36443a20	20694e535f36453a20	20694e535f36463a20	20694e535f37303a20	20694e535f37313a20	20694e535f37323a20	20694e535f37333a20	20694e535f37343a20	20694e535f37353a20	20694e535f37363a20	20694e535f37373a20	20694e535f37383a20	20694e535f37393a20	20694e535f37413a20	20694e535f37423a20	20694e535f37433a20	20694e535f37443a20	20694e535f37453a20	20694e535f37463a20	20694e535f38303a20	20694e535f38313a20	20694e535f38323a20	20694e535f38333a20	20694e535f38343a20	20694e535f38353a20	20694e535f38363a20	20694e535f38373a20	20694e535f38383a20	20694e535f38393a20	20694e535f38413a20	20694e535f38423a20	20694e535f38433a20	20694e535f38443a20	20694e535f38453a20	20694e535f38463a20	20694e535f39303a20	20694e535f39313a20	20694e535f39323a20	20694e535f39333a20	20694e535f39343a20	20694e535f39353a20	20694e535f39363a20	20694e535f39373a20	20694e535f39383a20	20694e535f39393a20	20694e535f39413a20	20694e535f39423a20	20694e535f39433a20	20694e535f39443a20	20694e535f39453a20	20694e535f39463a20	20694e535f41303a20	20694e535f41313a20	20694e535f41323a20	20694e535f41333a20	20694e535f41343a20	20694e535f41353a20	20694e535f41363a20	20694e535f41373a20	20694e535f41383a20	20694e535f41393a20	20694e535f41413a20	20694e535f41423a20	20694e535f41433a20	20694e535f41443a20	20694e535f41453a20	20694e535f41463a20	20694e535f42303a20	20694e535f42313a20	20694e535f42323a20	20694e535f42333a20	20694e535f42343a20	20694e535f42353a20	20694e535f42363a20	20694e535f42373a20	20694e535f42383a20	20694e535f42393a20	20694e535f42413a20	20694e535f42423a20	20694e535f42433a20	20694e535f42443a20	20694e535f42453a20	20694e535f42463a20	20694e535f43303a20	20694e535f43313a20	20694e535f43323a20	20694e535f43333a20	20694e535f43343a20	20694e535f43353a20	20694e535f43363a20	20694e535f43373a20	20694e535f43383a20	20694e535f43393a20	20694e535f43413a20	20694e535f43423a20	20694e535f43433a20	20694e535f43443a20	20694e535f43453a20	20694e535f43463a20	20694e535f44303a20	20694e535f44313a20	20694e535f44323a20	20694e535f44333a20	20694e535f44343a20	20694e535f44353a20	20694e535f44363a20	20694e535f44373a20	20694e535f44383a20	20694e535f44393a20	20694e535f44413a20	20694e535f44423a20	20694e535f44433a20	20694e535f44443a20	20694e535f44453a20	20694e535f44463a20	20694e535f45303a20	20694e535f45313a20	20694e535f45323a20	20694e535f45333a20	20694e535f45343a20	20694e535f45353a20	20694e535f45363a20	20694e535f45373a20	20694e535f45383a20	20694e535f45393a20	20694e535f45413a20	20694e535f45423a20	20694e535f45433a20	20694e535f45443a20	20694e535f45453a20	20694e535f45463a20	20694e535f46303a20	20694e535f46313a20	20694e535f46323a20	20694e535f46333a20	20694e535f46343a20	20694e535f46353a20	20694e535f46363a20	20694e535f46373a20	20694e535f46383a20	20694e535f46393a20	20694e535f46413a20
DJ Speedstar/adventure in jungle.a2m	AdLib Tracker 2	416476656e7475726520696e206a756e676c65	537065656473746172	250	20694e535f30313a2022416476656e7475726520696e206a756e676c6522	20694e535f30323a20436f6d706f7365642062793a20537065656473746172	20694e535f30333a20446174653a2032303031	20694e535f30343a2050726f6772616d3a2041644c6962547261636b657232	20694e535f30353a204772656574696e677320746f20616c6c206d79	20694e535f30363a20667269656e647320616e642065766572796f6e65	20694e535f30373a2077686f206c696b65206d79206d757369632e	20694e535f30383a20484f4d45504147453a	20694e535f30393a2074726962616c7a6f6e656d757369632e7072762e706c	20694e535f30413a207370656564737461722e7072762e706c	20694e535f30423a20452d4d41494c3a	20694e535f30433a2074726962616c7a6f6e656d75736963	20694e535f30443a2040706f637a74612e666d	20694e535f30453a2073706565647374617240706f637a74612e666d	20694e535f30463a20416c6c207269676874732072657365727665642e	20694e535f31303a202863292054726962616c205a6f6e65204d75736963	20694e535f31313a20	20694e535f31323a20	20694e535f31333a20	20694e535f31343a20	20694e535f31353a20	20694e535f31363a20	20694e535f31373a20	20694e535f31383a20	20694e535f31393a20	20694e535f31413a20	20694e535f31423a20	20694e535f31433a20	20694e535f31443a20	20694e535f31453a20	20694e535f31463a20	20694e535f32303a20	20694e535f32313a20	20694e535f32323a20	20694e535f32333a20	20694e535f32343a20	20694e535f32353a20	20694e535f32363a20	20694e535f32373a20	20694e535f32383a20	20694e535f32393a20	20694e535f32413a20	20694e535f32423a20	20694e535f32433a20	20694e535f32443a20	20694e535f32453a20	20694e535f32463a20	20694e535f33303a20	20694e535f33313a20	20694e535f33323a20	20694e535f33333a20	20694e535f33343a20	20694e535f33353a20	20694e535f33363a20	20694e535f33373a20	20694e535f33383a20	20694e535f33393a20	20694e535f33413a20	20694e535f33423a20	20694e535f33433a20	20694e535f33443a20	20694e535f33453a20	20694e535f33463a20	20694e535f34303a20	20694e535f34313a20	20694e535f34323a20	20694e535f34333a20	20694e535f34343a20	20694e535f34353a20	20694e535f34363a20	20694e535f34373a20	20694e535f34383a20	20694e535f34393a20	20694e535f34413a20	20694e535f34423a20	20694e535f34433a20	20694e535f34443a20	20694e535f34453a20	20694e535f34463a20	20694e535f35303a20	20694e535f35313a20	20694e535f35323a20	20694e535f35333a20	20694e535f35343a20	20694e535f35353a20	20694e535f35363a20	20694e535f35373a20	20694e535f35383a20	20694e535f35393a20	20694e535f35413a20	20694e535f35423a20	20694e535f35433a20	20694e535f35443a20	20694e535f35453a20	20694e535f35463a20	20694e535f36303a20	20694e535f36313a20	20694e535f36323a20	20694e535f36333a20	20694e535f36343a20	20694e535f36353a20	20694e535f36363a20	20694e535f36373a20	20694e535f36383a20	20694e535f36393a20	20694e535f36413a20	20694e535f36423a20	20694e535f36433a20	20694e535f36443a20	20694e535f36453a20	20694e535f36463a20	20694e535f37303a20	20694e535f37313a20	20694e535f37323a20	20694e535f37333a20	20694e535f37343a20	20694e535f37353a20	20694e535f37363a20	20694e535f37373a20	20694e535f37383a20	20694e535f37393a20	20694e535f37413a20	20694e535f37423a20	20694e535f37433a20	20694e535f37443a20	20694e535f37453a20	20694e535f37463a20	20694e535f38303a20	20694e535f38313a20	20694e535f38323a20	20694e535f38333a20	20694e535f38343a20	20694e535f38353a20	20694e535f38363a20	20694e535f38373a20	20694e535f38383a20	20694e535f38393a20	20694e535f38413a20	20694e535f38423a20	20694e535f38433a20	20694e535f38443a20	20694e535f38453a20	20694e535f38463a20	20694e535f39303a20	20694e535f39313a20	20694e535f39323a20	20694e535f39333a20	20694e535f39343a20	20694e535f39353a20	20694e535f39363a20	20694e535f39373a20	20694e535f39383a20	20694e535f39393a20	20694e535f39413a20	20694e535f39423a20	20694e535f39433a20	20694e535f39443a20	20694e535f39453a20	20694e535f39463a20	20694e535f41303a20	20694e535f41313a20	20694e535f41323a20	20694e535f41333a20	20694e535f41343a20	20694e535f41353a20	20694e535f41363a20	20694e535f41373a20	20694e535f41383a20	20694e535f41393a20	20694e535f41413a20	20694e535f41423a20	20694e535f41433a20	20694e535f41443a20	20694e535f41453a20	20694e535f41463a20	20694e535f42303a20	20694e535f42313a20	20694e535f42323a20	20694e535f42333a20	20694e535f42343a20	20694e535f42353a20	20694e535f42363a20	20694e535f42373a20	20694e535f42383a20	20694e535f42393a20	20694e535f42413a20	20694e535f42423a20	20694e535f42433a20	20694e535f42443a20	20694e535f42453a20	20694e535f42463a20	20694e535f43303a20	20694e535f43313a20	20694e535f43323a20	20694e535f43333a20	20694e535f43343a20	20694e535f43353a20	20694e535f43363a20	20694e535f43373a20	20694e535f43383a20	20694e535f43393a20	20694e535f43413a20	20694e535f43423a20	20694e535f43433a20	20694e535f43443a20	20694e535f43453a20	20694e535f43463a20	20694e535f44303a20	20694e535f44313a20	20694e535f44323a20	20694e535f44333a20	20694e535f44343a20	20694e535f44353a20	20694e535f44363a20	20694e535f44373a20	20694e535f44383a20	20694e535f44393a20	20694e535f44413a20	20694e535f44423a20	20694e535f44433a20	20694e535f44443a20	20694e535f44453a20	20694e535f44463a20	20694e535f45303a20	20694e535f45313a20	20694e535f45323a20	20694e535f45333a20	20694e535f45343a20	20694e535f45353a20	20694e535f45363a20	20694e535f45373a20	20694e535f45383a20	20694e535f45393a20	20694e535f45413a20	20694e535f45423a20	20694e535f45433a20	20694e535f45443a20	20694e535f45453a20	20694e535f45463a20	20694e535f46303a20	20694e535f46313a20	20694e535f46323a20	20694e535f46333a20	20694e535f46343a20	20694e535f46353a20	20694e535f46363a20	20694e535f46373a20	20694e535f46383a20	20694e535f46393a20	20694e535f46413a20
DJ Speedstar/come to dance.a2m	AdLib Tracker 2	436f6d6520746f2064616e6365	537065656473746172	250	20694e535f30313a2022436f6d6520746f2064616e636522	20694e535f30323a20436f6d706f7365642062793a20537065656473746172	20694e535f30333a20446174653a2032303031	20694e535f30343a2050726f6772616d3a2041644c6962547261636b657232	20694e535f30353a204772656574696e677320746f20616c6c206d79	20694e535f30363a20667269656e647320616e642065766572796f6e65	20694e535f30373a2077686f206c696b65206d79206d757369632e	20694e535f30383a20484f4d45504147453a	20694e535f30393a2074726962616c7a6f6e656d757369632e7072762e706c	20694e535f30413a207370656564737461722e7072762e706c	20694e535f30423a20452d4d41494c3a	20694e535f30433a2074726962616c7a6f6e656d75736963	20694e535f30443a2040706f637a74612e666d	20694e535f30453a2073706565647374617240706f637a74612e666d	20694e535f30463a20416c6c207269676874732072657365727665642e	20694e535f31303a202863292054726962616c205a6f6e65204d75736963	20694e535f31313a20	20694e535f31323a20	20694e535f31333a20	20694e535f31343a20	20694e535f31353a20	20694e535f31363a20	20694e535f31373a20	20694e535f31383a20	20694e535f31393a20	20694e535f31413a20	20694e535f31423a20	20694e535f31433a20	20694e535f31443a20	20694e535f31453a20	20694e535f31463a20	20694e535f32303a20	20694e535f32313a20	20694e535f32323a20	20694e535f32333a20	20694e535f32343a20	20694e535f32353a20	20694e535f32363a20	20694e535f32373a20	20694e535f32383a20	20694e535f32393a20	20694e535f32413a20	20694e535f32423a20	20694e535f32433a20	20694e535f32443a20	20694e535f32453a20	20694e535f32463a20	20694e535f33303a20	20694e535f33313a20	20694e535f33323a20	20694e535f33333a20	20694e535f33343a20	20694e535f33353a20	20694e535f33363a20	20694e535f33373a20	20694e535f33383a20	20694e535f33393a20	20694e535f33413a20	20694e535f33423a20	20694e535f33433a20	20694e535f33443a20	20694e535f33453a20	20694e535f33463a20	20694e535f34303a20	20694e535f34313a20	20694e535f34323a20	20694e535f34333a20	20694e535f34343a20	20694e535f34353a20	20694e535f34363a20	20694e535f34373a20	20694e535f34383a20	20694e535f34393a20	20694e535f34413a20	20694e535f34423a20	20694e535f34433a20	20694e535f34443a20	20694e535f34453a20	20694e535f34463a20	20694e535f35303a20	20694e535f35313a20	20694e535f35323a20	20694e535f35333a20	20694e535f35343a20	20694e535f35353a20	20694e535f35363a20	20694e535f35373a20	20694e535f35383a20	20694e535f35393a20	20694e535f35413a20	20694e535f35423a20	20694e535f35433a20	20694e535f35443a20	20694e535f35453a20	20694e535f35463a20	20694e535f36303a20	20694e535f36313a20	20694e535f36323a20	20694e535f36333a20	20694e535f36343a20	20694e535f36353a20	20694e535f36363a20	20694e535f36373a20	20694e535f36383a20	20694e535f36393a20	20694e535f36413a20	20694e535f36423a20	20694e535f36433a20	20694e535f36443a20	20694e535f36453a20	20694e535f36463a20	20694e535f37303a20	20694e535f37313a20	20694e535f37323a20	20694e535f37333a20	20694e535f37343a20	20694e535f37353a20	20694e535f37363a20	20694e535f37373a20	20694e535f37383a20	20694e535f37393a20	20694e535f37413a20	20694e535f37423a20	20694e535f37433a20	20694e535f37443a20	20694e535f37453a20	20694e535f37463a20	20694e535f38303a20	20694e535f38313a20	20694e535f38323a20	20694e535f38333a20	20694e535f38343a20	20694e535f38353a20	20694e535f38363a20	20694e535f38373a20	20694e535f38383a20	20694e535f38393a20	20694e535f38413a20	20694e535f38423a20	20694e535f38433a20	20694e535f38443a20	20694e535f38453a20	20694e535f38463a20	20694e535f39303a20	20694e535f39313a20	20694e535f39323a20	20694e535f39333a20	20694e535f39343a20	20694e535f39353a20	20694e535f39363a20	20694e535f39373a20	20694e535f39383a20	20694e535f39393a20	20694e535f39413a20	20694e535f39423a20	20694e535f39433a20	20694e535f39443a20	20694e535f39453a20	20694e535f39463a20	20694e535f41303a20	20694e535f41313a20	20694e535f41323a20	20694e535f41333a20	20694e535f41343a20	20694e535f41353a20	20694e535f41363a20	20694e535f41373a20	20694e535f41383a20	20694e535f41393a20	20694e535f41413a20	20694e535f41423a20	20694e535f41433a20	20694e535f41443a20	20694e535f41453a20	20694e535f41463a20	20694e535f42303a20	20694e535f42313a20	20694e535f42323a20	20694e535f42333a20	20694e535f42343a20	20694e535f42353a20	20694e535f42363a20	20694e535f42373a20	20694e535f42383a20	20694e535f42393a20	20694e535f42413a20	20694e535f42423a20	20694e535f42433a20	20694e535f42443a20	20694e535f42453a20	20694e535f42463a20	20694e535f43303a20	20694e535f43313a20	20694e535f43323a20	20694e535f43333a20	20694e535f43343a20	20694e535f43353a20	20694e535f43363a20	20694e535f43373a20	20694e535f43383a20	20694e535f43393a20	20694e535f43413a20	20694e535f43423a20	20694e535f43433a20	20694e535f43443a20	20694e535f43453a20	20694e535f43463a20	20694e535f44303a20	20694e535f44313a20	20694e535f44323a20	20694e535f44333a20	20694e535f44343a20	20694e535f44353a20	20694e535f44363a20	20694e535f44373a20	20694e535f44383a20	20694e535f44393a20	20694e535f44413a20	20694e535f44423a20	20694e535f44433a20	20694e535f44443a20	20694e535f44453a20	20694e535f44463a20	20694e535f45303a20	20694e535f45313a20	20694e535f45323a20	20694e535f45333a20	20694e535f45343a20	20694e535f45353a20	20694e535f45363a20	20694e535f45373a20	20694e535f45383a20	20694e535f45393a20	20694e535f45413a20	20694e535f45423a20	20694e535f45433a20	20694e535f45443a20	20694e535f45453a20	20694e535f45463a20	20694e535f46303a20	20694e535f46313a20	20694e535f46323a20	20694e535f46333a20	20694e535f46343a20	20694e535f46353a20	20694e535f46363a20	20694e535f46373a20	20694e535f46383a20	20694e535f46393a20	20694e535f46413a20
DJ Speedstar/move to the beat.a2m	AdLib Tracker 2	4d6f766520746f207468652062656174	537065656473746172	250	20694e535f30313a20224d6f766520746f20746865206265617422	20694e535f30323a20436f6d706f7365642062793a20537065656473746172	20694e535f30333a20446174653a2032303031	20694e535f30343a2050726f6772616d3a2041644c6962547261636b657232	20694e535f30353a204772656574696e677320746f20616c6c206d79	20694e535f30363a20667269656e647320616e642065766572796f6e65	20694e535f30373a2077686f206c696b65206d79206d757369632e	20694e535f30383a20484f4d45504147453a	20694e535f30393a2074726962616c7a6f6e656d757369632e7072762e706c	20694e535f30413a207370656564737461722e7072762e706c	20694e535f30423a20452d4d41494c3a	20694e535f30433a2074726962616c7a6f6e656d75736963	20694e535f30443a2040706f637a74612e666d	20694e535f30453a2073706565647374617240706f637a74612e666d	20694e535f30463a20416c6c207269676874732072657365727665642e	20694e535f31303a202863292054726962616c205a6f6e65204d75736963	20694e535f31313a20	20694e535f31323a20	20694e535f31333a20	20694e535f31343a20	20694e535f31353a20	20694e535f31363a20	20694e535f31373a20	20694e535f31383a20	20694e535f31393a20	20694e535f31413a20	20694e535f31423a20	20694e535f31433a20	20694e535f31443a20	20694e535f31453a20	20694e535f31463a20	20694e535f32303a20	20694e535f32313a20	20694e535f32323a20	20694e535f32333a20	20694e535f32343a20	20694e535f32353a20	20694e535f32363a20	20694e535f32373a20	20694e535f32383a20	20694e535f32393a20	20694e535f32413a20	20694e535f32423a20	20694e535f32433a20	20694e535f32443a20	20694e535f32453a20	20694e535f32463a20	20694e535f33303a20	20694e535f33313a20	20694e535f33323a20	20694e535f33333a20	20694e535f33343a20	20694e535f33353a20	20694e535f33363a20	20694e535f33373a20	20694e535f33383a20	20694e535f33393a20	20694e535f33413a20	20694e535f33423a20	20694e535f33433a20	20694e535f33443a20	20694e535f33453a20	20694e535f33463a20	20694e535f34303a20	20694e535f34313a20	20694e535f34323a20	20694e535f34333a20	20694e535f34343a20	20694e535f34353a20	20694e535f34363a20	20694e535f34373a20	20694e535f34383a20	20694e535f34393a20	20694e535f34413a20	20694e535f34423a20	20694e535f34433a20	20694e535f34443a20	20694e535f34453a20	20694e535f34463a20	20694e535f35303a20	20694e535f35313a20	20694e535f35323a20	20694e535f35333a20	20694e535f35343a20	20694e535f35353a20	20694e535f35363a20	20694e535f35373a20	20694e535f35383a20	20694e535f35393a20	20694e535f35413a20	20694e535f35423a20	20694e535f35433a20	20694e535f35443a20	20694e535f35453a20	20694e535f35463a20	20694e535f36303a20	20694e535f36313a20	20694e535f36323a20	20694e535f36333a20	20694e535f36343a20	20694e535f36353a20	20694e535f36363a20	20694e535f36373a20	20694e535f36383a20	20694e535f36393a20	20694e535f36413a20	20694e535f36423a20	20694e535f36433a20	20694e535f36443a20	20694e535f36453a20	20694e535f36463a20	20694e535f37303a20	20694e535f37313a20	20694e535f37323a20	20694e535f37333a20	20694e535f37343a20	20694e535f37353a20	20694e535f37363a20	20694e535f37373a20	20694e535f37383a20	20694e535f37393a20	20694e535f37413a20	20694e535f37423a20	20694e535f37433a20	20694e535f37443a20	20694e535f37453a20	20694e535f37463a20	20694e535f38303a20	20694e535f38313a20	20694e535f38323a20	20694e535f38333a20	20694e535f38343a20	20694e535f38353a20	20694e535f38363a20	20694e535f38373a20	20694e535f38383a20	20694e535f38393a20	20694e535f38413a20	20694e535f38423a20	20694e535f38433a20	20694e535f38443a20	20694e535f38453a20	20694e535f38463a20	20694e535f39303a20	20694e535f39313a20	20694e535f39323a20	20694e535f39333a20	20694e535f39343a20	20694e535f39353a20	20694e535f39363a20	20694e535f39373a20	20694e535f39383a20	20694e535f39393a20	20694e535f39413a20	20694e535f39423a20	20694e535f39433a20	20694e535f39443a20	20694e535f39453a20	20694e535f39463a20	20694e535f41303a20	20694e535f41313a20	20694e535f41323a20	20694e535f41333a20	20694e535f41343a20	20694e535f41353a20	20694e535f41363a20	20694e535f41373a20	20694e535f41383a20	20694e535f41393a20	20694e535f41413a20	20694e535f41423a20	20694e535f41433a20	20694e535f41443a20	20694e535f41453a20	20694e535f41463a20	20694e535f42303a20	20694e535f42313a20	20694e535f42323a20	20694e535f42333a20	20694e535f42343a20	20694e535f42353a20	20694e535f42363a20	20694e535f42373a20	20694e535f42383a20	20694e535f42393a20	20694e535f42413a20	20694e535f42423a20	20694e535f42433a20	20694e535f42443a20	20694e535f42453a20	20694e535f42463a20	20694e535f43303a20	20694e535f43313a20	20694e535f43323a20	20694e535f43333a20	20694e535f43343a20	20694e535f43353a20	20694e535f43363a20	20694e535f43373a20	20694e535f43383a20	20694e535f43393a20	20694e535f43413a20	20694e535f43423a20	20694e535f43433a20	20694e535f43443a20	20694e535f43453a20	20694e535f43463a20	20694e535f44303a20	20694e535f44313a20	20694e535f44323a20	20694e535f44333a20	20694e535f44343a20	20694e535f44353a20	20694e535f44363a20	20694e535f44373a20	20694e535f44383a20	20694e535f44393a20	20694e535f44413a20	20694e535f44423a20	20694e535f44433a20	20694e535f44443a20	20694e535f44453a20	20694e535f44463a20	20694e535f45303a20	20694e535f45313a20	20694e535f45323a20	20694e535f45333a20	20694e535f45343a20	20694e535f45353a20	20694e535f45363a20	20694e535f45373a20	20694e535f45383a20	20694e535f45393a20	20694e535f45413a20	20694e535f45423a20	20694e535f45433a20	20694e535f45443a20	20694e535f45453a20	20694e535f45463a20	20694e535f46303a20	20694e535f46313a20	20694e535f46323a20	20694e535f46333a20	20694e535f46343a20	20694e535f46353a20	20694e535f46363a20	20694e535f46373a20	20694e535f46383a20	20694e535f46393a20	20694e535f46413a20
DJ Speedstar/music explosion.a2m	AdLib Tracker 2	4d75736963206578706c6f73696f6e	537065656473746172	250	20694e535f30313a20224d75736963206578706c6f73696f6e22	20694e535f30323a20436f6d706f7365642062793a20537065656473746172	20694e535f30333a20446174653a2032303031	20694e535f30343a2050726f6772616d3a2041644c6962547261636b657232	20694e535f30353a204772656574696e677320746f20616c6c206d79	20694e535f30363a20667269656e647320616e642065766572796f6e65	20694e535f30373a2077686f206c696b65206d79206d757369632e	20694e535f30383a20484f4d45504147453a	20694e535f30393a2074726962616c7a6f6e656d757369632e7072762e706c	20694e535f30413a207370656564737461722e7072762e706c	20694e535f30423a20452d4d41494c3a	20694e535f30433a2074726962616c7a6f6e656d75736963	20694e535f30443a2040706f637a74612e666d	20694e535f30453a2073706565647374617240706f637a74612e666d	20694e535f30463a20416c6c207269676874732072657365727665642e	20694e535f31303a202863292054726962616c205a6f6e65204d75736963	20694e535f31313a20	20694e535f31323a20	20694e535f31333a20	20694e535f31343a20	20694e535f31353a20	20694e535f31363a20	20694e535f31373a20	20694e535f31383a20	20694e535f31393a20	20694e535f31413a20	20694e535f31423a20	20694e535f31433a20	20694e535f31443a20	20694e535f31453a20	20694e535f31463a20	20694e535f32303a20	20694e535f32313a20	20694e535f32323a20	20694e535f32333a20	20694e535f32343a20	20694e535f32353a20	20694e535f32363a20	20694e535f32373a20	20694e535f32383a20	20694e535f32393a20	20694e535f32413a20	20694e535f32423a20	20694e535f32433a20	20694e535f32443a20	20694e535f32453a20	20694e535f32463a20	20694e535f33303a20	20694e535f33313a20	20694e535f33323a20	20694e535f33333a20	20694e535f33343a20	20694e535f33353a20	20694e535f33363a20	20694e535f33373a20	20694e535f33383a20	20694e535f33393a20	20694e535f33413a20	20694e535f33423a20	20694e535f33433a20	20694e535f33443a20	20694e535f33453a20	20694e535f33463a20	20694e535f34303a20	20694e535f34313a20	20694e535f34323a20	20694e535f34333a20	20694e535f34343a20	20694e535f34353a20	20694e535f34363a20	20694e535f34373a20	20694e535f34383a20	20694e535f34393a20	20694e535f34413a20	20694e535f34423a20	20694e535f34433a20	20694e535f34443a20	20694e535f34453a20	20694e535f34463a20	20694e535f35303a20	20694e535f35313a20	20694e535f35323a20	20694e535f35333a20	20694e535f35343a20	20694e535f35353a20	20694e535f35363a20	20694e535f35373a20	20694e535f35383a20	20694e535f35393a20	20694e535f35413a20	20694e535f35423a20	20694e535f35433a20	20694e535f35443a20	20694e535f35453a20	20694e535f35463a20	20694e535f36303a20	20694e535f36313a20	20694e535f36323a20	20694e535f36333a20	20694e535f36343a20	20694e535f36353a20	20694e535f36363a20	20694e535f36373a20	20694e535f36383a20	20694e535f36393a20	20694e535f36413a20	20694e535f36423a20	20694e535f36433a20	20694e535f36443a20	20694e535f36453a20	20694e535f36463a20	20694e535f37303a20	20694e535f37313a20	20694e535f37323a20	20694e535f37333a20	20694e535f37343a20	20694e535f37353a20	20694e535f37363a20	20694e535f37373a20	20694e535f37383a20	20694e535f37393a20	20694e535f37413a20	20694e535f37423a20	20694e535f37433a20	20694e535f37443a20	20694e535f37453a20	20694e535f37463a20	20694e535f38303a20	20694e535f38313a20	20694e535f38323a20	20694e535f38333a20	20694e535f38343a20	20694e535f38353a20	20694e535f38363a20	20694e535f38373a20	20694e535f38383a20	20694e535f38393a20	20694e535f38413a20	20694e535f38423a20	20694e535f38433a20	20694e535f38443a20	20694e535f38453a20	20694e535f38463a20	20694e535f39303a20	20694e535f39313a20	20694e535f39323a20	20694e535f39333a20	20694e535f39343a20	20694e535f39353a20	20694e535f39363a20	20694e535f39373a20	20694e535f39383a20	20694e535f39393a20	20694e535f39413a20	20694e535f39423a20	20694e535f39433a20	20694e535f39443a20	20694e535f39453a20	20694e535f39463a20	20694e535f41303a20	20694e535f41313a20	20694e535f41323a20	20694e535f41333a20	20694e535f41343a20	20694e535f41353a20	20694e535f41363a20	20694e535f41373a20	20694e535f41383a20	20694e535f41393a20	20694e535f41413a20	20694e535f41423a20	20694e535f41433a20	20694e535f41443a20	20694e535f41453a20	20694e535f41463a20	20694e535f42303a20	20694e535f42313a20	20694e535f42323a20	20694e535f42333a20	20694e535f42343a20	20694e535f42353a20	20694e535f42363a20	20694e535f42373a20	20694e535f42383a20	20694e535f42393a20	20694e535f42413a20	20694e535f42423a20	20694e535f42433a20	20694e535f42443a20	20694e535f42453a20	20694e535f42463a20	20694e535f43303a20	20694e535f43313a20	20694e535f43323a20	20694e535f43333a20	20694e535f43343a20	20694e535f43353a20	20694e535f43363a20	20694e535f43373a20	20694e535f43383a20	20694e535f43393a20	20694e535f43413a20	20694e535f43423a20	20694e535f43433a20	20694e535f43443a20	20694e535f43453a20	20694e535f43463a20	20694e535f44303a20	20694e535f44313a20	20694e535f44323a20	20694e535f44333a20	20694e535f44343a20	20694e535f44353a20	20694e535f44363a20	20694e535f44373a20	20694e535f44383a20	20694e535f44393a20	20694e535f44413a20	20694e535f44423a20	20694e535f44433a20	20694e535f44443a20	20694e535f44453a20	20694e535f44463a20	20694e535f45303a20	20694e535f45313a20	20694e535f45323a20	20694e535f45333a20	20694e535f45343a20	20694e535f45353a20	20694e535f45363a20	20694e535f45373a20	20694e535f45383a20	20694e535f45393a20	20694e535f45413a20	20694e535f45423a20	20694e535f45433a20	20694e535f45443a20	20694e535f45453a20	20694e535f45463a20	20694e535f46303a20	20694e535f46313a20	20694e535f46323a20	20694e535f46333a20	20694e535f46343a20	20694e535f46353a20	20694e535f46363a20	20694e535f46373a20	20694e535f46383a20	20694e535f46393a20	20694e535f46413a20
DJ Speedstar/remembrance.a2m	AdLib Tracker 2	52656d656d6272616e6365	537065656473746172	250	20694e535f30313a202252656d656d6272616e636522	20694e535f30323a20436f6d706f7365642062793a20537065656473746172	20694e535f30333a20446174653a2032303031	20694e535f30343a2050726f6772616d3a2041644c6962547261636b657232	20694e535f30353a204772656574696e677320746f20616c6c206d79	20694e535f30363a20667269656e647320616e642065766572796f6e65	20694e535f30373a2077686f206c696b65206d79206d757369632e	20694e535f30383a20484f4d45504147453a	20694e535f30393a2074726962616c7a6f6e656d757369632e7072762e706c	20694e535f30413a207370656564737461722e7072762e706c	20694e535f30423a20452d4d41494c3a	20694e535f30433a2074726962616c7a6f6e656d75736963	20694e535f30443a2040706f637a74612e666d	20694e535f30453a2073706565647374617240706f637a74612e666d	20694e535f30463a20416c6c207269676874732072657365727665642e	20694e535f31303a202863292054726962616c205a6f6e65204d75736963	20694e535f31313a20	20694e535f31323a20	20694e535f31333a20	20694e535f31343a20	20694e535f31353a20	20694e535f31363a20	20694e535f31373a20	20694e535f31383a20	20694e535f31393a20	20694e535f31413a20	20694e535f31423a20	20694e535f31433a20	20694e535f31443a20	20694e535f31453a20	20694e535f31463a20	20694e535f32303a20	20694e535f32313a20	20694e535f32323a20	20694e535f32333a20	20694e535f32343a20	20694e535f32353a20	20694e535f32363a20	20694e535f32373a20	20694e535f32383a20	20694e535f32393a20	20694e535f32413a20	20694e535f32423a20	20694e535f32433a20	20694e535f32443a20	20694e535f32453a20	20694e535f32463a20	20694e535f33303a20	20694e535f33313a20	20694e535f33323a20	20694e535f33333a20	20694e535f33343a20	20694e535f33353a20	20694e535f33363a20	20694e535f33373a20	20694e535f33383a20	20694e535f33393a20	20694e535f33413a20	20694e535f33423a20	20694e535f33433a20	20694e535f33443a20	20694e535f33453a20	20694e535f33463a20	20694e535f34303a20	20694e535f34313a20	20694e535f34323a20	20694e535f34333a20	20694e535f34343a20	20694e535f34353a20	20694e535f34363a20	20694e535f34373a20	20694e535f34383a20	20694e535f34393a20	20694e535f34413a20	20694e535f34423a20	20694e535f34433a20	20694e535f34443a20	20694e535f34453a20	20694e535f34463a20	20694e535f35303a20	20694e535f35313a20	20694e535f35323a20	20694e535f35333a20	20694e535f35343a20	20694e535f35353a20	20694e535f35363a20	20694e535f35373a20	20694e535f35383a20	20694e535f35393a20	20694e535f35413a20	20694e535f35423a20	20694e535f35433a20	20694e535f35443a20	20694e535f35453a20	20694e535f35463a20	20694e535f36303a20	20694e535f36313a20	20694e535f36323a20	20694e535f36333a20	20694e535f36343a20	20694e535f36353a20	20694e535f36363a20	20694e535f36373a20	20694e535f36383a20	20694e535f36393a20	20694e535f36413a20	20694e535f36423a20	20694e535f36433a20	20694e535f36443a20	20694e535f36453a20	20694e535f36463a20	20694e535f37303a20	20694e535f37313a20	20694e535f37323a20	20694e535f37333a20	20694e535f37343a20	20694e535f37353a20	20694e535f37363a20	20694e535f37373a20	20694e535f37383a20	20694e535f37393a20	20694e535f37413a20	20694e535f37423a20	20694e535f37433a20	20694e535f37443a20	20694e535f37453a20	20694e535f37463a20	20694e535f38303a20	20694e535f38313a20	20694e535f38323a20	20694e535f38333a20	20694e535f38343a20	20694e535f38353a20	20694e535f38363a20	20694e535f38373a20	20694e535f38383a20	20694e535f38393a20	20694e535f38413a20	20694e535f38423a20	20694e535f38433a20	20694e535f38443a20	20694e535f38453a20	20694e535f38463a20	20694e535f39303a20	20694e535f39313a20	20694e535f39323a20	20694e535f39333a20	20694e535f39343a20	20694e535f39353a20	20694e535f39363a20	20694e535f39373a20	20694e535f39383a20	20694e535f39393a20	20694e535f39413a20	20694e535f39423a20	20694e535f39433a20	20694e535f39443a20	20694e535f39453a20	20694e535f39463a20	20694e535f41303a20	20694e535f41313a20	20694e535f41323a20	20694e535f41333a20	20694e535f41343a20	20694e535f41353a20	20694e535f41363a20	20694e535f41373a20	20694e535f41383a20	20694e535f41393a20	20694e535f41413a20	20694e535f41423a20	20694e535f41433a20	20694e535f41443a20	20694e535f41453a20	20694e535f41463a20	20694e535f42303a20	20694e535f42313a20	20694e535f42323a20	20694e535f42333a20	20694e535f42343a20	20694e535f42353a20	20694e535f42363a20	20694e535f42373a20	20694e535f42383a20	20694e535f42393a20	20694e535f42413a20	20694e535f42423a20	20694e535f42433a20	20694e535f42443a20	20694e535f42453a20	20694e535f42463a20	20694e535f43303a20	20694e535f43313a20	20694e535f43323a20	20694e535f43333a20	20694e535f43343a20	20694e535f43353a20	20694e535f43363a20	20694e535f43373a20	20694e535f43383a20	20694e535f43393a20	20694e535f43413a20	20694e535f43423a20	20694e535f43433a20	20694e535f43443a20	20694e535f43453a20	20694e535f43463a20	20694e535f44303a20	20694e535f44313a20	20694e535f44323a20	20694e535f44333a20	20694e535f44343a20	20694e535f44353a20	20694e535f44363a20	20694e535f44373a20	20694e535f44383a20	20694e535f44393a20	20694e535f44413a20	20694e535f44423a20	20694e535f44433a20	20694e535f44443a20	20694e535f44453a20	20694e535f44463a20	20694e535f45303a20	20694e535f45313a20	20694e535f45323a20	20694e535f45333a20	20694e535f45343a20	20694e535f45353a20	20694e535f45363a20	20694e535f45373a20	20694e535f45383a20	20694e535f45393a20	20694e535f45413a20	20694e535f45423a20	20694e535f45433a20	20694e535f45443a20	20694e535f45453a20	20694e535f45463a20	20694e535f46303a20	20694e535f46313a20	20694e535f46323a20	20694e535f46333a20	20694e535f46343a20	20694e535f46353a20	20694e535f46363a20	20694e535f46373a20	20694e535f46383a20	20694e535f46393a20	20694e535f46413a20
DJ Speedstar/world of fantasy.a2m	AdLib Tracker 2	576f726c64206f662066616e74617379	537065656473746172	250	20694e535f30313a2022576f726c64206f662066616e7461737922	20694e535f30323a20436f6d706f7365642062793a20537065656473746172	20694e535f30333a20446174653a2032303031	20694e535f30343a2050726f6772616d3a2041644c6962547261636b657232	20694e535f30353a204772656574696e677320746f20616c6c206d79	20694e535f30363a20667269656e647320616e642065766572796f6e65	20694e535f30373a2077686f206c696b65206d79206d757369632e	20694e535f30383a20484f4d45504147453a	20694e535f30393a2074726962616c7a6f6e656d757369632e7072762e706c	20694e535f30413a207370656564737461722e7072762e706c	20694e535f30423a20452d4d41494c3a	20694e535f30433a2074726962616c7a6f6e656d75736963	20694e535f30443a2040706f637a74612e666d	20694e535f30453a2073706565647374617240706f637a74612e666d	20694e535f30463a20416c6c207269676874732072657365727665642e	20694e535f31303a202863292054726962616c205a6f6e65204d75736963	20694e535f31313a20	20694e535f31323a20	20694e535f31333a20	20694e535f31343a20	20694e535f31353a20	20694e535f31363a20	20694e535f31373a20	20694e535f31383a20	20694e535f31393a20	20694e535f31413a20	20694e535f31423a20	20694e535f31433a20	20694e535f31443a20	20694e535f31453a20	20694e535f31463a20	20694e535f32303a20	20694e535f32313a20	20694e535f32323a20	20694e535f32333a20	20694e535f32343a20	20694e535f32353a20	20694e535f32363a20	20694e535f32373a20	20694e535f32383a20	20694e535f32393a20	20694e535f32413a20	20694e535f32423a20	20694e535f32433a20	20694e535f32443a20	20694e535f32453a20	20694e535f32463a20	20694e535f33303a20	20694e535f33313a20	20694e535f33323a20	20694e535f33333a20	20694e535f33343a20	20694e535f33353a20	20694e535f33363a20	20694e535f33373a20	20694e535f33383a20	20694e535f33393a20	20694e535f33413a20	20694e535f33423a20	20694e535f33433a20	20694e535f33443a20	20694e535f33453a20	20694e535f33463a20	20694e535f34303a20	20694e535f34313a20	20694e535f34323a20	20694e535f34333a20	20694e535f34343a20	20694e535f34353a20	20694e535f34363a20	20694e535f34373a20	20694e535f34383a20	20694e535f34393a20	20694e535f34413a20	20694e535f34423a20	20694e535f34433a20	20694e535f34443a20	20694e535f34453a20	20694e535f34463a20	20694e535f35303a20	20694e535f35313a20	20694e535f35323a20	20694e535f35333a20	20694e535f35343a20	20694e535f35353a20	20694e535f35363a20	20694e535f35373a20	20694e535f35383a20	20694e535f35393a20	20694e535f35413a20	20694e535f35423a20	20694e535f35433a20	20694e535f35443a20	20694e535f35453a20	20694e535f35463a20	20694e535f36303a20	20694e535f36313a20	20694e535f36323a20	20694e535f36333a20	20694e535f36343a20	20694e535f36353a20	20694e535f36363a20	20694e535f36373a20	20694e535f36383a20	20694e535f36393a20	20694e535f36413a20	20694e535f36423a20	20694e535f36433a20	20694e535f36443a20	20694e535f36453a20	20694e535f36463a20	20694e535f37303a20	20694e535f37313a20	20694e535f37323a20	20694e535f37333a20	20694e535f37343a20	20694e535f37353a20	20694e535f37363a20	20694e535f37373a20	20694e535f37383a20	20694e535f37393a20	20694e535f37413a20	20694e535f37423a20	20694e535f37433a20	20694e535f37443a20	20694e535f37453a20	20694e535f37463a20	20694e535f38303a20	20694e535f38313a20	20694e535f38323a20	20694e535f38333a20	20694e535f38343a20	20694e535f38353a20	20694e535f38363a20	20694e535f38373a20	20694e535f38383a20	20694e535f38393a20	20694e535f38413a20	20694e535f38423a20	20694e535f38433a20	20694e535f38443a20	20694e535f38453a20	20694e535f38463a20	20694e535f39303a20	20694e535f39313a20	20694e535f39323a20	20694e535f39333a20	20694e535f39343a20	20694e535f39353a20	20694e535f39363a20	20694e535f39373a20	20694e535f39383a20	20694e535f39393a20	20694e535f39413a20	20694e535f39423a20	20694e535f39433a20	20694e535f39443a20	20694e535f39453a20	20694e535f39463a20	20694e535f41303a20	20694e535f41313a20	20694e535f41323a20	20694e535f41333a20	20694e535f41343a20	20694e535f41353a20	20694e535f41363a20	20694e535f41373a20	20694e535f41383a20	20694e535f41393a20	20694e535f41413a20	20694e535f41423a20	20694e535f41433a20	20694e535f41443a20	20694e535f41453a20	20694e535f41463a20	20694e535f42303a20	20694e535f42313a20	20694e535f42323a20	20694e535f42333a20	20694e535f42343a20	20694e535f42353a20	20694e535f42363a20	20694e535f42373a20	20694e535f42383a20	20694e535f42393a20	20694e535f42413a20	20694e535f42423a20	20694e535f42433a20	20694e535f42443a20	20694e535f42453a20	20694e535f42463a20	20694e535f43303a20	20694e535f43313a20	20694e535f43323a20	20694e535f43333a20	20694e535f43343a20	20694e535f43353a20	20694e535f43363a20	20694e535f43373a20	20694e535f43383a20	20694e535f43393a20	20694e535f43413a20	20694e535f43423a20	20694e535f43433a20	20694e535f43443a20	20694e535f43453a20	20694e535f43463a20	20694e535f44303a20	20694e535f44313a20	20694e535f44323a20	20694e535f44333a20	20694e535f44343a20	20694e535f44353a20	20694e535f44363a20	20694e535f44373a20	20694e535f44383a20	20694e535f44393a20	20694e535f44413a20	20694e535f44423a20	20694e535f44433a20	20694e535f44443a20	20694e535f44453a20	20694e535f44463a20	20694e535f45303a20	20694e535f45313a20	20694e535f45323a20	20694e535f45333a20	20694e535f45343a20	20694e535f45353a20	20694e535f45363a20	20694e535f45373a20	20694e535f45383a20	20694e535f45393a20	20694e535f45413a20	20694e535f45423a20	20694e535f45433a20	20694e535f45443a20	20694e535f45453a20	20694e535f45463a20	20694e535f46303a20	20694e535f46313a20	20694e535f46323a20	20694e535f46333a20	20694e535f46343a20	20694e535f46353a20	20694e535f46363a20	20694e535f46373a20	20694e535f46383a20	20694e535f46393a20	20694e535f46413a20
Diode Milliampere/1856 step.a2m	Adlib Tracker 2 (version 12)	206e6577		14	6264	6869676820686174		6e6f69736520757020	6e6f69736520646f776e	626173736c696e65	636c6170	63686f7264202b33	63686f7264202d33	6e6f69736520646f776e				6120736f756e64
Diode Milliampere/a l t a i r.a2m	Adlib Tracker 2 (version 11)	41204c2054204120492052	44494f4445204d494c4c49414d50455245	25	5254464d	6869676820686174	6264	736e	6563686f2030	4f5448455220415250202d33	636c6170	4f5448455220415250202b33	7369636b	4172707320666f722064617973	6168686868	6563686f2030	6563686f2030	53483130312042415353	66616b6520617373206d31206f7267616e206c6f	66616b6520617373206d31206f7267616e206869	4f544845522043484f524453	4172707320666f722064617973	4172707320666f722064617973	6c6974746c6520737175617265732032	6c6974746c652073717561726573	61207468696e67		6c657320736576656e74682063686f726473	6c6974746c652073717561726573
Diode Milliampere/acid tracker.a2m	Adlib Tracker 2 (version 11)	4143494420545241434b4552	44494f4445204d494c4c49414d50455245	21	7a65726f	6869676820686174	6264			726576	636c6170		7369636b	4f544845522043484f524453	706164202d32	706164202b32	4c454144	63686f7264	6f7267616e2062617373	61	4f544845522043484f524453	62	6c657373207369636b	726576206e6f697365	63
Diode Milliampere/adr1ft.a2m	Adlib Tracker 2 (version 11)	414452314654	44494f4445204d494c4c49414d50455245	52	666966746831	4849484154	5348414b45	4f4e45	6f746865726f6e65	666966746831	666966746831	736e617265626f6479	73686f6f7368	6c6f776c6f77	66696c746572	736e6172656e6f69736532	73686174	736e6172656e6f69736531	736e61726568617264	666966746831	42415353	617270794c31	53504f4f4b	424f4f4d	424f4f4d	5351	5351	5351	5351	5351	5351	5351	5351	5351	5351	5351	73696e65	424f4f4d32	415353	415353	534157	534157	737461636b	737461636b	737461636b	737461636b	5351	5351	5351	5351	5351	5351	5351	5351	5351	5351
Diode Milliampere/aquarius.a2m	Adlib Tracker 2 (version 11)	4151554152495553	44494f4445204d494c4c49414d50455245	52	4e4f20504c414e20452e542e	4849484154	4849542121	534848484848	73686f6f7368	484f4c592053484954	46555254484552204e4f4953455920414d4249454e4345	38303820534e41524520424f4459	73686f6f7368	6c6f776c6f77	66696c746572	474154454420534e415245204e4f495345	49542121	534e4152452c204e4f495345	4d4541545920534e41524520424f4459	776f20626c65	617270795231	617270794c31	617270794c32	617270795232	464154204c494b4520594f204d4f4d4d41	283e223e	3c223c29	45414348204f4e45204f46205448455345	535155415245205741564553	495320444554554e45442046524f4d	45414348204f5448455220414e44	54484552452041524520454c4556454e204f46205448454d	414e442049542057415320412048554745205041494e	494e205448452041535320544f205752495445	414c4c2054484520434f4d4d414e4453	464f5220414c4c20454c4556454e204348414e4e454c5321	73696e65	444f4f4f4f4f4f4f4f4f4f21	534157	53494e4553	324e4420425245414b46415354	534157	737461636b	737461636b	4a554e4f	4a554e4f	5348313031	5351	5351	5351	5351	5351	5351	5351	5351	5351
Diode Milliampere/cat people-show your lol.a2m	Adlib Tracker 2 (version 11)	6361742070656f706c65202f2073686f7720796f7572206c6f6c	44696f6465204d696c6c69616d70657265	22	7361772062617373	6869676820686174	6264		6261736963	63686f7264	636c6170	62336c6c	486f757365206f7267616e206c6f77	7361772062617373	534e	4e4f495345		486f757365206f7267616e206869	6e6f74206120333033		63686f7264	63686f7264				
Diode Milliampere/endless scroll.a2m	Adlib Tracker 2 (version 12)	206e6577		51	6264	6869676820686174	7364	6e6f69736520757020	6e6f69736520646f776e	626173736c696e65	636c6170	4f5247414e31	4f5247414e32	6e6f69736520646f776e	736e617265206e6f697365	42415353	42415353	42415353	7069616e6e79	63686f72646965	63686f72646965	434c4150	434c415032	434c415033	434c415034	746f6d	504c55434b59	504c55434b59204c31	504c55434b59205231	504c55434b59204c32	626173736c696e65	626173736c696e65	66726565626965333033																						
Diode Milliampere/greets fly!.a2m	Adlib Tracker 2 (version 12)	47726565747320466c7921	44696f6465206d41	23	3d33	6868	405f40	3d58	62336c6c	3d29	3d44	3d2d6f	3d2d6f	3d50	3d50	7844	643d	633d	20633d	2020633d	20643d	2020643d	283e272e27293e	283e272e27293e	275f27	2a5f2a	736e617265
Diode Milliampere/keys.a2m	Adlib Tracker 2 (version 12)	206e6577		21	6264	6869676820686174	7364					7069616e6e79	4f5247414e32		736e617265206e6f697365							62617373	61727073	61727073	
Diode Milliampere/milinda.a2m	Adlib Tracker 2 (version 11)	4d696c696e6461	44494f4445204d494c4c49414d50455245	45	42415353	56494345	53574545542042414259204a45535553	736f756e64636c6f75642e636f6d2f64696f64656d61	44454c4159204c454654	484920494e20444120534b592048415453	5341572042415353	43484f524453	534157204241535332	535745455443484f524453	4c4f57204241535320594f5520574f4e2754	48454152204f4e20594f55522050484f4e4520	44454c4159205249474854	4c55585552494f555320	4157572059454148	53544552454f2043484f525553	424f4f50	535745455443484f5244534454554e45	73756368206c656164	425249414e2044454e4e494e47	5448554d50	5355504153415731	5355504153415731	5355504153415731	5355504153415731	5355504153415731	5355504153415731	5355504153415731	42524f4b45204153532042415353	53555041504c55434b31	53555041504c55434b31	53555041504c55434b31	53555041504c55434b31	53555041504c55434b31	53555041504c55434b31	73756368206472616d61	52657665727365204e4f495345204c4f4c	53544f502e	5348414b452049542c204242	522045204c20412058202e202e202e	627a7a	31	32	33	34
Diode Milliampere/mutable signs.a2m	Adlib Tracker 2 (version 11)	4d555441424c45205349474e53	44494f4445204d494c4c49414d50455245	20	534c4f574552	4849484154	424420746869636b	736c6f	73756262617373	61727079	57415348	636c6170	73686f6f7368	6c6f776c6f77	66696c746572	737562737562	526576657273652077617368	6e6f697365	6432	44495645	617270795231	617270794c31	617270794c32	617270795232
Diode Milliampere/no72.a2m	Adlib Tracker 2 (version 12)		44696f6465204d696c6c69616d70657265	40	6264	6869676820686174														63686f72646965		434c4150	434c415032	434c415033	434c415034								66726565626965333033	626173732d32	626173732b32	7765697264								
Diode Milliampere/null.a2m	Adlib Tracker 2 (version 11)	4e554c4c	44494f4445204d494c4c49414d50455245	20	53494e45	4849484154	424420746869636b	736c6f	73756262617373	61727079	57415348	636c6170	73686f6f7368	6c6f776c6f77	66696c746572	737562737562	526576657273652077617368	6e6f697365	6432	44495645	617270795231	617270794c31	617270794c32	617270795232
Diode Milliampere/odd time.a2m	Adlib Tracker 2 (version 11)	6f6f39		13	6868	56204f2049204420				692064206b	706c61696e62617373	662d322072696d73686f74	42442c204c6f57	504552432e204f5247414e	632d37206d6574616c206c6f6e67206465636179	694e535f3036	6e6f697365206c6f6c
Diode Milliampere/on planet zaxxon.a2m	Adlib Tracker 2 (version 11)	4f4e20504c414e4554205a4158584f4e	44494f4445204d494c4c49414d50455245	40	42415353204452554d	4849484154	534e41524520424f4459	534e415245204e4f495345	5445525242494c45204e4f495345	464144494e47205550204e4f49455920414d4249454e4345	46555254484552204e4f4953455920414d4249454e4345	534e41524520424f4459						534e415245204e4f495345	4d4541545920534e41524520424f4459	4c4541443230	4c4541443231				42415353204452554d															53494e4520504144	43484f52442031	43484f52442030	42415353	42454e4459204c454144
Diode Milliampere/phone.a2m	Adlib Tracker 2 (version 12)	544f525445414e444f		69																		70686f6e65		746f6e65					443333702042415353																																												
Diode Milliampere/psg.a2m	Adlib Tracker 2 (version 11)		44494f4445206d41	53	746865206d6f737420626f72696e6720706164	73616d706c655f6e5f686f6c64202d35	6c6974746c652d7363616c65	6264	7520776f74206d38	73616d706c655f6e5f686f6c64202d35	6368656170206d6574616c20736f756e64	5368616b65	536d6f6f74686572205069616e6f	6f746865722062617373	6f746865722062617373	7769657264206f6e65	7769657264206f6e65	534e415245	636c69636b73	2068692068617473	53415731	4f74686572204244	536d6f6f74686572205069616e6f	53415731	53415731	4f5448455253415731	4f5448455253415732	4f5448455253415733	534e41524564656c61796c	534e41524564656c617972	7368682e2e2e	4e4e4e4e4e4e4e4e	5a5a5a5a5a5a5a5a	4c617a792042656520446565	6264	4d696c696e646120686920686174	67656e65726963206c656164	464d2041434944	464d2041434944206465636179		6765657a	4449525459	66696c7468	736f6d657468696e67	6f6d696e6d6f75732062617373	746865	6f6d696e6d6f757320626173734c4f57		636c69636b73								
Diode Milliampere/rip.a2m	Adlib Tracker 2 (version 12)	206e6577		21	3d33	5e5f5e	405f40	3d58	785f78	3d29	3d44	3d2d6f	757775	3d50	3d5f3d	7844	643d	633d	20633d	2020633d	20643d	2020643d	283e272e27293e	3d39	275f27
Diode Milliampere/samsara.a2m	Adlib Tracker 2 (version 11)	53616d73617261	44696f6465204d696c6c69616d70657265	18	4152502052454c454153452038	6869676820686174	42656520446565	626c616e6b	6261736963		636c6170	616e6f74686572207468696e67206c6f75646572	616e6f74686572207468696e67	616e6f74686572207468696e672051554945544552	2d33	2b33	7765697264	73696e65		4152502052454c454153452039	4152502052454c454153452061	4152502052454c454153452037
Diode Milliampere/squanchy.a2m	Adlib Tracker 2 (version 12)	544f525445414e444f		69	4244	68692068617473	283d5f3d29	283e272e27293e	6c656164	422d29	3d29	646973742e204244	7765616b206264	283e272e27293e	432338204e4f495345205550	432338204e4f49534520444f574e	64	73686974	6261737331	6261737332	6c656164	70686f6e65	283e272e27293e	746f6e6573	275f27	6c656164	3c33		443333702042415353																																												
Diode Milliampere/xmission.a2m	Adlib Tracker 2 (version 11)	584d495353494f4e	44494f4445204d494c4c49414d50455245	52	50454e534956452042415353	434845454b59204849484154	4849542121	534848484848	73686f6f7368	445245414420535542	5348313031535542	38303820534e41524520424f4459	73686f6f7368	434c415645	4d454c43484f4c592043484f524453	474154454420534e415245204e4f495345	49542121	534e4152452c204e4f495345	464f524749564520594f555253454c46	776f20626c65	617270795231	617270794c31	617270794c32	617270795232	312e2e2e322e2e2e332e2e2e342e2e2e	283e223e	3c223c29	45414348204f4e45204f46205448455345	535155415245205741564553	495320444554554e45442046524f4d	45414348204f5448455220414e44	54484552452041524520454c4556454e204f46205448454d	414e442049542057415320412048554745205041494e	494e205448452041535320544f205752495445	414c4c2054484520434f4d4d414e4453	464f5220414c4c20454c4556454e204348414e4e454c5321	73696e65	444f4f4f4f4f4f4f4f4f4f21	534157	53494e4553	324e4420425245414b46415354	333033	333033	333033	737461636b	737461636b	5351	5351	5351	5351	5351	5351	5351	5351	5351	5351
Drx/schwert und skelett mix.a2m	AdLib Tracker 2	5363687765727420756e6420536b656c657474204d6978	426f64656e7374846e6469672032303030	250	20694e535f30313a206b69636b	20694e535f30323a20736e617265	20694e535f30333a206869686174	20694e535f30343a206372617368	20694e535f30353a206865617679677569746172	20694e535f30363a20686561767962617373	20694e535f30373a206c65616467756974	20694e535f30383a206c65616467756974206c65697365	20694e535f30393a206f7267656c	20694e535f30413a2062617373206c616e67	20694e535f30423a20706c696e67706c6f6e67	20694e535f30433a2063796d62616c	20694e535f30443a20	20694e535f30453a202a2a2a	20694e535f30463a205468697320666162756c6f7573206d6f64756c65	20694e535f31303a20697320616c736f20706c61636564206f6e	20694e535f31313a2054524142414e542773	20694e535f31323a20456e746572207370616365626172	20694e535f31333a2072656d697865732043442e	20694e535f31343a20	20694e535f31353a204d616e79207468616e6b7320746f	20694e535f31363a2044726167616e20457370656e736368696564	20694e535f31373a20666f72206d616b696e672041645432	20694e535f31383a206b6e6f776e207075626c6963203a2d5d	20694e535f31393a20	20694e535f31413a20	20694e535f31423a20	20694e535f31433a20	20694e535f31443a20	20694e535f31453a20	20694e535f31463a20	20694e535f32303a20	20694e535f32313a20	20694e535f32323a20	20694e535f32333a20	20694e535f32343a20	20694e535f32353a20	20694e535f32363a20	20694e535f32373a20	20694e535f32383a20	20694e535f32393a20	20694e535f32413a20	20694e535f32423a20	20694e535f32433a20	20694e535f32443a20	20694e535f32453a20	20694e535f32463a20	20694e535f33303a20	20694e535f33313a20	20694e535f33323a20	20694e535f33333a20	20694e535f33343a20	20694e535f33353a20	20694e535f33363a20	20694e535f33373a20	20694e535f33383a20	20694e535f33393a20	20694e535f33413a20	20694e535f33423a20	20694e535f33433a20	20694e535f33443a20	20694e535f33453a20	20694e535f33463a20	20694e535f34303a20	20694e535f34313a20	20694e535f34323a20	20694e535f34333a20	20694e535f34343a20	20694e535f34353a20	20694e535f34363a20	20694e535f34373a20	20694e535f34383a20	20694e535f34393a20	20694e535f34413a20	20694e535f34423a20	20694e535f34433a20	20694e535f34443a20	20694e535f34453a20	20694e535f34463a20	20694e535f35303a20	20694e535f35313a20	20694e535f35323a20	20694e535f35333a20	20694e535f35343a20	20694e535f35353a20	20694e535f35363a20	20694e535f35373a20	20694e535f35383a20	20694e535f35393a20	20694e535f35413a20	20694e535f35423a20	20694e535f35433a20	20694e535f35443a20	20694e535f35453a20	20694e535f35463a20	20694e535f36303a20	20694e535f36313a20	20694e535f36323a20	20694e535f36333a20	20694e535f36343a20	20694e535f36353a20	20694e535f36363a20	20694e535f36373a20	20694e535f36383a20	20694e535f36393a20	20694e535f36413a20	20694e535f36423a20	20694e535f36433a20	20694e535f36443a20	20694e535f36453a20	20694e535f36463a20	20694e535f37303a20	20694e535f37313a20	20694e535f37323a20	20694e535f37333a20	20694e535f37343a20	20694e535f37353a20	20694e535f37363a20	20694e535f37373a20	20694e535f37383a20	20694e535f37393a20	20694e535f37413a20	20694e535f37423a20	20694e535f37433a20	20694e535f37443a20	20694e535f37453a20	20694e535f37463a20	20694e535f38303a20	20694e535f38313a20	20694e535f38323a20	20694e535f38333a20	20694e535f38343a20	20694e535f38353a20	20694e535f38363a20	20694e535f38373a20	20694e535f38383a20	20694e535f38393a20	20694e535f38413a20	20694e535f38423a20	20694e535f38433a20	20694e535f38443a20	20694e535f38453a20	20694e535f38463a20	20694e535f39303a20	20694e535f39313a20	20694e535f39323a20	20694e535f39333a20	20694e535f39343a20	20694e535f39353a20	20694e535f39363a20	20694e535f39373a20	20694e535f39383a20	20694e535f39393a20	20694e535f39413a20	20694e535f39423a20	20694e535f39433a20	20694e535f39443a20	20694e535f39453a20	20694e535f39463a20	20694e535f41303a20	20694e535f41313a20	20694e535f41323a20	20694e535f41333a20	20694e535f41343a20	20694e535f41353a20	20694e535f41363a20	20694e535f41373a20	20694e535f41383a20	20694e535f41393a20	20694e535f41413a20	20694e535f41423a20	20694e535f41433a20	20694e535f41443a20	20694e535f41453a20	20694e535f41463a20	20694e535f42303a20	20694e535f42313a20	20694e535f42323a20	20694e535f42333a20	20694e535f42343a20	20694e535f42353a20	20694e535f42363a20	20694e535f42373a20	20694e535f42383a20	20694e535f42393a20	20694e535f42413a20	20694e535f42423a20	20694e535f42433a20	20694e535f42443a20	20694e535f42453a20	20694e535f42463a20	20694e535f43303a20	20694e535f43313a20	20694e535f43323a20	20694e535f43333a20	20694e535f43343a20	20694e535f43353a20	20694e535f43363a20	20694e535f43373a20	20694e535f43383a20	20694e535f43393a20	20694e535f43413a20	20694e535f43423a20	20694e535f43433a20	20694e535f43443a20	20694e535f43453a20	20694e535f43463a20	20694e535f44303a20	20694e535f44313a20	20694e535f44323a20	20694e535f44333a20	20694e535f44343a20	20694e535f44353a20	20694e535f44363a20	20694e535f44373a20	20694e535f44383a20	20694e535f44393a20	20694e535f44413a20	20694e535f44423a20	20694e535f44433a20	20694e535f44443a20	20694e535f44453a20	20694e535f44463a20	20694e535f45303a20	20694e535f45313a20	20694e535f45323a20	20694e535f45333a20	20694e535f45343a20	20694e535f45353a20	20694e535f45363a20	20694e535f45373a20	20694e535f45383a20	20694e535f45393a20	20694e535f45413a20	20694e535f45423a20	20694e535f45433a20	20694e535f45443a20	20694e535f45453a20	20694e535f45463a20	20694e535f46303a20	20694e535f46313a20	20694e535f46323a20	20694e535f46333a20	20694e535f46343a20	20694e535f46353a20	20694e535f46363a20	20694e535f46373a20	20694e535f46383a20	20694e535f46393a20	20694e535f46413a20
Encore/crazy little techno beat.a2m	Adlib Tracker 2 (version 11)	4372617a79204c6974746c6520546563686e6f2042656174	456e636f7265	19	20202a204372617a79204c6974746c6520546563686e6f2042656174202a		41206c6974746c6520736f6d657468696e672066726f6d20796f757220464d2d20796f757220464d2d	6765656b2e203b29204e6f74207375706572696e73706972696e67	73747566662c2062757420492068616420736f6d652066756e2c206d616b696e756e2c206d616b696e	6372617a7920696e737472756d656e747320616e642070657263757373696f6e657263757373696f6e	2c20736f2069742773206261736963616c6c792061206d61646575702d	74756e6520746f2064656d6f6e73747261746520746861742e203b29		456e6a6f7921		20202020202020202020202f20456e636f7265203230202d20617072202730332d2061707220273033							
Encore/eric prydz vs retarded funk - call on me.a2m	Adlib Tracker 2 (version 11)	4572696320507279647a2076732052657461726465642046756e6b202d2043616c6c204f6e204d65	4120226a75737420666f722066756e2220636f7665722023322c20627920456e636f7265	17	4572696320507279647a2076732052657461726465642046756e6b202d	43616c6c204f6e204d65		4120226a75737420666f722066756e2220636f7665722023322c	627920456e636f7265												
Encore/fm house (version ii).a2m	Adlib Tracker 2 (version 11)	464d20486f757365202876657273696f6e20494929	456e636f7265	25	20456e636f7265202d20464d2d486f757365202876657273696f6e20494929		4920636f6e74696e756564206f6e2069742e205468697320697320616e	657874656e6465642076657273696f6e206f6620746865206f726967696e616c206f726967696e616c	747261636b2e		202020202020202f2f20656e636f7265202d20367468204a616e2032303036																		
Encore/fm house.a2m	Adlib Tracker 2 (version 11)	464d20486f757365	456e636f7265	18	20202020202a20456e636f7265202d20464d2d486f757365202a		4120444a20696e2061206d75736963666f72756d206865617264206d79	22464d2d54656b6e6f222d74756e6520616e6420736169642c2069662049	636f756c64206d616b6520736f6d657468696e67206d6f726520737569742d	61626c6520666f72207468652064616e6365666c6f6f722c206865	776f756c6420706c61792069742e204a75737420666f722066756e2c20616e642066756e2c20616e64	696e73706972656420627920746861742c204920747269656420746f20	6d616b6520612074756e65207769746820612067726f6f767920626561742e		546869732074756e652075736573207468652073686974747920706572632d	757373696f6e2d6d6f64652c20736f2069662074686572652773206e6f	696e666164696e67206869686174206174206f726465722030312c20747279	68697474696e672074686520706572632d6d6f6465206f6e2f6f66662061	6665772074696d65732e		202020202020202f2f20656e636f7265202d2032337264204a616e2032303033204a616e2032303033	
Encore/fm tekno!.a2m	Adlib Tracker 2 (version 11)	464d2054656b6e6f21	456e636f7265	20	202020202a20456e636f7265202d20464d2d54656b6e6f202a		4d79206669727374207265616c20736f6e6720696e2041646c6962	547261636b6572205d5b2e20506c617965642077697468204164545d5b2061	7768696c652061676f2c20627574206261636b207468656e2049206e657665726e2049206e65766572	7265616c6c79206669677572656420746865206b657973206f75742e	57656c6c2049206d757374207361792c2049276d20706c656173652077697468656173652077697468	7468697320736f6e672061732068656c6c21203b29204772656574696e6773	676f657320746f207468652070656f706c65206f6620746865	666f726d65722047445220616e6420616c736f206d79202770757465722d	667269656e64204b6f6d706921		2020202020202f2f20456e636f7265202d2031327468204a756c7920323030324a756c792032303032							
Encore/forest.a2m	Adlib Tracker 2 (version 11)	466f72657374	456e636f7265	16	456e636f7265202d20466f72657374205b4a756c792730332f4e6f762730345d332f4e6f762730345d		2d20492073696d706c7920666f756e6420736f6d6520666d2d736f756e6473	746861742049206c696b656420616e6420747269656420746f20637265617465746f20637265617465	616e20656e7669726f6e6d656e74206f6620736f6d657468696e67	64697374616e74206661722c2066617220617761792e2e2e										
Encore/howard jones - what is love.a2m	Adlib Tracker 2 (version 11)	486f77617264204a6f6e6573202d2057686174204973204c6f76653f	456e636f7265	31	2a20486f77617264204a6f6e6573202d2057686174204973204c6f76653f202a73204c6f76653f202a		5468697320697320616e2041646c69622d636f766572206f6620746865	38302773206869742c207768696368206170706561726564206f6e	2248756d616e2773204c6962222066726f6d20313938342e2054686973	697320746865206669727374202620616c736f20746865206c617374	636f766572206f66206120636f6d6d65726369616c20736f6e672c2049276c6c6f6e672c2049276c6c	65766572206d616b652e2054686520726561736f6e2069732073696d706c652e732073696d706c652e	49742074616b657320746f6f206d7563682074696d6520746f206d616b65	6120676f6f6420636f7665722e204e6f74206b696464696e6720796f752c	4920686176652070726f6261626c7920757365642028696e73616e656c7929	32352b20686f757273206f6e207468697320747261636b21	4e6576657220616761696e212121203b29		5468616e6b7320746f207375627a33726f2c206120677265617420	70726f6772616d6d65722c206b656570696e6720464d20616c69766521203b29616c69766521203b29		202020202020202f2f20656e636f7265202d2032377468204a616e2032303033204a616e2032303033													
Encore/karsten obarski - amegas.a2m	Adlib Tracker 2 (version 11)	4b61727374656e204f626172736b69202d20414d45474153	456e636f72652c20322066656272756172792032303035	19	202020202020202020202a20414d45474153202a		4f726967696e616c3a204b61727374656e204f626172736b692c2031393837	41646c696220636f6e76657273696f6e3a20456e636f72652c2032303035		27416d65676173272069732070726f6261626c79206f6e65206f6620746865	6669727374206d6f64756c65732c2063726561746564207573696e6720556c2d7573696e6720556c2d	74696d61746520536f756e64747261636b6572206f6e2074686520416d69676174686520416d696761	3530302c20746f2061707065617220696e206120636f6d6d65726369616c	67616d65202d20616e6420612067726561742074756e65207265616c6c7921		546869732041646c696220636f6e76657273696f6e206d616b657320757365	6f662074686520344f5020747261636b20657874656e73696f6e2c20746865	70657263757373696f6e20747261636b20657874656e73696f6e20616e64	616c736f20736f6d65206d6163726f207461626c657320696e206f72646572	746f206769766520726573656d626c616e636520746f2074686520736f756e6474686520736f756e64	6f6620746865206f726967696e616c20747261636b2e20456e6a6f792e		
Encore/kraftwerk - computer world.a2m	Adlib Tracker 2 (version 11)	4b726166747765726b202d20436f6d707574657220576f726c64	4120226a75737420666f722066756e2220636f7665722023312c20627920456e636f7265	15	4b726166747765726b202d20436f6d707574657220576f726c64		4120226a75737420666f722066756e2220636f7665722023312c	627920456e636f7265											
Encore/the absence of julia.a2m	Adlib Tracker 2 (version 11)	54686520616273656e6365206f66204a756c6961	456e636f7265202d20352d36206665622032303035202b2036206a616e2032303036	9	537461727465642077726974696e6720746869732074756e65206f6e2061	6461726b206576656e696e6720696e2066656272756172792032303035	77697468206120626f74746c65206f66204261696c65797320616e6420616e	656d7074792068656172742e204f6e652079656172206c61746572	7375627a33726f20686164206164646564207468652066656174757265	49206e656564656420746f206d616b6520746865206336343a697368	70756c7365207769647468206d6f64756c6174696f6e2d656d756c6174696f6e656d756c6174696f6e	636f6e74696e75696e67207365616d6c6573736c79207768656e	6368616e67696e672063686f7264732c20616e642074686520747261636b
Ikuma/lardossian synthesis.a2m	Adlib Tracker 2 (version 11)	6c6172646f737369616e2073796e746865736973	496b756d61	10	73796e7468646973746f72746261737331	6b69636b	73796e7468646973746f72746261737331	68693d686174	6f70656e20686920686174	736e6172652f636c6170	706164	7375622d62617373		63656c657374612e736269
Konakonaa/DRGWRRTT.A2M	Adlib Tracker 2 (version 13)			18	7472756d706574	7472756d7065742073746162	74726f6d626f6e65	74726f6d626f6e652073746162	736e61726520746f6e65	736e617265206e6f697365	6372617368	74696d70616e692d756e6931	74696d70616e692d756e6932	74696d70616e69	76696f6c696e	76696f6c696e	686f726e	76696f6c696e206d757465642e2e2e	68617270736963686f7264	63726173682070616e6e	68617270736963686f72642070616e6e	76696f6c696e
Konakonaa/DWRRCSLO.A2M	Adlib Tracker 2 (version 13)			3	68617270736963686f7264	68617270	7472756d706574
Konakonaa/DWRRFILD.A2M	Adlib Tracker 2 (version 13)			9	666c757465	70697a7a696361746f	76696f6c696e	76696f6c696e205249474854	76696f6c696e204c454654	76696f6c696e20736f66746572	70697a7a696361746f206c656674	70697a7a696361746f207269676874	666c7574652070616e6e
Konakonaa/EASTDSRT.A2M	Adlib Tracker 2 (version 13)	54616c6573206f6620746865204561737465726e2053616e6473	6b6f6e616b6f6e612f6b6f6e616b6f6e6161	8	706c75636b65	62617373	73796e	706c75636b652070616e6c656674	706c75636b652070616e7269676874	62617373207269676874	73796e206c656674	73796e207269676874
Konakonaa/ETWARAWK.A2M	Adlib Tracker 2 (version 14)	54686520457465726e616c2057617272696f72204177616b6573	6b6f6e616b6f6e612f6b6f6e616b6f6e6161	103	50657270657475616c6c794c696e65617243697263756c6172536177	5a65726f43726f7373696e67486172736853686f7265	5a65726f43726f7373696e67486172736853686f7265686961746b	43656e74657242656c6c4f66536163726564556e697479	3e2e3c20594f5520464f554e44204d5920454153544552454747203e2e3c	506879736963616c466f726d4f664153717561726557617665477569746172	476f7267656f7573546f6e616c506172744f664153796e7468546f6d	536962696c616e74536e616b794e6f697365506172744f6653616964546f6d	4172704f64797373657950756c7365537765657042726f6f6d68616c6c	526f756e646564436861696e7361774d617373616b6b6572	446574756e654f64797373657950756c7365537765657042726f6f6d68616c6c42726f6f6d68616c6c	43656e74657253696e4f66556e6976657273616c457175696c69627269756d	4c65667442656c6c4f66556e63616e6e794d6f6e7374726f73697479	526974655477696e4f665468654d6f6e7374726f757342656c6c41626f7665	536879486174546861744861736e74596574426c6f73736f6d6564	4869486174486f77596f75446f696e67203a33	4261736564426173654472756d5468617442617373657342617373696c79	5374616262696e67536f6d656f6e655769746841536177	32785374616262696e67536f6d656f6e655769746841536177	33785374616262696e67536f6d656f6e655769746841536177	5468697349735768617441477569746172536f756e64734c696b65	537563684861726d66756c4861726d6f6e6963734f66477569746172	4465757849735768617441477569746172536f756e64734c696b65	54726f697349735768617441477569746172536f756e64734c696b65	4d7563684d6f72654861726d66756c4861726d6f6e6963734f66477569746172734f66477569746172	4472756d61746963536e6172655468776f6d70536f456c656374726f6e6963	536e6f775768697465536e6172654e6f6973795468696e67795452393039	537475626279536879536e617265536f756e6453686f776572	54686973576173537570706f736564546f4265467265744e6f6973652c6275744e6f6973652c627574	4d656c6f6469634172704f6e546f6d746f6d20227727	46696e616c6c795468657265277341344f70496e737472756d656e74	4f6e486572652c416e644974536f756e647344616e6b212121	596f754b6e6f77576861744d6f72653a	54776f466f7254686550726963654f664f6e6521	6372617368206c6f77	63726173682068696768	48656c6c7342656c6c73		54686973416761696e55736564546f4265467265744e6f6973652c627574	34496e4672656e636849735768617441477569746172536f756e64734c696b656f756e64734c696b65	35496e4672656e636849735768617441477569746172536f756e64734c696b656f756e64734c696b65	54686973546f6f55736564546f4265467265744e6f6973652c627574	36496e4672656e636849735768617441477569746172536f756e64734c696b656f756e64734c696b65	6f6f54686973416761696e55736564546f4265467265744e6f6973652c6275744e6f6973652c627574	313854726f697349735768617441477569746172536f756e64734c696b65	31374465757849735768617441477569746172536f756e64734c696b65	736e617265206e6f6973652028626429	53686f72744e6f697365506172744f66646174546f6d	736e617265207364	736e61726520746f6e65	526f756e646564546f6e616c506172744f664153796e7468546f6d	41636f73746963616c6c79416363757261746542617365644472756d	4c657373536879486174546861744861736e74596574426c6f73736f6d6564	7070537563684861726d66756c4861726d6f6e6963734f66477569746172	707054686973416761696e55736564546f4265467265744e6f6973652c6275744e6f6973652c627574	703254686973416761696e55736564546f4265467265744e6f6973652c6275744e6f6973652c627574	6c7054686973416761696e55736564546f4265467265744e6f6973652c6275744e6f6973652c627574	3570704672656e636849735768617441477569746172536f756e64734c696b656f756e64734c696b65	3670704672656e636849735768617441477569746172536f756e64734c696b656f756e64734c696b65	3470704672656e636849735768617441477569746172536f756e64734c696b656f756e64734c696b65	57485949534954	544841544d59505047455453484152445748454e49534545414c4f4c4954525945414c4f4c49545259	544f4c4f4f4b534f43555445594553494d45414e484552	4c4f4f4b4154484552544f4f4355544554494d45544f	555345544845554e4f504c5553464f555243415244	4d6f7265536879486174546861744861736e74596574426c6f73736f6d6564	6372617368206c6f77	63726173682068696768	4d6574616d6f7270686f73697331	4d6574616d6f7270686f736973314c	4d6574616d6f7270686f73697332	4d6574616d6f7270686f736973324c	4d6574616d6f7270686f736973312e35	4d6574616d6f7270686f736973312e354c	4d6574616d6f7270686f736973312e3735	4d6574616d6f7270686f736973312e37354c	536f66744c42656c6c4f66556e63616e6e794d6f6e7374726f73697479	536f6674525477696e4f665468654d6f6e7374726f757342656c6c41626f766542656c6c41626f7665	536f6674614c426c4f66556e63616e6e794d6f6e7374726f73697479	536f6674615254776e4f665468654d6f6e7374726f757342656c6c41626f766542656c6c41626f7665	4d6574616d6f7270686f73697346696e616c	4d6574616d6f7270686f73697346696e616c4c	73696e7573	57485949534954	544841544d59505047455453484152445748454e49534545414c4f4c4954525945414c4f4c49545259	66696e67657265642062617373	494c6f73744d7943726561746976697479536f756e64734c696b65	536372657754686973	49446f6e744576656e436172655f6673636b54686973	46696e616c6c795468657265277341344f70496e737472756d656e74	4f6e486572652c416e644974536f756e647344616e6b212121	4c4f4f4b4154484552544f4f4355544554494d45544f	5472756c794153696e75736f6964616c576176657368617065	5472756c794153696e75736f6964616c4661737441747461636b	73796e7468	73796e7468756e6931	73796e7468756e6932	73796e7468756e6933	73796e7468756e6934				63726173682068696768
Konakonaa/KONAHOME.A2M	Adlib Tracker 2 (version 14)	4b6f6e612d6368616e2773206c6179696e672077697468206d6520617420686f6d65203a33		2	70	7468696e677920696e20746865206261636b
Konakonaa/LIMITBRK.A2M	Adlib Tracker 2 (version 14)	4c696d697420427265616b	6b6f6e616b6f6e6161	39	6d656d6272616e652062617373	61	6d656d6272616e652062617373206c6f7772	6d656d6272616e65207468696e67	7a696c6c7320647279	7a696c6c73206c6f6e67	617171	736e617265206e6f6973652028626429	736e61726520746f6e65	736e617265206e6f6973652073686f72746572	736e61726520746f6e65207765616b6572	66696e67657265642062617373	61727031	61727032	5448554e444141	5448554e44414132	6261736564206472756d	626173656472756d6e6f696365	736177	73617732	73617733	73617734	6161616161616161	616161616161616132	444953544f525445442053594e5448	73796e74682076696f6c696e206f7220736f6d657468696e67	73616d652061732061626f7665206275742069747320737175617265	66696e676572656420626173732032	62617373206861726d6f6e696373	626c69737373617731	626c69737373617732	626c69737373617733	626c69737373617734	676c617373	7374726f6e672073796e7468	7371756172792073746162	66696e6765726564206261737320736c696465	7374726f6e672073796e7468207375737461696e	7375622062617373
Konakonaa/LOSTSPC.A2M	Adlib Tracker 2 (version 14)	4c6f737420696e205370616365		21	6267706164	7371726267	626766757a7a70616431	626766757a7a70616432	636c69636b206472756d	737069637166757a7a	73617731	73617732	73617733	73617734	73617735	626766757a7a70616463	73796e6869686174	636c69636b20626472756d	736e617265207461696c20756e6931	736e617265207461696c20756e6932	736e617265207461696c20756e6933	736e617265207461696c20756e6934	736e617265207461696c20756e6935	736e61726520746f6e65	636c69636b20746f6d
Konakonaa/MUTECITY.A2M	Adlib Tracker 2 (version 14)	462d5a65726f202d204d7574652043697479	4b6f756a69204b6f6e646f752028636f766572206279202a29	40	62617373	6c65616420737461636361746f	6c656164	6c6561642064657431	6c6561642064657432	686f726e	686f726e2064657431	686f726e2064657432	73617720756e6930	6264	7364207364	7364206264	686968617420636c6f736564	73617720756e6931	73617720756e6932	73617720756e6933	73796e74682062617373	73796e746820626173732070616e	746f6d746f6d	746f6d746f6d207364	6c65616420737461636361746f2070616e6c656674	6c65616420737461636361746f2070616e7269676874													6c6561642070616e	6c65616420646574312070616e	6c65616420646574322070616e	686f726e2070616e	686f726e20646574312070616e	686f726e20646574322070616e
Konakonaa/SALTYGRV.A2M	Adlib Tracker 2 (version 13)			24	6267706164	64697374616e7464696e67	686968617420636c6f736564	62617373	626173732066726574	626173732073746163	736e617265206e6f697365	736e61726520746f6e65	6163206b69636b6472756d	73796e7468	73796e74682073746163	73796e7468	73796e74682073746163	73717273796e7468	73717273796e746832	626770616420756e6932	626770616420756e6933	626770616420756e6934	64697374616e7464696e672070616e6e	626173732070616e6e	6261737320667265742070616e6e	6261737320737461632070616e6e	626173732066726574	626f6e676f
Konakonaa/TG_VEGAS.A2M	Adlib Tracker 2 (version 14)	4c6173205665676173	4261727279204c65697463682028617272616e676564206279206b6f6e616b6f6e616129	36	61	686968617420636c6f736564	6869686174206f70656e	62	61206563686f207269676874	61206563686f206c656674							41636f73746963616c6c79416363757261746542617365644472756d	736e61726520746f6e65	736e617265206e6f6973652028626429	736e617265207364			6331	6332	6333			73796e74682062617373206431		73796e74682062617373206432		61206c6f75646572	61206563686f207269676874206c6f75646572							633220646574
Konakonaa/TH04WDRM.A2M	Adlib Tracker 2 (version 14)	5769746368696e6720447265616d2028544830343a204c6f747573204c616e642053746f727929	4a756e27796120225a554e22204f6f74612028636f766572206279206b6f6e616b6f6e6129	60	73796e746820626173732063686f7264206431	73796e746820626173732063686f7264206432	62617373	737461636361746f207468696e67	737461636361746f207468696e67206563686f6564	737461636361746f207468696e672032	737461636361746f207468696e672032206563686f6564	737461636361746f207468696e67	737461636361746f207468696e67206563686f6564	737461636361746f207468696e672032	737461636361746f207468696e672032206563686f6564	737175617265206431	737175617265206432	737175617265206c	7371756172652072	6267206d65646f6c79	737175617265207374726f6e676572206c	737175617265207374726f6e6765722072	70657263757373697665	636c617070792e2e2e	6264206b72616b6b	6372617368	7371756172652070657263206431	7371756172652070657263206432	7371756172652070657263206c	73717561726520706572632072	73796e74682064317031	73796e74682064327032	736e61726520746f6e65	736e617265206e6f6973652028626429	736e617265207364	736e617265206e6f6973652073686f72742028626429	6372617368206e6f746264	746f6d746f6d20746f6e65	746f6d746f6d207364	6264207364	445831312062617373	5e3d3d3d2064617420696e737472756d656e742069732064616e6b	746f6d746f6d	5e3d3d3d206861726420616620746f2070726f6772616d	736e61726520746f6e6520736f6674	686968617420636c6f736564	445831312062617373206c6f75646572	5e3d3d3d2064617420696e737472756d656e742069732064616e6b6572		736e61726520746f6e6520346f7020776f726b61726f756e64	3a3a77617461736869207761207368696e697461692e2e2e		73796e746820626173732068617273686572206431	73796e746820626173732068617273686572206432	73796e746820626173732068617273686572206433	73796e746820626173732068617273686572206431206c6f75646572	73796e746820626173732068617273686572206432206c6f75646572	73796e746820626173732068617273686572206433206c6f75646572	44583131206261737320636f7665727570206c6f75646572	44583131206261737320636f7665727570			73796e74682064337031206c656674	73796e74682064347031207269676874
Konakonaa/TOP-2ACT.A2M	Adlib Tracker 2 (version 14)	54616c6573206f66205068616e7461736961202d20546865205365636f6e6420416374	53616b7572616261204d6f746f692c2054616d757261205368696e6a692028636f766572206279202a29	51	68617270	6372617368	4848544f50454e207364	61636f75737469632062617373	686172702072657665726220756e6931206c656674	686172702072657665726220756e6932206c656674	686172702072657665726220756e6933206c656674	686172702072657665726220756e6934206c656674	686172702072657665726220756e6931207269676874	686172702072657665726220756e6932207269676874	686172702072657665726220756e6933207269676874	686172702072657665726220756e6934207269676874	736e617265207364	736e61726520746f6e65	736e617265206e6f6973652028626429	686968617420636c6f736564	62616770697065732072696768742e2e2e	736e617265207364206c6f6e676572207461696c	63686f6972206f6f68	6261677069706573206c6566742e2e2e	6d7574656420706c75636b	63686f6972206f6f6820756e6931	62616770697065732063656e7465722e2e2e	62616770697065732063656e74657220	61636f75737469632062617373207374726f6e67	63686f6972206f6f6820756e69322070616e	7472756d706574	7472756d70657420737461636361746f	74696d70616e69	74696d70616e6920756e6932	74696d70616e69206261736520746f6e65	74696d70616e692072756d626c65	706c75636b20636c61636b	6772616e64207069616e6f2031	6772616e64207069616e6f2032	74696d70616e692062616d20286f726967696e616c6c792061207069616e6f292061207069616e6f29	6772616e64207069616e6f322032	686f726e	747462617373	636c6172696e6574	636c6172696e657420726576657262206c	636c6172696e6574207265766572622072	62616770697065732063656e746572206c6f756465722e2e2e	62616770697065732063656e7465722073746163206c6f756465722e2e2e	6261677069706573206c656674206c6f756465722e2e2e	6d7574656420706c75636b2070616e	68617270206d6574616c6c696320706c75636b	6d7574656420706c75636b2070616e20736f66746572	63686f6972206f6f68207265616c6c792068696768	63686f6972206f6f6820756e6931207265616c6869	6772616e64207069616e6f2033
Konakonaa/battletoads-surfcity-new1.a2m	Adlib Tracker 2 (version 13)			28	62617373	7375622d62617373	706c75636b6965	677569746172	67756974617220737461636174746f	6264	736e6172652d73696d706c65	636c69636b	67756974617220736f667420737461636174746f	736e61726520746f6e65	736e617265206e6f697365	73796e7468	73796e7468206563686f	73796e746820737172	73796e7468207061642031	73796e7468207061642032	73796e7468207061642033	73796e7468207061642034	73796e7468206563686f206c656674	73796e7468206563686f207269676874	73796e746820737172206563686f206c656674	73796e746820737172206563686f207269676874	626173732073746572656f20656d706861736973	67756974617220736f667420737461636174746f206563686f206c656674	67756974617220736f667420737461636174746f206563686f207269676874	736e617265206e6f697365206563686f206c656674	736e617265206e6f697365206563686f207269676874	736e617265206e6f697365206563686f2063656e746572
Konakonaa/ff2-rebel-orch-pann.a2m	Adlib Tracker 2 (version 13)			4	677569746172	666c757465	76696f6c696e	62617373
Konakonaa/kenseiden-stage1.a2m	Adlib Tracker 2 (version 13)			13	7461696b6f206472756d	636c69636b6579	736e61726520746f6e65	736e617265206e6f697365	62617373	6a61706f6e657371756520696e737472756d656e74	6a61706f6e657371756520696e737472756d656e74206c6f6e676572	65666665637431	6566666563743120646574756e65	6a61706f6e657371756520696e737472756d656e74206c6f6e676572206465746f6e67657220646574	69207468696e6b20697427732061206b6f746f	7468617420776f6f6477696e6420696e737472756d656e74	7468617420776f6f6477696e6420696e737472756d656e7420772f6f206d63727420772f6f206d6372
Konakonaa/pkmn-gsc-newbark.a2m	Adlib Tracker 2 (version 13)			19	666c757465206c656674	61632062617373	677569746172	666c7574652064697274796e657373	78796c6f70686f6e65206c656674	666c757465207269676874	78796c6f70686f6e65206d6964746f6e65	78796c6f70686f6e652072697465	6163206261737320656d70687269676874	67756974617220656d70687269676874	677569746172206563686f	6d7573696320626f78	76696f6c696e	636f6e74726162617373	76696f6c696e32	74726f6d626f6e65207269676874	74726f6d626f6e65	76696f6c696e32206c656674	76696f6c696e32207269676874
Konakonaa/reflections.a2m	Adlib Tracker 2 (version 13)			2	696e737472756d656e74	696e737472756d656e74
Kvee/mega man 3 title.a2m	Adlib Tracker 2 (version 13)	4d656761204d616e2033205469746c65	6b766565	15	6c6561642e30	6c6561642e31	6c6561642e32	626173732e30	626173732e31	7061642e30	7061642e31	6c6561642e302b				64722e6b	64722e73	64722e6863	64722e686f
Kvee/paradox #3.a2m	Adlib Tracker 2 (version 13)	50617261646f78202333	6b766565205b6f726967696e616c206279206475626d6f6f645d	28	70753530	70752e31	70752e32	70752e33	6172702070752e33			696e74726f2070752e33	6b69636b	736e617265	6863	737472	737472				626173732070753530	626173732070752e31	626173732070752e32	626173732070752e33	707535302064	70752e312064	70752e322064	70752e332064	70753530206432	70752e31206432	70752e32206432	70752e33206432
Kvee/the sweetest sin.a2m	Adlib Tracker 2 (version 13)	5468652053776565746573742053696e	6b766565205b6f726967696e616c206279204a6f7353735d	12	73696e652e4c30	73696e652e5330	73696e652e5331	73696e652e5332	73696e652e5333	73696e652e4830	73696e652e4831	73696e652e4630	73696e652e4b30	73696e652e465330	73696e652e4230	73696e652e4530
Kvee/where are you.a2m	Adlib Tracker 2 (version 13)	77686572652061726520796f753f	6b766565	18	70756c73652e30	70756c73652e31	70756c73652e32	70756c73652e33	626173732e30	626173732e31			737472	7374722d	7374722b		64722e6b2e30	64722e732e30	64722e6863	64722e6b2e31	64722e732e31	64722e686f
Kvee/ym3812 funk.a2m	Adlib Tracker 2 (version 13)	796d333831322066756e6b	6b766565	17	62617373	7371	7371206431	7371206432	706164	706164	706164	706164	66617374206172702031	66617374206172702031206431	66617374206172702032	66617374206172702032206431		64722f6863	64722f686f	64722f6b	64722f73
MadBrain/grab bag.a2m	Adlib Tracker 2 (version 11)	4772616220426167	4d6164627261696e2872656d697829202f204c6565204a61636b736f6e286f726967696e616c29	67	53796e746820426173732043	53796e74682042617373204d	416e676c6520426173732043	416e676c652042617373204d	357468204469737420426173732043	35746820446973742042617373204d	5479706963616c20426173732043	5479706963616c2042617373204d	486f6f7665722043	486f6f766572204d	4372617368204320462338	4372617368204d20462338	416c69656e732043	416c69656e73204d	4765617220477569742043	476561722047756974204d	446973746f7274696f6e2043	446973746f7274696f6e204d	4c6561642043	4c656164204d	4b65776c626173732043	4b65776c62617373204d	45636f6e6f20736e6172652043	45636f6e6f20736e617265204d	42617373204472756d	4e6f746520637574	506f636b20426173732043	506f636b2042617373204d	506f636b204261737320322043	506f636b20426173732032204d	4772616e6420737472696e67732043	4772616e6420737472696e6773204d	436c6172696e65742043	436c6172696e6574204d	5265736f6e616e743f	5073657520676c7565	50736575646f2043	50736575646f204d	436c6176692043	436c617669204d	436c6f736564486968617420432337	4f70656e486968617420432337	564c	526f636b206f7267616e2043	526f636b206f7267616e204d	427261737320332043	42726173732033204d	537472696e6773	44697374477569746172	446973746f7274696f6e2033204d	4d697374657220626173732043	4d69737465722062617373204d	52696465204320472d37	52696465204d20472d37	326f702062617373	544f4d544f4d3620	537172	736e617265322e636966	6e696365626173732e736769	3233	3538	4372617a792073617720332043	4372617a79207361772033204d	4d617273207061642043	4d61727320706164204d	54696d70616e6920322043	54696d70616e692032204d
MadBrain/international crisis.a2m	Adlib Tracker 2 (version 11)	496e7465726e6174696f6e616c20637269736973	6d6164627261696e2040206269766f7561632075726261696e2032303039	83	43696e656d6120737472696e67732043	43696e656d6120737472696e6773204d	5261646172	5261646172	547562756c61722062656c6c7320322043	547562756c61722062656c6c732032204d	556e646573632043	556e64657363204d	5472616e656320322043	5472616e65632032204d	53706163652062656c6c732043	53706163652062656c6c73204d	536c61707065722043	536c6170706572204d	53617820322043	5361782032204d	50756c7365204b6579732043	50756c7365204b657973204d	5069616e6f2058322043	5069616e6f205832204d	54696d70616e6920322043	54696d70616e692032204d	486f6f7665722043	486f6f766572204d	547562756c61722062656c6c7320322043	547562756c61722062656c6c732032204d	466c75746520502043	466c7574652050204d	53796e62722043	53796e6272204d	53796e746820537472696e677320332043	53796e746820537472696e67732033204d	466c7920627261737320332043	466c792062726173732033204d	5361772062617373206f6620646f6f6d	617274207462	466c7920627261737320322043	466c792062726173732032204d	43696e656d612b5361772043	43696e656d612b536177204d	536e6172652028412d3229	41494e4f52	4372617368204320462338	4372617368204d20462338	4f626f6520322043	4f626f652032204d	4f626f6520332043	4f626f652033204d	436c6172696e6574342043	436c6172696e657434204d	536f667420737472696e67732043	536f667420737472696e6773204d	43696e656d6120737472696e67732043	43696e656d6120737472696e6773204d	50736575646f2031	50736575646f2032	6475616c20737175617265	2d2d2d204f70656e20686968617420462338	2d2d2d20436c20686968617420462338	46756c6c206261737320322043	46756c6c20626173732032204d	536c61702042617373206d	53696e6577617665	526f7267616e20322063	526f7267616e2032206d	4d6163726f20544f4d2043	4d6163726f20544f4d204d	5361772062617373206f6620646f6f6d	4d6163726f2042617373204472756d	4d736e6172654d2c20373932687a2c206172706567204323332026204232	4f70656e486968617420432337	4f70656e486968617420432337	4d6163726f20544f4d2043	537472696e677320332043	537472696e67732033204d	326f70206372617368206237	446973746f7274696f6e20332043	446973746f7274696f6e2033204d	42617269746f6e2043	42617269746f6e204d	42617269746f6e2043	42617269746f6e204d	736f66742073696e65
MadBrain/oskari leads the investigation - intro.a2m	Adlib Tracker 2 (version 11)	4f736b617269204c656164732074686520496e7665737469676174696f6e3a20496e74726f	4d6164627261696e	130	54696d70616e6920322043236279204d6164627261696e2c206d6179203037	54696d70616e692032204d	4d6163726f20544f4d2043	4d6163726f20544f4d204d	4d6163726f204b49434b2043	4d6163726f204b49434b204d	44783720657069616e6f20432031	44783720657069616e6f204d2031	44783720657069616e6f20432032	44783720657069616e6f204d2032	44783720657069616e6f20432033	44783720657069616e6f204d2033	44783720657069616e6f20432034	44783720657069616e6f204d2034	44783720657069616e6f2043206f7665726472697665	44783720657069616e6f204d206f7665726472697665	427261737320312043	42726173732031204d	427261737320322043	42726173732032204d	427261737320332043	42726173732033204d	427261737320342043	42726173732034204d	427261737320352043	42726173732035204d			346f70206f7267616e2043	346f70206f7267616e204d207472656d6f6c	346f70206f7267616e2049492043	346f70206f7267616e204949204d	526f636b206f7267616e2043	526f636b206f7267616e204d	526f7267616e20322063	526f7267616e2032206d	42617269746f6e204320666f727465	42617269746f6e204d	42617269746f6e2043206d657a7a6f666f727465	42617269746f6e204d	42617269746f6e2043206d657a7a6f7069616e6f	42617269746f6e204d	42617269746f6e2043207069616e6f	42617269746f6e204d					466c7920627261737320322043	466c792062726173732032204d	466c7574652033284d292043204646	466c7574652033284d29204d	466c7574652033284d292043206563686f	466c7574652033284d29204d	466c7574652033284d2920432046	466c7574652033284d29204d	466c7574652033284d292043206d66	466c7574652033284d29204d	466c7574652033284d2920432070	466c7574652033284d29204d	466c7574652033284d292043207070	466c7574652033284d29204d	45636f6e6f20736e61726520312043	45636f6e6f20736e6172652031204d	45636f6e6f20736e6172652043	45636f6e6f20736e617265204d	4d6163726f204b49434b2043	4d6163726f204b49434b204d	43682e205265736574			4d736e6172654d20383030687a2045332f43332031	4d736e6172654d20383030687a2045332f43332032	4d736e6172654d20383030687a2045332f43332033	4d736e6172654d20383030687a2045332f43332034	536e6172652028412d3229	54656368204261737320326320432031	546563682042617373203263204d2031	4372617368204320462338	4372617368204d20462338	4f70656e486968617420432337	2d2d2d204f70656e20686968617420462338	2d2d2d20506564616c20686968617420462338	2d2d2d204f70656e20686968617420462338	52696465204320472d37	52696465204d20472d37	41636f204261737320326320432031	41636f2042617373203263204d2031	41636f204261737320326320432032	41636f2042617373203263204d2032	41636f204261737320326320432033	41636f2042617373203263204d2033	52696465204320472d37	52696465204d20472d37	57656972642062726173732043	5765697264206272617373204d	46756e6b20626173732043	46756e6b2062617373204d	46756e6b206261737320322043	46756e6b20626173732032204d	4372617a792073617720332043	4372617a79207361772033204d	46756e6b20626173732043	46756e6b2062617373204d	536c61707065722043	536c6170706572204d	53696e65		4861727073692046756e6b2043	4861727073692046756e6b204d	4861727073692046756e6b2043	4861727073692046756e6b204d	4861727073692046756e6b2043	4861727073692046756e6b204d	4d697374657220626173732043	4d69737465722062617373204d			4f626f65203220432067726f776c	4f626f652032204d	4f626f6520322043	4f626f652032204d	4f626f6520322043	4f626f652032204d	4f626f652032204320286563686f29	4f626f652032204d	5069616e6f2031352043	5069616e6f203135204d	5069616e6f626f6d622043	5069616e6f626f6d62204d
MadBrain/oskari the heimfanker.a2m	Adlib Tracker 2 (version 11)	4f736b61726920746865204865696d66616e6b6572	4d6164627261696e203138206465632032303130	100	61727420746220204f736b61726920746865204865696d66616e6b6572	61727420746220206279204d6164627261696e	52686f6465732020646563656d626572203230313020346d3336	617274207462	202020202020202067726565747a20746f202d3e	2020202020202020236d6f64736872696e65	4f7267616e20432070706c20746861742073686f756c6420636f6d706f	4f7267616e204d206d6f72652c20696e636c7564696e672062656174666f782c2062656174666f782c	486f6f7665724320696e6665792e2e2e	486f6f7665724d	4372617368204320462338	4372617368204d20462338	4d6163726f20544f4d2043	4d6163726f20544f4d204d	28736f20636f64612c206973207468617420627269676874	656e6f75676820666f7220796f75206e6f773f29	446973746f7274696f6e2043	446973746f7274696f6e204d	4c6561642043	4c656164204d	4372617a79206f706c20776f61726768	46696e67657220736e6170	45636f6e6f20736e617265204d5554414e542043	45636f6e6f20736e617265204d5554414e54206d	42617373204472756d	4e6f746520637574	506f636b20426173732043	506f636b2042617373204d	506f636b204261737320322043	506f636b20426173732032204d	4772616e6420737472696e67732043	4772616e6420737472696e6773204d	436c6172696e65742043	436c6172696e6574204d	5265736f6e616e743f	5073657520676c7565	50736575646f2043	50736575646f204d	436c6176692043	436c617669204d	436c6f736564486968617420432337	436c6f736564486968617420432337	436c6f736564486968617420432337	526f636b206f7267616e2043	526f636b206f7267616e204d	427261737320322043	42726173732032204d	537472696e6773	5472616e656320322043	5472616e65632032204d	526f7267616e20322063	526f7267616e2032206d	4861727073692046756e6b204320636c617669	4861727073692046756e6b204d	4861727073692046756e6b204320636c6176692078747261627269	4861727073692046756e6b204d2078747261627269	43696e656d6120737472696e677320432028736f667429	43696e656d6120737472696e6773204d	466c792062726173732033204320286861726429	466c792062726173732033204d	466c79206272617373203320432028736f667429	466c792062726173732033204d	466c7920627261737320322043	466c792062726173732032204d	427261737320332043	42726173732033204d	466c75746520502043	466c7574652050204d	466c75746520502043	466c7574652050204d	537472696e677320332043	537472696e67732033204d	4d6163726f20536e6172652c204d494c49	42656175746966756c20737472696e677320316368	54696d70616e6920322043	54696d70616e692032204d	466c79206272617373203320432028736f667429	466c792062726173732033204d	466c79206272617373203320432028736f667429	466c792062726173732033204d	477269742046756c6c20626173732043	477269742046756c6c2062617373204d	50616c6d206d757465206f6620646f6f6d2043	50616c6d206d757465206f6620646f6f6d204d	50616c6d206d757465206f6620646f6f6d2043	50616c6d206d757465206f6620646f6f6d204d	50616c6d206d757465206f6620646f6f6d2043	50616c6d206d757465206f6620646f6f6d204d	52686f646573	72686f646573	5368616b6572	5368616b6572	53747261746f6361737465722043	53747261746f636173746572204d	54616d20632337	54616d20632337	54616d20632337		42617269746f6e2043	42617269746f6e204d
MadBrain/oskari travels to a new galaxy.a2m	Adlib Tracker 2 (version 11)	4f736b6172692074726176656c7320746f2061206e65772067616c617879	4d6164627261696e204020626c6f636b7061727479202730392c20686170707920626972746864617921	67	43696e656d6120737472696e67732043	43696e656d6120737472696e6773204d	5261646172	5261646172	547562756c61722062656c6c7320322043	547562756c61722062656c6c732032204d	556e646573632043	556e64657363204d	5472616e656320322043	5472616e65632032204d	53706163652062656c6c732043	53706163652062656c6c73204d	536c61707065722043	536c6170706572204d	53617820322043	5361782032204d	50756c7365204b6579732043	50756c7365204b657973204d	5069616e6f2058322043	5069616e6f205832204d	54696d70616e6920322043	54696d70616e692032204d	486f6f7665722043	486f6f766572204d	547562756c61722062656c6c7320322043	547562756c61722062656c6c732032204d	466c75746520502043	466c7574652050204d	53796e62722043	53796e6272204d	53796e746820537472696e677320332043	53796e746820537472696e67732033204d	466c7920627261737320332043	466c792062726173732033204d	5361772062617373206f6620646f6f6d	617274207462	466c7920627261737320322043	466c792062726173732032204d	43696e656d612b5361772043	43696e656d612b536177204d	536e6172652028412d3229	41494e4f52	4372617368204320462338	4372617368204d20462338	4f626f6520322043	4f626f652032204d	4f626f6520332043	4f626f652033204d	436c6172696e6574342043	436c6172696e657434204d	536f667420737472696e67732043	536f667420737472696e6773204d	43696e656d6120737472696e67732043	43696e656d6120737472696e6773204d	50736575646f2031	50736575646f2032	6475616c20737175617265	2d2d2d204f70656e20686968617420462338	2d2d2d20436c20686968617420462338	46756c6c206261737320322043	46756c6c20626173732032204d	536c61702042617373206d	53696e6577617665	526f7267616e20322063	526f7267616e2032206d	4d6163726f20544f4d2043	4d6163726f20544f4d204d
MadBrain/oskari wins the game!.a2m	Adlib Tracker 2 (version 11)	4f736b6172692077696e73207468652067616d6521	4d6164627261696e	158	54696d70616e6920322043236279204d6164627261696e2c206d6179203037	54696d70616e692032204d	4d6163726f20544f4d2043	4d6163726f20544f4d204d	4d6163726f204b49434b2043	4d6163726f204b49434b204d	44783720657069616e6f20432031	44783720657069616e6f204d2031	44783720657069616e6f20432032	44783720657069616e6f204d2032	44783720657069616e6f20432033	44783720657069616e6f204d2033	44783720657069616e6f20432034	44783720657069616e6f204d2034	44783720657069616e6f2043206f7665726472697665	44783720657069616e6f204d206f7665726472697665	427261737320312043	42726173732031204d	427261737320322043	42726173732032204d	427261737320332043	42726173732033204d	427261737320342043	42726173732034204d	427261737320352043	42726173732035204d			346f70206f7267616e2043	346f70206f7267616e204d207472656d6f6c	346f70206f7267616e2049492043	346f70206f7267616e204949204d	526f636b206f7267616e2043	526f636b206f7267616e204d	526f7267616e20322063	526f7267616e2032206d	42617269746f6e204320666f727465	42617269746f6e204d	42617269746f6e2043206d657a7a6f666f727465	42617269746f6e204d	42617269746f6e2043206d657a7a6f7069616e6f	42617269746f6e204d	42617269746f6e2043207069616e6f	42617269746f6e204d	42617269746f6e2043206d657a7a6f666f727465286563686f29	42617269746f6e204d	466c7574652033284d292043206563686f	617274207462	466c7920627261737320322043	466c792062726173732032204d	466c7574652033284d292043204646	466c7574652033284d29204d	466c7574652033284d292043206563686f	466c7574652033284d29204d	466c7574652033284d2920432046	466c7574652033284d29204d	466c7574652033284d292043206d66	466c7574652033284d29204d	466c7574652033284d2920432070	466c7574652033284d29204d	466c7574652033284d292043207070	466c7574652033284d29204d	45636f6e6f20736e61726520312043	45636f6e6f20736e6172652031204d	45636f6e6f20736e6172652043	45636f6e6f20736e617265204d	4d6163726f204b49434b2043	4d6163726f204b49434b204d	43682e205265736574			4d736e6172654d20383030687a2045332f43332031	4d736e6172654d20383030687a2045332f43332032	4d736e6172654d20383030687a2045332f43332033	4d736e6172654d20383030687a2045332f43332034	536e6172652028412d3229	54656368204261737320326320432031	546563682042617373203263204d2031	4372617368204320462338	4372617368204d20462338	4f70656e486968617420432337	2d2d2d204f70656e20686968617420462338	2d2d2d20506564616c20686968617420462338	2d2d2d204f70656e20686968617420462338	52696465204320472d37	52696465204d20472d37	41636f204261737320326320432031	41636f2042617373203263204d2031	41636f204261737320326320432032	41636f2042617373203263204d2032	41636f204261737320326320432033	41636f2042617373203263204d2033	52696465204320472d37	52696465204d20472d37	57656972642062726173732043	5765697264206272617373204d	46756e6b20626173732043	46756e6b2062617373204d	46756e6b206261737320322043	46756e6b20626173732032204d	4372617a792073617720332043	4372617a79207361772033204d	46756e6b20626173732043	46756e6b2062617373204d	536c61707065722043	536c6170706572204d	53696e65	574f4f44424c4f43	4861727073692046756e6b2043	4861727073692046756e6b204d	4861727073692046756e6b2043	4861727073692046756e6b204d	4861727073692046756e6b2043	4861727073692046756e6b204d	4d697374657220626173732043	4d69737465722062617373204d			4f626f65203220432067726f776c	4f626f652032204d	4f626f6520322043	4f626f652032204d	4f626f6520322043	4f626f652032204d	4f626f652032204320286563686f29	4f626f652032204d	5069616e6f2031352043	5069616e6f203135204d	5069616e6f626f6d622043	5069616e6f626f6d62204d	466c7920627261737320332043	466c792062726173732033204d	74726f6d626f6e652e736269	74726f6d626f6e652e736269	74726f6d626f6e652e736269	74726f6d626f6e652e736269	617274207462	617274207462	617274207462	617274207462	4d736e6172654d2c20373932687a2c206172706567204323332026204232				4f626f6520322043	617274207462	4f626f6520322043	617274207462	53796e746820537472696e677320332043	53796e746820537472696e67732033204d	43686f697220616168732034352043	43686f69722061616873203435204d	43686f697220616168732034352043	43686f69722061616873203435204d	46696e67657220736e6170		46756e6b20626173732043	46756e6b2062617373204d
MadBrain/oskari's returns to soundblasterland.a2m	Adlib Tracker 2 (version 11)	4f736b61726927732072657475726e7320746f20536f756e64626c61737465726c616e64	4d6164627261696e	254	54696d70616e6920322043236279204d6164627261696e2c206d6179203037	54696d70616e692032204d	4d6163726f20544f4d2043	4d6163726f20544f4d204d	4d6163726f204b49434b2043	4d6163726f204b49434b204d	44783720657069616e6f20432031	44783720657069616e6f204d2031	44783720657069616e6f20432032	44783720657069616e6f204d2032	44783720657069616e6f20432033	44783720657069616e6f204d2033	44783720657069616e6f20432034	44783720657069616e6f204d2034	44783720657069616e6f2043206f7665726472697665	44783720657069616e6f204d206f7665726472697665	427261737320312043	42726173732031204d	427261737320322043	42726173732032204d	427261737320332043	42726173732033204d	427261737320342043	42726173732034204d	427261737320352043	42726173732035204d			346f70206f7267616e2043	346f70206f7267616e204d207472656d6f6c	346f70206f7267616e2049492043	346f70206f7267616e204949204d	526f636b206f7267616e2043	526f636b206f7267616e204d	526f7267616e20322063	526f7267616e2032206d	42617269746f6e204320666f727465	42617269746f6e204d	42617269746f6e2043206d657a7a6f666f727465	42617269746f6e204d	42617269746f6e2043206d657a7a6f7069616e6f	42617269746f6e204d	42617269746f6e2043207069616e6f	42617269746f6e204d	42617269746f6e2043206d657a7a6f666f727465286563686f29	42617269746f6e204d	466c7574652033284d292043206563686f	617274207462	466c7920627261737320322043	466c792062726173732032204d	466c7574652033284d292043204646	466c7574652033284d29204d	466c7574652033284d292043206563686f	466c7574652033284d29204d	466c7574652033284d2920432046	466c7574652033284d29204d	466c7574652033284d292043206d66	466c7574652033284d29204d	466c7574652033284d2920432070	466c7574652033284d29204d	466c7574652033284d292043207070	466c7574652033284d29204d	45636f6e6f20736e61726520312043	45636f6e6f20736e6172652031204d	45636f6e6f20736e6172652043	45636f6e6f20736e617265204d	4d6163726f204b49434b2043	4d6163726f204b49434b204d	43682e205265736574	536e6172652028412d3229	4d6163726f2042617373204472756d	4d736e6172654d20383030687a2045332f43332031	4d736e6172654d20383030687a2045332f43332032	4d736e6172654d20383030687a2045332f43332033	4d736e6172654d20383030687a2045332f43332034	536e6172652028412d3229	42656175746966756c20737472696e677320316368	42656175746966756c20737472696e677320316368	4372617368204320462338	4372617368204d20462338	4f70656e486968617420432337	2d2d2d204f70656e20686968617420462338	2d2d2d20506564616c20686968617420462338	2d2d2d204f70656e20686968617420462338	52696465204320472d37	52696465204d20472d37	41636f204261737320326320432031	41636f2042617373203263204d2031	41636f204261737320326320432032	41636f2042617373203263204d2032	41636f204261737320326320432033	41636f2042617373203263204d2033	52696465204320472d37	52696465204d20472d37	57656972642062726173732043	5765697264206272617373204d	46756e6b20626173732043	46756e6b2062617373204d	46756e6b206261737320322043	46756e6b20626173732032204d	4372617a792073617720332043	4372617a79207361772033204d	46756e6b20626173732043	46756e6b2062617373204d	536c61707065722043	536c6170706572204d	53696e65	574f4f44424c4f43	4861727073692046756e6b2043	4861727073692046756e6b204d	4861727073692046756e6b2043	4861727073692046756e6b204d	4861727073692046756e6b2043	4861727073692046756e6b204d	4d697374657220626173732043	4d69737465722062617373204d	5069616e6f2031352043	5069616e6f203135204d	4f626f6520322043	4f626f652032204d	4f626f6520322043	4f626f652032204d	4f626f6520322043	4f626f652032204d	4f626f652032204320286563686f29	4f626f652032204d	5069616e6f2031352043	5069616e6f203135204d	5069616e6f626f6d622043	5069616e6f626f6d62204d	466c7920627261737320332043	466c792062726173732033204d	74726f6d626f6e652e736269	74726f6d626f6e652e736269	74726f6d626f6e652e736269	74726f6d626f6e652e736269	617274207462	617274207462	617274207462	617274207462	4d736e6172654d2c20373932687a2c206172706567204323332026204232	43756963613f			4f626f6520322043	617274207462	4f626f6520322043	617274207462	53796e746820537472696e677320332043	53796e746820537472696e67732033204d	43686f697220616168732034352043	43686f69722061616873203435204d	43686f697220616168732034352043	43686f69722061616873203435204d	46696e67657220736e6170	464c555445202020	46756e6b20626173732043	46756e6b2062617373204d	43686f697220616168732034352043	43686f69722061616873203435204d		537472696e67732032312043	537472696e6773203231204d	466c7574652033284d292043206563686f	617274207462	466c7574652033284d292043206563686f	617274207462	466c7574652033284d292043206563686f	617274207462	466c7574652033284d292043206563686f	617274207462	466c7574652033284d292043206563686f	617274207462	466c7574652033284d292043206563686f	617274207462	42656175746966756c20737472696e67732043	42656175746966756c20737472696e6773204d	4361746d616e20626173732043	4361746d616e2062617373204d	5374617220626173732063	537461722062617373206d	436c6176692070686173652043	436c617669207068617365204d	53706163652068697420736f756e642043	53706163652068697420736f756e64204d	416e616c6f672043	416e616c6f67204d	566f696365206f6620676f642043	566f696365206f6620676f64204d	446f6f6220626173732043	446f6f622062617373204d	47656e657369732043	47656e65736973204d	4c6174656c7920626173732043	4c6174656c792062617373204d	57616820766f6963652063	57616820766f696365206d	4d697374657220626173732043	4d69737465722062617373204d	42656175746966756c20737472696e677320316368	42656175746966756c20737472696e677320316368	43682e207265736574	436f636f6e7574	5375676172636f61742062726173732043	5375676172636f6174206272617373204d	44697374477569746172	446973746f7274696f6e2033204d	446973746f7274696f6e20322043	446973746f7274696f6e2032204d	446973746f7274696f6e20332043	446973746f7274696f6e2033204d	446973746f7274696f6e20332043204f72636865737472616c	446973746f7274696f6e2033204d	4c6561642043	4c656164204d	617274207462	617274207462	42656175746966756c20737472696e67732043	42656175746966756c20737472696e6773204d	446973746f7274696f6e20332043	446973746f7274696f6e2033204d	42617373	50756c736520626173732043	50756c73652062617373204d			42656175746966756c20737472696e67732043	42656175746966756c20737472696e6773204d	416e63686f767920426173732043	416e63686f76792042617373204d	416e63686f767920426173732043	416e63686f76792042617373204d	547562756c61722062656c6c732043	547562756c61722062656c6c73204d	547562756c61722062656c6c7320322043	547562756c61722062656c6c732032204d	436875726368204f7267616e2043	436875726368204f7267616e204d	4d6f6e73746572204f7267616e2043	4d6f6e73746572204f7267616e204d	487962726964204f7267616e2043	487962726964204f7267616e204d	466c7920627261737320332043	466c792062726173732033204d	466c7920627261737320332043	466c792062726173732033204d	436c6172696e6574342043	436c6172696e657434204d	4861727020322043	486172702032204d	56696f6c696e2043	56696f6c696e204d	56696f6c696e2043	56696f6c696e204d
MadBrain/sinner.a2m	Adlib Tracker 2 (version 11)			9	436f6e74696e756f75732073696e65	53696e652070657263	53696e6520746f6d	436f6e74696e756f75732073696e65	436f6e74696e756f75732073696e65	436f6e74696e756f75732073696e65	436f6e74696e756f75732073696e65	436f6e74696e756f75732073696e65	43756963613f
MadBrain/super mario bros level 1-2.a2m	Adlib Tracker 2 (version 11)			19	5375706572204d6172696f2042726f73	4c6576656c20312d32		6279204d6164427261696e	4f6e6c7920666f722041646c6962547261636b65723221			2d2d2d204d6163726f2042617373204472756d	2d2d2d204d6163726f20536e617265	2d2d2d20436c6f736564486968617420472338		6d6164627261696e40766964656f74726f6e2e6361	497427732061207368616d65204154322063616e277420776f726b	756e6465722058502077697468206120534220656d756c61746f722c	616e64207468617420617270656767696f20616e64207669627261746f	6d6163726f7320686176652074756e696e672070726f626c656d732e	49742773207374696c6c206120677265617420747261636b65722e203a29	2d2d2d20547269616e676c65	2d2d2d20547269616e676c65
MadBrain/weird sounding.a2m	Adlib Tracker 2 (version 11)			11	42617373	4d6163726f2042617373204472756d	4d6163726f20536e617265	436c6f73656420486968617420432337	4f70656e20486968617420432337	446973746f7274656420477569746172	536178	537472696e6773	436c6172696e6574	50657263204f7267616e	5269646520452d37
MadBrain/whak.a2m	Adlib Tracker 2 (version 11)	60		24	53706163652062656c6c732043	53706163652062656c6c73204d	4d6163726f20544f4d2043	4d6163726f20544f4d204d	4f7267616e20466c75746520502043	4f7267616e20466c7574652050204d	446f6d6d657220426173732043	446f6d6d65722042617373204d	45636f6e6f20736e6172652043	45636f6e6f20736e617265204d	4d6163726f2042617373204472756d	4f70656e486968617420432337	436c486968617420432337	43756963613f	466c757465204d2043	466c757465204d204d	4d697374657220626173732043	4d69737465722062617373204d	46756e6b206261737320322043	46756e6b20626173732032204d	436c6176692043	436c617669204d	476c6f636b656e73702043	476c6f636b656e7370204d
Malfunction/analog trip.a2m	Adlib Tracker 2 (version 11)	416e616c6f672054726970202d20526976657220576173682032303038204368697020436f6d706f	4d616c66756e6374696f6e2f416c74616972	20	22416e616c6f67205472697022	6279204d616c66756e6374696f6e2f416c74616972		666173742070617274792076657273696f6e20666f72	6368697074756e6520636f6d706f206174205269766572776173682032303038776173682032303038															
Malfunction/dancing on the glass.a2m	Adlib Tracker 2 (version 11)	44616e63696e67206f6e2074686520676c61737320285269766572776173682032303135204368697029	4d616c66756e6374696f6e2f416c74616972	50	20202020202044616e63696e67206f6e2074686520476c617373	2020202020627920204d616c66756e6374696f6e2f416c74616972	205269766572776173682032303135204368697074756e6520456e747279	202020202064656469636174656420746f205061747269636961	2d2d2d2d2d2d2d2d2d2d2d2d2d2d2d2d2d2d2d2d2d2d2d2d2d2d2d2d2d2d2d2d2d2d2d2d2d2d2d2d2d	4465657020426173736472756d	6869686174	63796d62616c	535745455020322066783a413041	57454952443141202d2043484f525553	57454952443141	4d4c462d3330332052455a4f20545749524c	535745455020332066783a413041	6e6f6973652061747461636b2062617373	53454153484f524520432d32	4d6574616c4869686174	7265766572736564206e6f697365	7265766572736564206e6f69736520494e	4f70656e20686968617420462338	506564616c20686968617420462338	4e494345204c454144	4d4c462d53594e5448	4d4c462d33303320484947484552	4d4c462d33303320535152	4d4c462d33303320535152202d204543484f	4d4c462d6472756d	4d4c462d6472756d32	432d31204352415348	432d38204352415348	422d35204352415348	736e61726532	535f535049303838	51424552543141	51424552543141202d2043484f525553	4252415353202d2073796e746879202d2043484f525553	4252415353202d2073796e746879202d204543484f	51424552543141202d204543484f	4c4541442032	4d4c462d48616e64636c6170	4d4c462d48616e64636c6170202d20524556455242	4d4c462d48616e64636c6170202d2053484f5254	5357454545502066783a413041	53594e4252535331	48554d414e342020	42415353202d20414d	4b4554544c4531	5350414345312020	48414c4f50414420	4b4554544c4531	4d4c462d7a776965636861
Malfunction/fm-tronikk (aka altair street dancer).a2m	Adlib Tracker 2 (version 14)	464d2d54726f6e696b6b2028616b6120416c74616972205374726565742044616e63657229	4d616c66756e6374696f6e2f416c74616972	175	4f7263686573747261204869742041	4f7263686573747261204869742042	464d2050574d202872617729	464d20414e414c4f4720534157204c50202872617729	464d20414e414c4f4720535152204c50202872617729	464d20534157204850202872617729	38303820434f5742454c4c3a203538373a383435202d204436	4e4e4e4e20342d6f702041	4e4e4e4e20342d6f702042	73656173686f726520522e736269	73656173686f7265204c2e736269	43686f697220616168732034352043	43686f69722061616873203435204d	4d4d4d4d20342d6f702041	4d4d4d4d20342d6f702042	414141416161616120342d6f702041	414141416161616120342d6f702042	454545456565656520342d6f702041	454545456565656520342d6f702042	4f4f4f4f6f6f6f6f20342d6f702041	4f4f4f4f6f6f6f6f20342d6f702042	494949496969696920342d6f702041	494949496969696920342d6f702042	555555557575757520342d6f702041	555555557575757520342d6f702042	464646466666666620346f702041	464646466666666620346f702042	4d4c46204869486174	52494e474d4f442f53594e432d555020322d6f70	52494e474d4f442f53594e432d5550204c4f4e47	52494e474d4f442f53594e432d5550204c4f4e47		5468616e6b7320666f72206c697374656e696e6721	4d4c462d736e6172652053484f5254	736e617265	736e617265	6869686174	4d4c462d6472756d	4d6574616c4869686174	52494e474d4f442f53594e432d555020322d6f70	38303820434f5742454c4c3a203538373a383435202d204436	4652454542415353				424f494e47202020	4d4c462d56494e594c	4d4c462056494e594c20326f70	4d4c462d33303320446973746f7274656420284375746f6666204d75742e29	4d4c462d33303320446973746f7274656420284375746f6666203129	4d4c462d33303320446973746f7274656420284375746f6666203229	4d4c462d33303320446973746f7274656420284375746f6666203329	4d4c462d33303320535152	6d6c662d333033207371722042	454c45434f524732	454c475549543130	46484f524e202020	4c4f4f5350524e47	53594e534e523220	414141416161616120342d6f702041	414141416161616120342d6f702042	574f4f44424c4f43	4d736e6172654d2c20373932687a2c206172706567204323332026204232			416e616c6f672043	416e616c6f67204d	446f6f6220626173732043	446f6f622062617373204d						427261737320312043	42726173732031204d				4d4c462d33303320446973746f7274656420284375746f6666204d75742e29	417342617373	464d20414e414c4f4720535152204c50202872617729	4d4c462d52455a4f2120346f70202d332d34206c6f77	4d4c462d52455a4f2120346f702040312d322d202878312d4d6f643a333929	4d4c462d52455a4f2120346f70202d332d342068696768	4d4c462d52455a4f2120346f702040312d322d	4d4c462d52455a4f5f424f44595f737172	4d4c462d52455a4f2120346f70202d332d342068696768	4d4c462d52455a4f2120346f702040312d322d			4d4c462d484339202d332d343c	4d4c462d4843392040312d322d	4d4c462d4843202d332d343c	4d4c462d48432040312d322d	4d4c462056494e594c20333d343c	4d4c462056494e594c2040313d323d	4d4c462d424420736e61726520346f70202d332d343c	4d4c462d424420736e61726520346f702040312d322d		4d4c462d424420346f70202d332d343c	4d4c462d424420346f702040312d322d	4252415353202d2073796e746879	4252415353202d2073796e746879202d2063686f727573	4252415353202d2073796e746879202d204543484f		432d31204352415348	432d38204352415348	422d35204352415348	4d4c462d736e5f4843202d332d343c	4d4c462d736e5f48432040312d322d	506564616c20686968617420462338	4f70656e20686968617420462338	77617465722e736769	747269616e676c652e736269	746f6d2e636966	746563686e6f2e736769	73796e736e72322e736269	4652454553594e5448	4652454553594e54482063686f727573	4652454553594e5448206563686f	737472696e67322e636966	737472696e67332e636966	737472696e67342e636966	737472696e67352e636966	7374726f6d322e736769	7374726f6d2e736769	7368616b65722e736269	7368616b65722e736269	6e6f697365312e736269	4252415353202d2073796e746879204543484f	4252415353202d2073796e746879	4252415353202d2073796e746879202d2043484f525553	67616c6178692e736769	6675747572652e736769	466966746873	64756e652e736769	6472756d646f776e2e736769	6472756d312e696e73	636c617073312e736269	626e6365626173732e736269	626174746c652e736769	61636964626173732e736769	61636964626173342e736769	616369642e636966	4d4c462d33303320446973746f7274656420284375746f6666203329	4f52434845484954	544f4d3420202020	544f4d544f4d36	534e415245313020	53445252434b3031	52494d53484f5420	504f57524452554d20637574	504f57524452554d20696e	4d47554e31202020	484f5443594d4231	4849484154372020	4849484154362020	4849484154332020	44524d4d4c543031	43594d5249444520	43594d42414c3320	43594d42414c3130	43594d42414c3120	43594d4231305353	4252555348303120	424452554d342020	41414c544f202020	4c45414420322d6f70206c6f77	4c45414420322d6f70	4c45414420322d6f702063686f727573	4c45414420322d6f70204543484f	746563686e6f2e736769	746563686e6f2e736769	746563686e6f2e736769
Malfunction/khaos (4kb intro tune).a2m	AdLib Tracker 2	4b68616f733f2028344b4220496e74726f2054756e6529	4d616c66756e6374696f6e2f416c74616972	250	2073742d3030313a2053686f7274207472616e63652074756e65	2073742d3030323a20666f72206f757220344b20496e74726f2e	2073742d3030333a204f726967696e616c20666f726d6174202d20414d442e	2073742d3030343a204d696e696d616c20696e2065666665637473	2073742d3030353a20616e64206e6f7465732062656361757365206f66	2073742d3030363a20636f6d7072657373656420666f726d6174	2073742d3030373a207573656420696e20696e74726f203b29	2073742d3030383a2053746572656f2061646465642e	2073742d3030393a20	2073742d3031303a20	2073742d3031313a20	2073742d3031323a20	2073742d3031333a20	2073742d3031343a20	2073742d3031353a20	2073742d3031363a20	2073742d3031373a20	2073742d3031383a20	2073742d3031393a20756e6e616d6564	2073742d3032303a20756e6e616d6564	2073742d3032313a20756e6e616d6564	2073742d3032323a20756e6e616d6564	2073742d3032333a20756e6e616d6564	2073742d3032343a20756e6e616d6564	2073742d3032353a20756e6e616d6564	2073742d3032363a20756e6e616d6564	2073742d3032373a20	2073742d3032383a20	2073742d3032393a20	2073742d3033303a20	2073742d3033313a20	2073742d3033323a20	2073742d3033333a20	2073742d3033343a20	2073742d3033353a20	2073742d3033363a20	2073742d3033373a20	2073742d3033383a20	2073742d3033393a20	2073742d3034303a20	2073742d3034313a20	2073742d3034323a20	2073742d3034333a20	2073742d3034343a20	2073742d3034353a20	2073742d3034363a20	2073742d3034373a20	2073742d3034383a20	2073742d3034393a20	2073742d3035303a20	2073742d3035313a20	2073742d3035323a20	2073742d3035333a20	2073742d3035343a20	2073742d3035353a20	2073742d3035363a20	2073742d3035373a20	2073742d3035383a20	2073742d3035393a20	2073742d3036303a20	2073742d3036313a20	2073742d3036323a20	2073742d3036333a20	2073742d3036343a20	2073742d3036353a20	2073742d3036363a20	2073742d3036373a20	2073742d3036383a20	2073742d3036393a20	2073742d3037303a20	2073742d3037313a20	2073742d3037323a20	2073742d3037333a20	2073742d3037343a20	2073742d3037353a20	2073742d3037363a20	2073742d3037373a20	2073742d3037383a20	2073742d3037393a20	2073742d3038303a20	2073742d3038313a20	2073742d3038323a20	2073742d3038333a20	2073742d3038343a20	2073742d3038353a20	2073742d3038363a20	2073742d3038373a20	2073742d3038383a20	2073742d3038393a20	2073742d3039303a20	2073742d3039313a20	2073742d3039323a20	2073742d3039333a20	2073742d3039343a20	2073742d3039353a20	2073742d3039363a20	2073742d3039373a20	2073742d3039383a20	2073742d3039393a20	2073742d3130303a20	2073742d3130313a20	2073742d3130323a20	2073742d3130333a20	2073742d3130343a20	2073742d3130353a20	2073742d3130363a20	2073742d3130373a20	2073742d3130383a20	2073742d3130393a20	2073742d3131303a20	2073742d3131313a20	2073742d3131323a20	2073742d3131333a20	2073742d3131343a20	2073742d3131353a20	2073742d3131363a20	2073742d3131373a20	2073742d3131383a20	2073742d3131393a20	2073742d3132303a20	2073742d3132313a20	2073742d3132323a20	2073742d3132333a20	2073742d3132343a20	2073742d3132353a20	2073742d3132363a20	2073742d3132373a20	2073742d3132383a20	2073742d3132393a20	2073742d3133303a20	2073742d3133313a20	2073742d3133323a20	2073742d3133333a20	2073742d3133343a20	2073742d3133353a20	2073742d3133363a20	2073742d3133373a20	2073742d3133383a20	2073742d3133393a20	2073742d3134303a20	2073742d3134313a20	2073742d3134323a20	2073742d3134333a20	2073742d3134343a20	2073742d3134353a20	2073742d3134363a20	2073742d3134373a20	2073742d3134383a20	2073742d3134393a20	2073742d3135303a20	2073742d3135313a20	2073742d3135323a20	2073742d3135333a20	2073742d3135343a20	2073742d3135353a20	2073742d3135363a20	2073742d3135373a20	2073742d3135383a20	2073742d3135393a20	2073742d3136303a20	2073742d3136313a20	2073742d3136323a20	2073742d3136333a20	2073742d3136343a20	2073742d3136353a20	2073742d3136363a20	2073742d3136373a20	2073742d3136383a20	2073742d3136393a20	2073742d3137303a20	2073742d3137313a20	2073742d3137323a20	2073742d3137333a20	2073742d3137343a20	2073742d3137353a20	2073742d3137363a20	2073742d3137373a20	2073742d3137383a20	2073742d3137393a20	2073742d3138303a20	2073742d3138313a20	2073742d3138323a20	2073742d3138333a20	2073742d3138343a20	2073742d3138353a20	2073742d3138363a20	2073742d3138373a20	2073742d3138383a20	2073742d3138393a20	2073742d3139303a20	2073742d3139313a20	2073742d3139323a20	2073742d3139333a20	2073742d3139343a20	2073742d3139353a20	2073742d3139363a20	2073742d3139373a20	2073742d3139383a20	2073742d3139393a20	2073742d3230303a20	2073742d3230313a20	2073742d3230323a20	2073742d3230333a20	2073742d3230343a20	2073742d3230353a20	2073742d3230363a20	2073742d3230373a20	2073742d3230383a20	2073742d3230393a20	2073742d3231303a20	2073742d3231313a20	2073742d3231323a20	2073742d3231333a20	2073742d3231343a20	2073742d3231353a20	2073742d3231363a20	2073742d3231373a20	2073742d3231383a20	2073742d3231393a20	2073742d3232303a20	2073742d3232313a20	2073742d3232323a20	2073742d3232333a20	2073742d3232343a20	2073742d3232353a20	2073742d3232363a20	2073742d3232373a20	2073742d3232383a20	2073742d3232393a20	2073742d3233303a20	2073742d3233313a20	2073742d3233323a20	2073742d3233333a20	2073742d3233343a20	2073742d3233353a20	2073742d3233363a20	2073742d3233373a20	2073742d3233383a20	2073742d3233393a20	2073742d3234303a20	2073742d3234313a20	2073742d3234323a20	2073742d3234333a20	2073742d3234343a20	2073742d3234353a20	2073742d3234363a20	2073742d3234373a20	2073742d3234383a20	2073742d3234393a20	2073742d3235303a20
Malfunction/khaos 2 (4kb intro zak).a2m	AdLib Tracker 2	4b68414f5320322028344b4220496e74726f205a616b29	4d616c66756e6374696f6e2f416c74616972	250	2073742d3030313a2054686174206d6f64756c652077617320646f6e65	2073742d3030323a20657370656369616c6c7920666f72206f7572	2073742d3030333a207365636f6e6420344b20496e74726f2e	2073742d3030343a2028426c75655368616465277320706c61796572	2073742d3030353a2077617320747261636b206f7269656e746564203a29	2073742d3030363a204f726967696e616c20666f726d6174202d20414d442e	2073742d3030373a204d696e696d756d206e6f7465202620656666656374	2073742d3030383a207573696e672e2e2e	2073742d3030393a2053746572656f2061646465642e	2073742d3031303a20	2073742d3031313a20	2073742d3031323a20	2073742d3031333a20	2073742d3031343a20	2073742d3031353a20	2073742d3031363a20	2073742d3031373a20	2073742d3031383a20	2073742d3031393a20	2073742d3032303a20	2073742d3032313a20	2073742d3032323a20	2073742d3032333a20	2073742d3032343a20	2073742d3032353a20	2073742d3032363a20	2073742d3032373a20	2073742d3032383a20	2073742d3032393a20	2073742d3033303a20	2073742d3033313a20	2073742d3033323a20	2073742d3033333a20	2073742d3033343a20	2073742d3033353a20	2073742d3033363a20	2073742d3033373a20	2073742d3033383a20	2073742d3033393a20	2073742d3034303a20	2073742d3034313a20	2073742d3034323a20	2073742d3034333a20	2073742d3034343a20	2073742d3034353a20	2073742d3034363a20	2073742d3034373a20	2073742d3034383a20	2073742d3034393a20	2073742d3035303a20	2073742d3035313a20	2073742d3035323a20	2073742d3035333a20	2073742d3035343a20	2073742d3035353a20	2073742d3035363a20	2073742d3035373a20	2073742d3035383a20	2073742d3035393a20	2073742d3036303a20	2073742d3036313a20	2073742d3036323a20	2073742d3036333a20	2073742d3036343a20	2073742d3036353a20	2073742d3036363a20	2073742d3036373a20	2073742d3036383a20	2073742d3036393a20	2073742d3037303a20	2073742d3037313a20	2073742d3037323a20	2073742d3037333a20	2073742d3037343a20	2073742d3037353a20	2073742d3037363a20	2073742d3037373a20	2073742d3037383a20	2073742d3037393a20	2073742d3038303a20	2073742d3038313a20	2073742d3038323a20	2073742d3038333a20	2073742d3038343a20	2073742d3038353a20	2073742d3038363a20	2073742d3038373a20	2073742d3038383a20	2073742d3038393a20	2073742d3039303a20	2073742d3039313a20	2073742d3039323a20	2073742d3039333a20	2073742d3039343a20	2073742d3039353a20	2073742d3039363a20	2073742d3039373a20	2073742d3039383a20	2073742d3039393a20	2073742d3130303a20	2073742d3130313a20	2073742d3130323a20	2073742d3130333a20	2073742d3130343a20	2073742d3130353a20	2073742d3130363a20	2073742d3130373a20	2073742d3130383a20	2073742d3130393a20	2073742d3131303a20	2073742d3131313a20	2073742d3131323a20	2073742d3131333a20	2073742d3131343a20	2073742d3131353a20	2073742d3131363a20	2073742d3131373a20	2073742d3131383a20	2073742d3131393a20	2073742d3132303a20	2073742d3132313a20	2073742d3132323a20	2073742d3132333a20	2073742d3132343a20	2073742d3132353a20	2073742d3132363a20	2073742d3132373a20	2073742d3132383a20	2073742d3132393a20	2073742d3133303a20	2073742d3133313a20	2073742d3133323a20	2073742d3133333a20	2073742d3133343a20	2073742d3133353a20	2073742d3133363a20	2073742d3133373a20	2073742d3133383a20	2073742d3133393a20	2073742d3134303a20	2073742d3134313a20	2073742d3134323a20	2073742d3134333a20	2073742d3134343a20	2073742d3134353a20	2073742d3134363a20	2073742d3134373a20	2073742d3134383a20	2073742d3134393a20	2073742d3135303a20	2073742d3135313a20	2073742d3135323a20	2073742d3135333a20	2073742d3135343a20	2073742d3135353a20	2073742d3135363a20	2073742d3135373a20	2073742d3135383a20	2073742d3135393a20	2073742d3136303a20	2073742d3136313a20	2073742d3136323a20	2073742d3136333a20	2073742d3136343a20	2073742d3136353a20	2073742d3136363a20	2073742d3136373a20	2073742d3136383a20	2073742d3136393a20	2073742d3137303a20	2073742d3137313a20	2073742d3137323a20	2073742d3137333a20	2073742d3137343a20	2073742d3137353a20	2073742d3137363a20	2073742d3137373a20	2073742d3137383a20	2073742d3137393a20	2073742d3138303a20	2073742d3138313a20	2073742d3138323a20	2073742d3138333a20	2073742d3138343a20	2073742d3138353a20	2073742d3138363a20	2073742d3138373a20	2073742d3138383a20	2073742d3138393a20	2073742d3139303a20	2073742d3139313a20	2073742d3139323a20	2073742d3139333a20	2073742d3139343a20	2073742d3139353a20	2073742d3139363a20	2073742d3139373a20	2073742d3139383a20	2073742d3139393a20	2073742d3230303a20	2073742d3230313a20	2073742d3230323a20	2073742d3230333a20	2073742d3230343a20	2073742d3230353a20	2073742d3230363a20	2073742d3230373a20	2073742d3230383a20	2073742d3230393a20	2073742d3231303a20	2073742d3231313a20	2073742d3231323a20	2073742d3231333a20	2073742d3231343a20	2073742d3231353a20	2073742d3231363a20	2073742d3231373a20	2073742d3231383a20	2073742d3231393a20	2073742d3232303a20	2073742d3232313a20	2073742d3232323a20	2073742d3232333a20	2073742d3232343a20	2073742d3232353a20	2073742d3232363a20	2073742d3232373a20	2073742d3232383a20	2073742d3232393a20	2073742d3233303a20	2073742d3233313a20	2073742d3233323a20	2073742d3233333a20	2073742d3233343a20	2073742d3233353a20	2073742d3233363a20	2073742d3233373a20	2073742d3233383a20	2073742d3233393a20	2073742d3234303a20	2073742d3234313a20	2073742d3234323a20	2073742d3234333a20	2073742d3234343a20	2073742d3234353a20	2073742d3234363a20	2073742d3234373a20	2073742d3234383a20	2073742d3234393a20	2073742d3235303a20
Malfunction/little boring trance.a2m	AdLib Tracker 2	4c6974746c6520426f72696e67205472616e6365	4d616c66756e6374696f6e2f416c74616972	250	2073742d3030313a204568682e2e2e20626f72696e67206461792c	2073742d3030323a2033383653582032354d487a2c20314d422052414d2c	2073742d3030333a205342313620616e64206865616470686f6e6573203a29	2073742d3030343a2052656d6173746572656420666f72204f504c3321	2073742d3030353a20	2073742d3030363a20	2073742d3030373a20	2073742d3030383a20	2073742d3030393a20	2073742d3031303a20	2073742d3031313a20	2073742d3031323a20	2073742d3031333a20	2073742d3031343a20	2073742d3031353a20	2073742d3031363a20	2073742d3031373a20	2073742d3031383a20	2073742d3031393a20	2073742d3032303a20	2073742d3032313a20	2073742d3032323a20	2073742d3032333a20	2073742d3032343a20	2073742d3032353a20	2073742d3032363a20	2073742d3032373a20	2073742d3032383a20	2073742d3032393a20	2073742d3033303a20	2073742d3033313a20	2073742d3033323a20	2073742d3033333a20	2073742d3033343a20	2073742d3033353a20	2073742d3033363a20	2073742d3033373a20	2073742d3033383a20	2073742d3033393a20	2073742d3034303a20	2073742d3034313a20	2073742d3034323a20	2073742d3034333a20	2073742d3034343a20	2073742d3034353a20	2073742d3034363a20	2073742d3034373a20	2073742d3034383a20	2073742d3034393a20	2073742d3035303a20	2073742d3035313a20	2073742d3035323a20	2073742d3035333a20	2073742d3035343a20	2073742d3035353a20	2073742d3035363a20	2073742d3035373a20	2073742d3035383a20	2073742d3035393a20	2073742d3036303a20	2073742d3036313a20	2073742d3036323a20	2073742d3036333a20	2073742d3036343a20	2073742d3036353a20	2073742d3036363a20	2073742d3036373a20	2073742d3036383a20	2073742d3036393a20	2073742d3037303a20	2073742d3037313a20	2073742d3037323a20	2073742d3037333a20	2073742d3037343a20	2073742d3037353a20	2073742d3037363a20	2073742d3037373a20	2073742d3037383a20	2073742d3037393a20	2073742d3038303a20	2073742d3038313a20	2073742d3038323a20	2073742d3038333a20	2073742d3038343a20	2073742d3038353a20	2073742d3038363a20	2073742d3038373a20	2073742d3038383a20	2073742d3038393a20	2073742d3039303a20	2073742d3039313a20	2073742d3039323a20	2073742d3039333a20	2073742d3039343a20	2073742d3039353a20	2073742d3039363a20	2073742d3039373a20	2073742d3039383a20	2073742d3039393a20	2073742d3130303a20	2073742d3130313a20	2073742d3130323a20	2073742d3130333a20	2073742d3130343a20	2073742d3130353a20	2073742d3130363a20	2073742d3130373a20	2073742d3130383a20	2073742d3130393a20	2073742d3131303a20	2073742d3131313a20	2073742d3131323a20	2073742d3131333a20	2073742d3131343a20	2073742d3131353a20	2073742d3131363a20	2073742d3131373a20	2073742d3131383a20	2073742d3131393a20	2073742d3132303a20	2073742d3132313a20	2073742d3132323a20	2073742d3132333a20	2073742d3132343a20	2073742d3132353a20	2073742d3132363a20	2073742d3132373a20	2073742d3132383a20	2073742d3132393a20	2073742d3133303a20	2073742d3133313a20	2073742d3133323a20	2073742d3133333a20	2073742d3133343a20	2073742d3133353a20	2073742d3133363a20	2073742d3133373a20	2073742d3133383a20	2073742d3133393a20	2073742d3134303a20	2073742d3134313a20	2073742d3134323a20	2073742d3134333a20	2073742d3134343a20	2073742d3134353a20	2073742d3134363a20	2073742d3134373a20	2073742d3134383a20	2073742d3134393a20	2073742d3135303a20	2073742d3135313a20	2073742d3135323a20	2073742d3135333a20	2073742d3135343a20	2073742d3135353a20	2073742d3135363a20	2073742d3135373a20	2073742d3135383a20	2073742d3135393a20	2073742d3136303a20	2073742d3136313a20	2073742d3136323a20	2073742d3136333a20	2073742d3136343a20	2073742d3136353a20	2073742d3136363a20	2073742d3136373a20	2073742d3136383a20	2073742d3136393a20	2073742d3137303a20	2073742d3137313a20	2073742d3137323a20	2073742d3137333a20	2073742d3137343a20	2073742d3137353a20	2073742d3137363a20	2073742d3137373a20	2073742d3137383a20	2073742d3137393a20	2073742d3138303a20	2073742d3138313a20	2073742d3138323a20	2073742d3138333a20	2073742d3138343a20	2073742d3138353a20	2073742d3138363a20	2073742d3138373a20	2073742d3138383a20	2073742d3138393a20	2073742d3139303a20	2073742d3139313a20	2073742d3139323a20	2073742d3139333a20	2073742d3139343a20	2073742d3139353a20	2073742d3139363a20	2073742d3139373a20	2073742d3139383a20	2073742d3139393a20	2073742d3230303a20	2073742d3230313a20	2073742d3230323a20	2073742d3230333a20	2073742d3230343a20	2073742d3230353a20	2073742d3230363a20	2073742d3230373a20	2073742d3230383a20	2073742d3230393a20	2073742d3231303a20	2073742d3231313a20	2073742d3231323a20	2073742d3231333a20	2073742d3231343a20	2073742d3231353a20	2073742d3231363a20	2073742d3231373a20	2073742d3231383a20	2073742d3231393a20	2073742d3232303a20	2073742d3232313a20	2073742d3232323a20	2073742d3232333a20	2073742d3232343a20	2073742d3232353a20	2073742d3232363a20	2073742d3232373a20	2073742d3232383a20	2073742d3232393a20	2073742d3233303a20	2073742d3233313a20	2073742d3233323a20	2073742d3233333a20	2073742d3233343a20	2073742d3233353a20	2073742d3233363a20	2073742d3233373a20	2073742d3233383a20	2073742d3233393a20	2073742d3234303a20	2073742d3234313a20	2073742d3234323a20	2073742d3234333a20	2073742d3234343a20	2073742d3234353a20	2073742d3234363a20	2073742d3234373a20	2073742d3234383a20	2073742d3234393a20	2073742d3235303a20
Malfunction/oldsk00l songs - chapter 001.a2m	AdLib Tracker 2	4f6c64736b30306c20536f6e6773202d204368617074657220303031	4d616c66756e6374696f6e2f416c74616972	250	2073742d3030313a20546869732074756e6520697320646564696361746564	2073742d3030323a20746f205375627a33726f20666f72206772656174	2073742d3030333a204f504c322f3320747261636b657221203a29	2073742d3030343a20	2073742d3030353a204920686f70652069742773207265616c6c79	2073742d3030363a206f6c64736b30306c206f6e652e2e2e	2073742d3030373a20	2073742d3030383a205669736974206d7920686f6d65706167652061743a	2073742d3030393a20687474703a2f2f7377697463682e746f2f61646c6962	2073742d3031303a20	2073742d3031313a20	2073742d3031323a20	2073742d3031333a20	2073742d3031343a20	2073742d3031353a20	2073742d3031363a20	2073742d3031373a20	2073742d3031383a20	2073742d3031393a20	2073742d3032303a20	2073742d3032313a20	2073742d3032323a20	2073742d3032333a20	2073742d3032343a20	2073742d3032353a20	2073742d3032363a20	2073742d3032373a20	2073742d3032383a20	2073742d3032393a20	2073742d3033303a20	2073742d3033313a20	2073742d3033323a20	2073742d3033333a20	2073742d3033343a20	2073742d3033353a20	2073742d3033363a20	2073742d3033373a20	2073742d3033383a20	2073742d3033393a20	2073742d3034303a20	2073742d3034313a20	2073742d3034323a20	2073742d3034333a20	2073742d3034343a20	2073742d3034353a20	2073742d3034363a20	2073742d3034373a20	2073742d3034383a20	2073742d3034393a20	2073742d3035303a20	2073742d3035313a20	2073742d3035323a20	2073742d3035333a20	2073742d3035343a20	2073742d3035353a20	2073742d3035363a20	2073742d3035373a20	2073742d3035383a20	2073742d3035393a20	2073742d3036303a20	2073742d3036313a20	2073742d3036323a20	2073742d3036333a20	2073742d3036343a20	2073742d3036353a20	2073742d3036363a20	2073742d3036373a20	2073742d3036383a20	2073742d3036393a20	2073742d3037303a20	2073742d3037313a20	2073742d3037323a20	2073742d3037333a20	2073742d3037343a20	2073742d3037353a20	2073742d3037363a20	2073742d3037373a20	2073742d3037383a20	2073742d3037393a20	2073742d3038303a20	2073742d3038313a20	2073742d3038323a20	2073742d3038333a20	2073742d3038343a20	2073742d3038353a20	2073742d3038363a20	2073742d3038373a20	2073742d3038383a20	2073742d3038393a20	2073742d3039303a20	2073742d3039313a20	2073742d3039323a20	2073742d3039333a20	2073742d3039343a20	2073742d3039353a20	2073742d3039363a20	2073742d3039373a20	2073742d3039383a20	2073742d3039393a20	2073742d3130303a20	2073742d3130313a20	2073742d3130323a20	2073742d3130333a20	2073742d3130343a20	2073742d3130353a20	2073742d3130363a20	2073742d3130373a20	2073742d3130383a20	2073742d3130393a20	2073742d3131303a20	2073742d3131313a20	2073742d3131323a20	2073742d3131333a20	2073742d3131343a20	2073742d3131353a20	2073742d3131363a20	2073742d3131373a20	2073742d3131383a20	2073742d3131393a20	2073742d3132303a20	2073742d3132313a20	2073742d3132323a20	2073742d3132333a20	2073742d3132343a20	2073742d3132353a20	2073742d3132363a20	2073742d3132373a20	2073742d3132383a20	2073742d3132393a20	2073742d3133303a20	2073742d3133313a20	2073742d3133323a20	2073742d3133333a20	2073742d3133343a20	2073742d3133353a20	2073742d3133363a20	2073742d3133373a20	2073742d3133383a20	2073742d3133393a20	2073742d3134303a20	2073742d3134313a20	2073742d3134323a20	2073742d3134333a20	2073742d3134343a20	2073742d3134353a20	2073742d3134363a20	2073742d3134373a20	2073742d3134383a20	2073742d3134393a20	2073742d3135303a20	2073742d3135313a20	2073742d3135323a20	2073742d3135333a20	2073742d3135343a20	2073742d3135353a20	2073742d3135363a20	2073742d3135373a20	2073742d3135383a20	2073742d3135393a20	2073742d3136303a20	2073742d3136313a20	2073742d3136323a20	2073742d3136333a20	2073742d3136343a20	2073742d3136353a20	2073742d3136363a20	2073742d3136373a20	2073742d3136383a20	2073742d3136393a20	2073742d3137303a20	2073742d3137313a20	2073742d3137323a20	2073742d3137333a20	2073742d3137343a20	2073742d3137353a20	2073742d3137363a20	2073742d3137373a20	2073742d3137383a20	2073742d3137393a20	2073742d3138303a20	2073742d3138313a20	2073742d3138323a20	2073742d3138333a20	2073742d3138343a20	2073742d3138353a20	2073742d3138363a20	2073742d3138373a20	2073742d3138383a20	2073742d3138393a20	2073742d3139303a20	2073742d3139313a20	2073742d3139323a20	2073742d3139333a20	2073742d3139343a20	2073742d3139353a20	2073742d3139363a20	2073742d3139373a20	2073742d3139383a20	2073742d3139393a20	2073742d3230303a20	2073742d3230313a20	2073742d3230323a20	2073742d3230333a20	2073742d3230343a20	2073742d3230353a20	2073742d3230363a20	2073742d3230373a20	2073742d3230383a20	2073742d3230393a20	2073742d3231303a20	2073742d3231313a20	2073742d3231323a20	2073742d3231333a20	2073742d3231343a20	2073742d3231353a20	2073742d3231363a20	2073742d3231373a20	2073742d3231383a20	2073742d3231393a20	2073742d3232303a20	2073742d3232313a20	2073742d3232323a20	2073742d3232333a20	2073742d3232343a20	2073742d3232353a20	2073742d3232363a20	2073742d3232373a20	2073742d3232383a20	2073742d3232393a20	2073742d3233303a20	2073742d3233313a20	2073742d3233323a20	2073742d3233333a20	2073742d3233343a20	2073742d3233353a20	2073742d3233363a20	2073742d3233373a20	2073742d3233383a20	2073742d3233393a20	2073742d3234303a20	2073742d3234313a20	2073742d3234323a20	2073742d3234333a20	2073742d3234343a20	2073742d3234353a20	2073742d3234363a20	2073742d3234373a20	2073742d3234383a20	2073742d3234393a20	2073742d3235303a20
Malfunction/oldsk00l songs - chapter 002.a2m	AdLib Tracker 2	4f6c64736b30306c20536f6e6773202d204368617074657220303032	4d616c66756e6374696f6e2f416c74616972	250	20694e535f30313a205365636f6e642063686170746572206f66206d79	20694e535f30323a20224f6c64736b30306c20536f6e6773223a29	20694e535f30333a20	20694e535f30343a204d616e75616c205048415345522065666665637421	20694e535f30353a20547279204d787920616e642026787920636d64732e	20694e535f30363a20	20694e535f30373a20464d2053796e7468657369732072756c657a21	20694e535f30383a20	20694e535f30393a20	20694e535f30413a20	20694e535f30423a20	20694e535f30433a20	20694e535f30443a20	20694e535f30453a20	20694e535f30463a20	20694e535f31303a20	20694e535f31313a20	20694e535f31323a20	20694e535f31333a20	20694e535f31343a20	20694e535f31353a20	20694e535f31363a20	20694e535f31373a20	20694e535f31383a20	20694e535f31393a20	20694e535f31413a20	20694e535f31423a20	20694e535f31433a20	20694e535f31443a20	20694e535f31453a20	20694e535f31463a20	20694e535f32303a20	20694e535f32313a20	20694e535f32323a20	20694e535f32333a20	20694e535f32343a20	20694e535f32353a20	20694e535f32363a20	20694e535f32373a20	20694e535f32383a20	20694e535f32393a20	20694e535f32413a20	20694e535f32423a20	20694e535f32433a20	20694e535f32443a20	20694e535f32453a20	20694e535f32463a20	20694e535f33303a20	20694e535f33313a20	20694e535f33323a20	20694e535f33333a20	20694e535f33343a20	20694e535f33353a20	20694e535f33363a20	20694e535f33373a20	20694e535f33383a20	20694e535f33393a20	20694e535f33413a20	20694e535f33423a20	20694e535f33433a20	20694e535f33443a20	20694e535f33453a20	20694e535f33463a20	20694e535f34303a20	20694e535f34313a20	20694e535f34323a20	20694e535f34333a20	20694e535f34343a20	20694e535f34353a20	20694e535f34363a20	20694e535f34373a20	20694e535f34383a20	20694e535f34393a20	20694e535f34413a20	20694e535f34423a20	20694e535f34433a20	20694e535f34443a20	20694e535f34453a20	20694e535f34463a20	20694e535f35303a20	20694e535f35313a20	20694e535f35323a20	20694e535f35333a20	20694e535f35343a20	20694e535f35353a20	20694e535f35363a20	20694e535f35373a20	20694e535f35383a20	20694e535f35393a20	20694e535f35413a20	20694e535f35423a20	20694e535f35433a20	20694e535f35443a20	20694e535f35453a20	20694e535f35463a20	20694e535f36303a20	20694e535f36313a20	20694e535f36323a20	20694e535f36333a20	20694e535f36343a20	20694e535f36353a20	20694e535f36363a20	20694e535f36373a20	20694e535f36383a20	20694e535f36393a20	20694e535f36413a20	20694e535f36423a20	20694e535f36433a20	20694e535f36443a20	20694e535f36453a20	20694e535f36463a20	20694e535f37303a20	20694e535f37313a20	20694e535f37323a20	20694e535f37333a20	20694e535f37343a20	20694e535f37353a20	20694e535f37363a20	20694e535f37373a20	20694e535f37383a20	20694e535f37393a20	20694e535f37413a20	20694e535f37423a20	20694e535f37433a20	20694e535f37443a20	20694e535f37453a20	20694e535f37463a20	20694e535f38303a20	20694e535f38313a20	20694e535f38323a20	20694e535f38333a20	20694e535f38343a20	20694e535f38353a20	20694e535f38363a20	20694e535f38373a20	20694e535f38383a20	20694e535f38393a20	20694e535f38413a20	20694e535f38423a20	20694e535f38433a20	20694e535f38443a20	20694e535f38453a20	20694e535f38463a20	20694e535f39303a20	20694e535f39313a20	20694e535f39323a20	20694e535f39333a20	20694e535f39343a20	20694e535f39353a20	20694e535f39363a20	20694e535f39373a20	20694e535f39383a20	20694e535f39393a20	20694e535f39413a20	20694e535f39423a20	20694e535f39433a20	20694e535f39443a20	20694e535f39453a20	20694e535f39463a20	20694e535f41303a20	20694e535f41313a20	20694e535f41323a20	20694e535f41333a20	20694e535f41343a20	20694e535f41353a20	20694e535f41363a20	20694e535f41373a20	20694e535f41383a20	20694e535f41393a20	20694e535f41413a20	20694e535f41423a20	20694e535f41433a20	20694e535f41443a20	20694e535f41453a20	20694e535f41463a20	20694e535f42303a20	20694e535f42313a20	20694e535f42323a20	20694e535f42333a20	20694e535f42343a20	20694e535f42353a20	20694e535f42363a20	20694e535f42373a20	20694e535f42383a20	20694e535f42393a20	20694e535f42413a20	20694e535f42423a20	20694e535f42433a20	20694e535f42443a20	20694e535f42453a20	20694e535f42463a20	20694e535f43303a20	20694e535f43313a20	20694e535f43323a20	20694e535f43333a20	20694e535f43343a20	20694e535f43353a20	20694e535f43363a20	20694e535f43373a20	20694e535f43383a20	20694e535f43393a20	20694e535f43413a20	20694e535f43423a20	20694e535f43433a20	20694e535f43443a20	20694e535f43453a20	20694e535f43463a20	20694e535f44303a20	20694e535f44313a20	20694e535f44323a20	20694e535f44333a20	20694e535f44343a20	20694e535f44353a20	20694e535f44363a20	20694e535f44373a20	20694e535f44383a20	20694e535f44393a20	20694e535f44413a20	20694e535f44423a20	20694e535f44433a20	20694e535f44443a20	20694e535f44453a20	20694e535f44463a20	20694e535f45303a20	20694e535f45313a20	20694e535f45323a20	20694e535f45333a20	20694e535f45343a20	20694e535f45353a20	20694e535f45363a20	20694e535f45373a20	20694e535f45383a20	20694e535f45393a20	20694e535f45413a20	20694e535f45423a20	20694e535f45433a20	20694e535f45443a20	20694e535f45453a20	20694e535f45463a20	20694e535f46303a20	20694e535f46313a20	20694e535f46323a20	20694e535f46333a20	20694e535f46343a20	20694e535f46353a20	20694e535f46363a20	20694e535f46373a20	20694e535f46383a20	20694e535f46393a20	20694e535f46413a20
Malfunction/opl303.a2m	Adlib Tracker 2 (version 13)	4f504c333033	4d616c66756e6374696f6e2f416c74616972	81	2020202020202020202020224f504c33303322	20202020206279204d616c66756e6374696f6e2f416c74616972	205269766572776173682032303137204368697074756e6520436f6d706f	64656469636174656420746f206d79206461756768746572202d20476f73696172202d20476f736961	2d2d2d2d2d2d2d2d2d2d2d2d2d2d2d2d2d2d2d2d2d2d2d2d2d2d2d2d2d2d2d2d2d2d2d2d2d2d2d2d2d	63726173682031	63726173682032	63796d62616c	627069616e6f2e736269	736e617265	73796e736e72322e736269	4d6574616c4869686174					4d4c462d4e4f49534520303220286c6f772043505529	4d4c462d3930392048616e64636c617020432d34	4d4c462d6472756d		422e4472756d	4d4c462d736e61726520432d35	4d4c462d736e6172652073686f7274					442d484820432d37						626865656e	416369642054657374	53757065722057617665	53757065722057617665202d646574756e65642070616972		484954454320484154	4d4c462d33303320535152202d346f702041	4d4c462d33303320535152202d346f702042	4252415353202d2073796e746879202d2043484f525553202d32	4252415353202d2073796e746879202d2043484f525553202b32	4a554d50494e27204a41434b	4a554d50494e27204a41434b2d204c4f57	4a554d50494e27204a41434b202d204543484f	466565646261636b20426173736c696e65	466565646261636b20426173736c696e6520536f6674	53757065722057617665202d646574756e656420706169722032	4252415353202d2073796e746879202d2043484f525553202d32	4252415353202d2073796e746879202d2043484f525553202d32	535152205643462042617365	4d4c462d33303320535152				4d4c462d33303320446973746f7274656420284375746f6666204d75742e29	4d4c462d33303320446973746f7274656420284375746f6666203129	4d4c462d33303320446973746f7274656420284375746f6666203229	4d4c462d33303320446973746f7274656420284375746f6666203329		4d4c462d33303320446973746f7274656420285371756172656429			4c614c614c61			52657a6f6e616e6365	342d6f70				4d4c462d33303320446973746f72746564202853717561726564204229	50574d20322d3140	50574d20322d3140	4d4c462d33303320446973746f7274656420285371756172656429	4d4c462d33303320446973746f7274656420285371756172656429			50574d20322d3140	50574d20322d3140
Malfunction/pink chiptune.a2m	Adlib Tracker 2 (version 11)	50696e6b206368697074756e65	50696e6b202841644c69626564206279204d616c66756e6374696f6e2f416c7461697229	31	41644c69626564206279204d616c66756e6374696f6e2f416c74616972	2863292032303032	6f726967696e616c204d4f442062792050696e6b																												
Malfunction/space dive.a2m	Adlib Tracker 2 (version 11)	53706163652044697665202d205269766572776173682032303134204368697020436f6d706f	4d616c66756e6374696f6e2f416c74616972	44	20202020225370616365204469766522	2020202020202020206279	20204d616c66756e6374696f6e2f416c74616972	202020202020202020666f72	5269766572776173682032303134204368697020436f6d706f		43686f72757365642053796e7468	43686f72757365642053796e7468202b34			52657a6f6e616e636520426173736c696e65			42616c65617269632053796e7468				2870617274792076657273696f6e29		4f726368657374726120486974		466565646261636b20426173736c696e65	54422d3330332041	54422d3330332042																				
Meritaehti/ceydip5ll-6.a2m	Adlib Tracker 2 (version 13)			10	626f6d	6264	7364	4848	534432	626173	73796e	6264	6c656164	706164
NAB622/corridors of time.a2m	Adlib Tracker 2 (version 11)	436f727269646f7273206f662054696d65	447265747a202d204f726967696e616c20627920596173756e6f7269204d697473756461	50	54616d626f	5069616e6f5468696e6779	42656c6c7a73202d20566f6c756d65203242		42656c6c7a73	5069616e6f4f746865725468696e67792031	5069616e6f4f746865725468696e67792032	5069616e6f4f746865725468696e67792033	5069616e6f4f746865725468696e67792034	5069616e6f4f746865725468696e67792035	5069616e6f4f746865725468696e67792037	48617270	5069616e6f4f746865725468696e67792037204563686f204c656674	5069616e6f4f746865725468696e67792037204563686f205269676874	50574d20537175617265204e6f204d6163726f202020203141202d203243	50574d204d6163726f	536177746f6f7468	50574d204d6163726f202d20462061747461636b	50574d204d6163726f202d204661737441747461636b	536177746f6f7468202d204661737441747461636b	5069616e6f4f746865725468696e67792036	5069616e6f4f746865725468696e67792036202d204563686f		50574d204d6163726f205175696574	536177746f6f7468205175696574	43686f7264736948617270		4368696d65		426173732056696f6c696e		5461776d205461776d204c6f7564	576f6f64626c6f636b	5461776d205461776d204c6f7564204563686f2031205269676874	5461776d205461776d204c6f7564204563686f2032204c656674		4d65646f6c79	4d65646f6c79204563686f2031204c656674	4d65646f6c79204563686f2032205269676874		4261737320537472756e6773	42617373		576f6f64626c6f636b204563686f2031205269676874	576f6f64626c6f636b204563686f2032204c656674			54616d626f75726965656e65	54616d626f75726965656e65204563686f2031204c656674	54616d626f75726965656e65204563686f20322043656e746572
NAB622/rainbow factory.a2m	Adlib Tracker 2 (version 11)	5261696e626f7720466163746f7279	4e41423632322f447265747a202d204f726967696e616c20627920576f6f64656e546f6173746572	179	42656c6c	536e617265	546f6d	42617373204472756d	43796d62616c	4869686174		42656c6c	42656c6c202d20387661206c6f776572	42656c6c202d204563686f	436c616e67202d204f63746176652036	42616e67202d204f6374617665203120262032	5069616e6f	53796e746879205468696e67796d61206a69676779207769676779	53796e746879205468696e67796d61206a696767792077696767792032	456c65637472696320425a5a5a5a	537461746963	424e4e4e4e47474747475a484a5a4a485a48204261636b7570	424e4e4e4e47474747475a484a5a4a485a48	42617373	426173732046617274202d20466565646261636b	426173732046617274		537472696e6773	50756c73652053696e6520536f6c6f	536972656e	536f6c6f2031	566f63616c204d656c6f6479202d20536f6674	566f63616c204861726d6f6e79202d20536f6674	566f63616c204d656c6f6479202d204c6f7564	566f63616c204861726d6f6e79202d204c6f7564	4d656368616e6963616c2048756d	566f63616c204d656c6f6479202d204d6964	536f6c6f203120456666656374	536f6c6f2031204563686f2031	536f6c6f2031204563686f2032	536f6c6f2031202d205175696574	536972656e202d204c6f75646572	536f6c6f2031202d205175696574	4e4f5448494e4720544f205345452048455245	4c41204c41204c4141414141	424c494e4b20424c494e4b	49274d205553454c455353	2840232a2624402324	29232428252a2524282524	242340235e2823	2f295e335e285c	5351554545454545454545		536f6c6f2031202d205175696574	536f6c6f2031204563686f2031202d205175696574	536f6c6f2031204563686f2032202d205175696574		536f6c6f2032	536f6c6f2032204563686f2031	536f6c6f2032204563686f2032		50756c73652053696e6520536f6c6f202d204563686f2031	50756c73652053696e6520536f6c6f202d204563686f2032		456c6563747269632042757a7a	5363726565	5742555742575542575542574257		57756220577562		424e4e4e4e47474747475a484a5a4a485a48204563686f2031	424e4e4e4e47474747475a484a5a4a485a48204563686f2032		4c6f6c777574202d20432d31		49274d41204348415247494e204d4148204c415a4f52		536361727920537175656520536f756e642031	536361727920537175656520536f756e642032	536361727920537175656520536f756e642031		42656c6c202d204e6f2041747461636b	42656c6c202d20387661206c6f776572202d204e41	42656c6c202d204563686f202d204e41		566f63616c204861726d6f6e79202d20387661204c6f7564		50756c73652053696e6520536f6c6f202d20387661		53504944455253213f		537461746963202d205175696574		536f6c6f20322053757065724563686f2031	536f6c6f20322053757065724563686f2032		536f6c6f2032		42617373204472756d202d205175696574	536e617265202d205175696574	4869686174202d205175696574		535353595959594e54484945	535353595959594e54484945202d204c6f7564		5765697264204e6f697365	4245455020424550								5f5f5f5f5f5f5f5f5f5f5f5f5f5f5f5f5f5f5f5f5f5f	4e6f772061207261696e626f7727732074616c65	49736e2774207175697465206173206e696365	4173207468652073746f7279207765206b6e6577	4f6620737567617220616e642073706963652e2e2e	4275742061207261696e626f7727732065617379	4f6e636520796f752067657420746f	4b6e6f772069742c207769746820746865	48656c70206f6620746865206d61676963	4f6620612070656761737573206465766963652e2e2e	5f5f5f5f5f5f5f5f5f5f5f5f5f5f5f5f5f5f5f5f5f5f	4e6f77206c657427732064656c7665	64656570657220696e746f207261696e626f77	5068696c6f736f7068792e2e2e	466172206265796f6e642074686174206f66	436c6f75647364616c652773206d7974686f6c6f6779	49742773206561737920746f	4d69736a756467652074686174	466c6f6174696e6720636974792c2077697468	4974277320616c6c7572696e67206465636f722c	416e6420736f6369616c2070737963686f6c6f6779	5f5f5f5f5f5f5f5f5f5f5f5f5f5f5f5f5f5f5f5f5f5f	2e2e2e427574207769746820616c6c206772656174	5468696e677320636f6d65732061	477265617420726573706f6e736962696c6974792c	54686174206f6620436c6f75647364616c652773	4265696e672077656174686572	53746162696c6974792e	486f772c20796f752061736b2c206172652074686579	757020746f20746865207461736b3f	546f2077686963682c2074686520616e73776572	49732c20696e20612073696d706c65	466163696c6974792e2e2e	5f5f5f5f5f5f5f5f5f5f5f5f5f5f5f5f5f5f5f5f5f5f	496e20746865205261696e626f7720466163746f7279	576865726520796f757220666561727320616e64	486f72726f727320636f6d6520747275652c	496e20746865205261696e626f7720466163746f7279	5768657265206e6f7420612073696e676c65	536f756c2067657473207468726f75676821	496e20746865205261696e626f7720466163746f7279	576865726520796f757220666561727320616e64	486f72726f727320636f6d65207472756521	5f5f5f5f5f5f5f5f5f5f5f5f5f5f5f5f5f5f5f5f5f5f	496e20746865205261696e626f7720466163746f7279	576865726520796f757220666561727320616e64	486f72726f727320636f6d6520747275652c	496e20746865205261696e626f7720466163746f7279	57686572652062757420612073696e676c65	536f756c20736c6970706564207468726f7567682e2e	496e20746865205261696e626f7720466163746f7279	576865726520796f757220666561727320616e64	486f72726f727320636f6d6520747275652c	496e20746865205261696e626f7720466163746f7279	5768657265206e6f7420612073696e676c65	536f756c2067657473207468726f75676821	536f756c2067657473207468726f75672e2e	536f756c2067657473207468726f2e23255e	536f756c20676574732074682e2a28242326	536f756c2067657473202e292840232a2524	536f756c206765742e233f282a252426255e	536f756c20672e295f242a252324235e262a	536f756c2e2840232a5e252a235e5b2f602b	536f2e2b2d3c2324283c29285e2a5c7d4023	2928242a2340262523242521292840232a24	2823242a26253c3e23253f255f2425292825	29402823242823242a2526247b295e247d2f	3f232429402a28255f29245c7c242529285e	7c2423252924287c243c2a265b5e7c5c2f26
Nula/cracker.a2m	AdLib Tracker 2			250	20694e535f30313a20746869732074696e792074756e65	20694e535f30323a2077617320646f6e65	20694e535f30333a20616e2061206772656174206875727279	20694e535f30343a206265636175736520776520676f74	20694e535f30353a20696465612061626f7574206d616b696e67	20694e535f30363a2022637261636b65722220696e74726f	20694e535f30373a206174207061727479706c616365	20694e535f30383a2066657720686f757273206265666f7265	20694e535f30393a20646561646c696e652e2e2e	20694e535f30413a20	20694e535f30423a20736f206920646964206974	20694e535f30433a20696e206f6e6520686f75722c206d61796265	20694e535f30443a2074776f20686f7572732e2e2e	20694e535f30453a20	20694e535f30463a2023206e756c612f6d7273	20694e535f31303a20	20694e535f31313a20	20694e535f31323a20	20694e535f31333a20	20694e535f31343a20	20694e535f31353a20	20694e535f31363a20	20694e535f31373a20	20694e535f31383a20	20694e535f31393a20	20694e535f31413a20	20694e535f31423a20	20694e535f31433a20	20694e535f31443a20	20694e535f31453a20	20694e535f31463a20	20694e535f32303a20	20694e535f32313a20	20694e535f32323a20	20694e535f32333a20	20694e535f32343a20	20694e535f32353a20	20694e535f32363a20	20694e535f32373a20	20694e535f32383a20	20694e535f32393a20	20694e535f32413a20	20694e535f32423a20	20694e535f32433a20	20694e535f32443a20	20694e535f32453a20	20694e535f32463a20	20694e535f33303a20	20694e535f33313a20	20694e535f33323a20	20694e535f33333a20	20694e535f33343a20	20694e535f33353a20	20694e535f33363a20	20694e535f33373a20	20694e535f33383a20	20694e535f33393a20	20694e535f33413a20	20694e535f33423a20	20694e535f33433a20	20694e535f33443a20	20694e535f33453a20	20694e535f33463a20	20694e535f34303a20	20694e535f34313a20	20694e535f34323a20	20694e535f34333a20	20694e535f34343a20	20694e535f34353a20	20694e535f34363a20	20694e535f34373a20	20694e535f34383a20	20694e535f34393a20	20694e535f34413a20	20694e535f34423a20	20694e535f34433a20	20694e535f34443a20	20694e535f34453a20	20694e535f34463a20	20694e535f35303a20	20694e535f35313a20	20694e535f35323a20	20694e535f35333a20	20694e535f35343a20	20694e535f35353a20	20694e535f35363a20	20694e535f35373a20	20694e535f35383a20	20694e535f35393a20	20694e535f35413a20	20694e535f35423a20	20694e535f35433a20	20694e535f35443a20	20694e535f35453a20	20694e535f35463a20	20694e535f36303a20	20694e535f36313a20	20694e535f36323a20	20694e535f36333a20	20694e535f36343a20	20694e535f36353a20	20694e535f36363a20	20694e535f36373a20	20694e535f36383a20	20694e535f36393a20	20694e535f36413a20	20694e535f36423a20	20694e535f36433a20	20694e535f36443a20	20694e535f36453a20	20694e535f36463a20	20694e535f37303a20	20694e535f37313a20	20694e535f37323a20	20694e535f37333a20	20694e535f37343a20	20694e535f37353a20	20694e535f37363a20	20694e535f37373a20	20694e535f37383a20	20694e535f37393a20	20694e535f37413a20	20694e535f37423a20	20694e535f37433a20	20694e535f37443a20	20694e535f37453a20	20694e535f37463a20	20694e535f38303a20	20694e535f38313a20	20694e535f38323a20	20694e535f38333a20	20694e535f38343a20	20694e535f38353a20	20694e535f38363a20	20694e535f38373a20	20694e535f38383a20	20694e535f38393a20	20694e535f38413a20	20694e535f38423a20	20694e535f38433a20	20694e535f38443a20	20694e535f38453a20	20694e535f38463a20	20694e535f39303a20	20694e535f39313a20	20694e535f39323a20	20694e535f39333a20	20694e535f39343a20	20694e535f39353a20	20694e535f39363a20	20694e535f39373a20	20694e535f39383a20	20694e535f39393a20	20694e535f39413a20	20694e535f39423a20	20694e535f39433a20	20694e535f39443a20	20694e535f39453a20	20694e535f39463a20	20694e535f41303a20	20694e535f41313a20	20694e535f41323a20	20694e535f41333a20	20694e535f41343a20	20694e535f41353a20	20694e535f41363a20	20694e535f41373a20	20694e535f41383a20	20694e535f41393a20	20694e535f41413a20	20694e535f41423a20	20694e535f41433a20	20694e535f41443a20	20694e535f41453a20	20694e535f41463a20	20694e535f42303a20	20694e535f42313a20	20694e535f42323a20	20694e535f42333a20	20694e535f42343a20	20694e535f42353a20	20694e535f42363a20	20694e535f42373a20	20694e535f42383a20	20694e535f42393a20	20694e535f42413a20	20694e535f42423a20	20694e535f42433a20	20694e535f42443a20	20694e535f42453a20	20694e535f42463a20	20694e535f43303a20	20694e535f43313a20	20694e535f43323a20	20694e535f43333a20	20694e535f43343a20	20694e535f43353a20	20694e535f43363a20	20694e535f43373a20	20694e535f43383a20	20694e535f43393a20	20694e535f43413a20	20694e535f43423a20	20694e535f43433a20	20694e535f43443a20	20694e535f43453a20	20694e535f43463a20	20694e535f44303a20	20694e535f44313a20	20694e535f44323a20	20694e535f44333a20	20694e535f44343a20	20694e535f44353a20	20694e535f44363a20	20694e535f44373a20	20694e535f44383a20	20694e535f44393a20	20694e535f44413a20	20694e535f44423a20	20694e535f44433a20	20694e535f44443a20	20694e535f44453a20	20694e535f44463a20	20694e535f45303a20	20694e535f45313a20	20694e535f45323a20	20694e535f45333a20	20694e535f45343a20	20694e535f45353a20	20694e535f45363a20	20694e535f45373a20	20694e535f45383a20	20694e535f45393a20	20694e535f45413a20	20694e535f45423a20	20694e535f45433a20	20694e535f45443a20	20694e535f45453a20	20694e535f45463a20	20694e535f46303a20	20694e535f46313a20	20694e535f46323a20	20694e535f46333a20	20694e535f46343a20	20694e535f46353a20	20694e535f46363a20	20694e535f46373a20	20694e535f46383a20	20694e535f46393a20	20694e535f46413a20
Nula/fresh.a2m	AdLib Tracker 2	6672657368	6d6f7274656e20736967616172642c2064616c657a792c207a616c7a6120616e64206e756c61	250	20694e535f30313a202020636f6d706f736564206279206d6f7274656e	20694e535f30323a207369676161726420696e2065646c69622e2e2e	20694e535f30333a20	20694e535f30343a202e2e2e636f6e76657274656420746f20584d206279	20694e535f30353a2064616c657a792e2e2e	20694e535f30363a20	20694e535f30373a202e2e2e656469746564206279207a616c7a612e2e2e	20694e535f30383a20	20694e535f30393a202e2e2e636f6e76657274656420616e64	20694e535f30413a202020656469746564206261636b20746f2061646c6962	20694e535f30423a2020747261636b6572204949206279206e756c612e	20694e535f30433a20	20694e535f30443a2020202020202020202031326e64204665627275617279	20694e535f30453a20	20694e535f30463a206330306c2074756e652c2069736e27743f	20694e535f31303a20202020202020202020202120452047204f2021203b29	20694e535f31313a20	20694e535f31323a20	20694e535f31333a20	20694e535f31343a20	20694e535f31353a20	20694e535f31363a20	20694e535f31373a20	20694e535f31383a20	20694e535f31393a20	20694e535f31413a20	20694e535f31423a20	20694e535f31433a20	20694e535f31443a20	20694e535f31453a20	20694e535f31463a20	20694e535f32303a20	20694e535f32313a20	20694e535f32323a20	20694e535f32333a20	20694e535f32343a20	20694e535f32353a20	20694e535f32363a20	20694e535f32373a20	20694e535f32383a20	20694e535f32393a20	20694e535f32413a20	20694e535f32423a20	20694e535f32433a20	20694e535f32443a20	20694e535f32453a20	20694e535f32463a20	20694e535f33303a20	20694e535f33313a20	20694e535f33323a20	20694e535f33333a20	20694e535f33343a20	20694e535f33353a20	20694e535f33363a20	20694e535f33373a20	20694e535f33383a20	20694e535f33393a20	20694e535f33413a20	20694e535f33423a20	20694e535f33433a20	20694e535f33443a20	20694e535f33453a20	20694e535f33463a20	20694e535f34303a20	20694e535f34313a20	20694e535f34323a20	20694e535f34333a20	20694e535f34343a20	20694e535f34353a20	20694e535f34363a20	20694e535f34373a20	20694e535f34383a20	20694e535f34393a20	20694e535f34413a20	20694e535f34423a20	20694e535f34433a20	20694e535f34443a20	20694e535f34453a20	20694e535f34463a20	20694e535f35303a20	20694e535f35313a20	20694e535f35323a20	20694e535f35333a20	20694e535f35343a20	20694e535f35353a20	20694e535f35363a20	20694e535f35373a20	20694e535f35383a20	20694e535f35393a20	20694e535f35413a20	20694e535f35423a20	20694e535f35433a20	20694e535f35443a20	20694e535f35453a20	20694e535f35463a20	20694e535f36303a20	20694e535f36313a20	20694e535f36323a20	20694e535f36333a20	20694e535f36343a20	20694e535f36353a20	20694e535f36363a20	20694e535f36373a20	20694e535f36383a20	20694e535f36393a20	20694e535f36413a20	20694e535f36423a20	20694e535f36433a20	20694e535f36443a20	20694e535f36453a20	20694e535f36463a20	20694e535f37303a20	20694e535f37313a20	20694e535f37323a20	20694e535f37333a20	20694e535f37343a20	20694e535f37353a20	20694e535f37363a20	20694e535f37373a20	20694e535f37383a20	20694e535f37393a20	20694e535f37413a20	20694e535f37423a20	20694e535f37433a20	20694e535f37443a20	20694e535f37453a20	20694e535f37463a20	20694e535f38303a20	20694e535f38313a20	20694e535f38323a20	20694e535f38333a20	20694e535f38343a20	20694e535f38353a20	20694e535f38363a20	20694e535f38373a20	20694e535f38383a20	20694e535f38393a20	20694e535f38413a20	20694e535f38423a20	20694e535f38433a20	20694e535f38443a20	20694e535f38453a20	20694e535f38463a20	20694e535f39303a20	20694e535f39313a20	20694e535f39323a20	20694e535f39333a20	20694e535f39343a20	20694e535f39353a20	20694e535f39363a20	20694e535f39373a20	20694e535f39383a20	20694e535f39393a20	20694e535f39413a20	20694e535f39423a20	20694e535f39433a20	20694e535f39443a20	20694e535f39453a20	20694e535f39463a20	20694e535f41303a20	20694e535f41313a20	20694e535f41323a20	20694e535f41333a20	20694e535f41343a20	20694e535f41353a20	20694e535f41363a20	20694e535f41373a20	20694e535f41383a20	20694e535f41393a20	20694e535f41413a20	20694e535f41423a20	20694e535f41433a20	20694e535f41443a20	20694e535f41453a20	20694e535f41463a20	20694e535f42303a20	20694e535f42313a20	20694e535f42323a20	20694e535f42333a20	20694e535f42343a20	20694e535f42353a20	20694e535f42363a20	20694e535f42373a20	20694e535f42383a20	20694e535f42393a20	20694e535f42413a20	20694e535f42423a20	20694e535f42433a20	20694e535f42443a20	20694e535f42453a20	20694e535f42463a20	20694e535f43303a20	20694e535f43313a20	20694e535f43323a20	20694e535f43333a20	20694e535f43343a20	20694e535f43353a20	20694e535f43363a20	20694e535f43373a20	20694e535f43383a20	20694e535f43393a20	20694e535f43413a20	20694e535f43423a20	20694e535f43433a20	20694e535f43443a20	20694e535f43453a20	20694e535f43463a20	20694e535f44303a20	20694e535f44313a20	20694e535f44323a20	20694e535f44333a20	20694e535f44343a20	20694e535f44353a20	20694e535f44363a20	20694e535f44373a20	20694e535f44383a20	20694e535f44393a20	20694e535f44413a20	20694e535f44423a20	20694e535f44433a20	20694e535f44443a20	20694e535f44453a20	20694e535f44463a20	20694e535f45303a20	20694e535f45313a20	20694e535f45323a20	20694e535f45333a20	20694e535f45343a20	20694e535f45353a20	20694e535f45363a20	20694e535f45373a20	20694e535f45383a20	20694e535f45393a20	20694e535f45413a20	20694e535f45423a20	20694e535f45433a20	20694e535f45443a20	20694e535f45453a20	20694e535f45463a20	20694e535f46303a20	20694e535f46313a20	20694e535f46323a20	20694e535f46333a20	20694e535f46343a20	20694e535f46353a20	20694e535f46363a20	20694e535f46373a20	20694e535f46383a20	20694e535f46393a20	20694e535f46413a20
Nula/gummi bjornarna.a2m	AdLib Tracker 2	67756d6d6920626a94726e61726e61	7a616c7a612c2061646c696220636f766572206279206e756c61	250	2073742d3030313a20	2073742d3030323a20	2073742d3030333a20	2073742d3030343a20	2073742d3030353a20	2073742d3030363a20	2073742d3030373a20	2073742d3030383a20	2073742d3030393a20645f63335f3236332e613269	2073742d3031303a2061646c696220636f766572206279206e756c61	2073742d3031313a206869686174322e736769	2073742d3031323a20756e6e616d6564	2073742d3031333a20756e6e616d6564	2073742d3031343a20	2073742d3031353a20	2073742d3031363a20	2073742d3031373a20	2073742d3031383a20	2073742d3031393a20	2073742d3032303a20	2073742d3032313a20	2073742d3032323a20	2073742d3032333a20	2073742d3032343a20	2073742d3032353a20	2073742d3032363a20	2073742d3032373a20	2073742d3032383a20	2073742d3032393a20	2073742d3033303a20	2073742d3033313a20	2073742d3033323a20	2073742d3033333a20	2073742d3033343a20	2073742d3033353a20	2073742d3033363a20	2073742d3033373a20	2073742d3033383a20	2073742d3033393a20	2073742d3034303a20	2073742d3034313a20	2073742d3034323a20	2073742d3034333a20	2073742d3034343a20	2073742d3034353a20	2073742d3034363a20	2073742d3034373a20	2073742d3034383a20	2073742d3034393a20	2073742d3035303a20	2073742d3035313a20	2073742d3035323a20	2073742d3035333a20	2073742d3035343a20	2073742d3035353a20	2073742d3035363a20	2073742d3035373a20	2073742d3035383a20	2073742d3035393a20	2073742d3036303a20	2073742d3036313a20	2073742d3036323a20	2073742d3036333a20	2073742d3036343a20	2073742d3036353a20	2073742d3036363a20	2073742d3036373a20	2073742d3036383a20	2073742d3036393a20	2073742d3037303a20	2073742d3037313a20	2073742d3037323a20	2073742d3037333a20	2073742d3037343a20	2073742d3037353a20	2073742d3037363a20	2073742d3037373a20	2073742d3037383a20	2073742d3037393a20	2073742d3038303a20	2073742d3038313a20	2073742d3038323a20	2073742d3038333a20	2073742d3038343a20	2073742d3038353a20	2073742d3038363a20	2073742d3038373a20	2073742d3038383a20	2073742d3038393a20	2073742d3039303a20	2073742d3039313a20	2073742d3039323a20	2073742d3039333a20	2073742d3039343a20	2073742d3039353a20	2073742d3039363a20	2073742d3039373a20	2073742d3039383a20	2073742d3039393a20	2073742d3130303a20	2073742d3130313a20	2073742d3130323a20	2073742d3130333a20	2073742d3130343a20	2073742d3130353a20	2073742d3130363a20	2073742d3130373a20	2073742d3130383a20	2073742d3130393a20	2073742d3131303a20	2073742d3131313a20	2073742d3131323a20	2073742d3131333a20	2073742d3131343a20	2073742d3131353a20	2073742d3131363a20	2073742d3131373a20	2073742d3131383a20	2073742d3131393a20	2073742d3132303a20	2073742d3132313a20	2073742d3132323a20	2073742d3132333a20	2073742d3132343a20	2073742d3132353a20	2073742d3132363a20	2073742d3132373a20	2073742d3132383a20	2073742d3132393a20	2073742d3133303a20	2073742d3133313a20	2073742d3133323a20	2073742d3133333a20	2073742d3133343a20	2073742d3133353a20	2073742d3133363a20	2073742d3133373a20	2073742d3133383a20	2073742d3133393a20	2073742d3134303a20	2073742d3134313a20	2073742d3134323a20	2073742d3134333a20	2073742d3134343a20	2073742d3134353a20	2073742d3134363a20	2073742d3134373a20	2073742d3134383a20	2073742d3134393a20	2073742d3135303a20	2073742d3135313a20	2073742d3135323a20	2073742d3135333a20	2073742d3135343a20	2073742d3135353a20	2073742d3135363a20	2073742d3135373a20	2073742d3135383a20	2073742d3135393a20	2073742d3136303a20	2073742d3136313a20	2073742d3136323a20	2073742d3136333a20	2073742d3136343a20	2073742d3136353a20	2073742d3136363a20	2073742d3136373a20	2073742d3136383a20	2073742d3136393a20	2073742d3137303a20	2073742d3137313a20	2073742d3137323a20	2073742d3137333a20	2073742d3137343a20	2073742d3137353a20	2073742d3137363a20	2073742d3137373a20	2073742d3137383a20	2073742d3137393a20	2073742d3138303a20	2073742d3138313a20	2073742d3138323a20	2073742d3138333a20	2073742d3138343a20	2073742d3138353a20	2073742d3138363a20	2073742d3138373a20	2073742d3138383a20	2073742d3138393a20	2073742d3139303a20	2073742d3139313a20	2073742d3139323a20	2073742d3139333a20	2073742d3139343a20	2073742d3139353a20	2073742d3139363a20	2073742d3139373a20	2073742d3139383a20	2073742d3139393a20	2073742d3230303a20	2073742d3230313a20	2073742d3230323a20	2073742d3230333a20	2073742d3230343a20	2073742d3230353a20	2073742d3230363a20	2073742d3230373a20	2073742d3230383a20	2073742d3230393a20	2073742d3231303a20	2073742d3231313a20	2073742d3231323a20	2073742d3231333a20	2073742d3231343a20	2073742d3231353a20	2073742d3231363a20	2073742d3231373a20	2073742d3231383a20	2073742d3231393a20	2073742d3232303a20	2073742d3232313a20	2073742d3232323a20	2073742d3232333a20	2073742d3232343a20	2073742d3232353a20	2073742d3232363a20	2073742d3232373a20	2073742d3232383a20	2073742d3232393a20	2073742d3233303a20	2073742d3233313a20	2073742d3233323a20	2073742d3233333a20	2073742d3233343a20	2073742d3233353a20	2073742d3233363a20	2073742d3233373a20	2073742d3233383a20	2073742d3233393a20	2073742d3234303a20	2073742d3234313a20	2073742d3234323a20	2073742d3234333a20	2073742d3234343a20	2073742d3234353a20	2073742d3234363a20	2073742d3234373a20	2073742d3234383a20	2073742d3234393a20	2073742d3235303a20
Nula/imadick.a2m	AdLib Tracker 2			250	20694e535f30313a20677265656565747a3a	20694e535f30323a20616c6c20737065636379206c6f766572732c	20694e535f30333a20616c6c20633634206c6f766572732c	20694e535f30343a20616c6c206174617269206c6f766572732c2e2e2e	20694e535f30353a20677265656565747a3a	20694e535f30363a20	20694e535f30373a20	20694e535f30383a20	20694e535f30393a20	20694e535f30413a20	20694e535f30423a20	20694e535f30433a20	20694e535f30443a20	20694e535f30453a20	20694e535f30463a20	20694e535f31303a20	20694e535f31313a20	20694e535f31323a20	20694e535f31333a20	20694e535f31343a20	20694e535f31353a20	20694e535f31363a20	20694e535f31373a20	20694e535f31383a20	20694e535f31393a20	20694e535f31413a20	20694e535f31423a20	20694e535f31433a20	20694e535f31443a20	20694e535f31453a20	20694e535f31463a20	20694e535f32303a20	20694e535f32313a20	20694e535f32323a20	20694e535f32333a20	20694e535f32343a20	20694e535f32353a20	20694e535f32363a20	20694e535f32373a20	20694e535f32383a20	20694e535f32393a20	20694e535f32413a20	20694e535f32423a20	20694e535f32433a20	20694e535f32443a20	20694e535f32453a20	20694e535f32463a20	20694e535f33303a20	20694e535f33313a20	20694e535f33323a20	20694e535f33333a20	20694e535f33343a20	20694e535f33353a20	20694e535f33363a20	20694e535f33373a20	20694e535f33383a20	20694e535f33393a20	20694e535f33413a20	20694e535f33423a20	20694e535f33433a20	20694e535f33443a20	20694e535f33453a20	20694e535f33463a20	20694e535f34303a20	20694e535f34313a20	20694e535f34323a20	20694e535f34333a20	20694e535f34343a20	20694e535f34353a20	20694e535f34363a20	20694e535f34373a20	20694e535f34383a20	20694e535f34393a20	20694e535f34413a20	20694e535f34423a20	20694e535f34433a20	20694e535f34443a20	20694e535f34453a20	20694e535f34463a20	20694e535f35303a20	20694e535f35313a20	20694e535f35323a20	20694e535f35333a20	20694e535f35343a20	20694e535f35353a20	20694e535f35363a20	20694e535f35373a20	20694e535f35383a20	20694e535f35393a20	20694e535f35413a20	20694e535f35423a20	20694e535f35433a20	20694e535f35443a20	20694e535f35453a20	20694e535f35463a20	20694e535f36303a20	20694e535f36313a20	20694e535f36323a20	20694e535f36333a20	20694e535f36343a20	20694e535f36353a20	20694e535f36363a20	20694e535f36373a20	20694e535f36383a20	20694e535f36393a20	20694e535f36413a20	20694e535f36423a20	20694e535f36433a20	20694e535f36443a20	20694e535f36453a20	20694e535f36463a20	20694e535f37303a20	20694e535f37313a20	20694e535f37323a20	20694e535f37333a20	20694e535f37343a20	20694e535f37353a20	20694e535f37363a20	20694e535f37373a20	20694e535f37383a20	20694e535f37393a20	20694e535f37413a20	20694e535f37423a20	20694e535f37433a20	20694e535f37443a20	20694e535f37453a20	20694e535f37463a20	20694e535f38303a20	20694e535f38313a20	20694e535f38323a20	20694e535f38333a20	20694e535f38343a20	20694e535f38353a20	20694e535f38363a20	20694e535f38373a20	20694e535f38383a20	20694e535f38393a20	20694e535f38413a20	20694e535f38423a20	20694e535f38433a20	20694e535f38443a20	20694e535f38453a20	20694e535f38463a20	20694e535f39303a20	20694e535f39313a20	20694e535f39323a20	20694e535f39333a20	20694e535f39343a20	20694e535f39353a20	20694e535f39363a20	20694e535f39373a20	20694e535f39383a20	20694e535f39393a20	20694e535f39413a20	20694e535f39423a20	20694e535f39433a20	20694e535f39443a20	20694e535f39453a20	20694e535f39463a20	20694e535f41303a20	20694e535f41313a20	20694e535f41323a20	20694e535f41333a20	20694e535f41343a20	20694e535f41353a20	20694e535f41363a20	20694e535f41373a20	20694e535f41383a20	20694e535f41393a20	20694e535f41413a20	20694e535f41423a20	20694e535f41433a20	20694e535f41443a20	20694e535f41453a20	20694e535f41463a20	20694e535f42303a20	20694e535f42313a20	20694e535f42323a20	20694e535f42333a20	20694e535f42343a20	20694e535f42353a20	20694e535f42363a20	20694e535f42373a20	20694e535f42383a20	20694e535f42393a20	20694e535f42413a20	20694e535f42423a20	20694e535f42433a20	20694e535f42443a20	20694e535f42453a20	20694e535f42463a20	20694e535f43303a20	20694e535f43313a20	20694e535f43323a20	20694e535f43333a20	20694e535f43343a20	20694e535f43353a20	20694e535f43363a20	20694e535f43373a20	20694e535f43383a20	20694e535f43393a20	20694e535f43413a20	20694e535f43423a20	20694e535f43433a20	20694e535f43443a20	20694e535f43453a20	20694e535f43463a20	20694e535f44303a20	20694e535f44313a20	20694e535f44323a20	20694e535f44333a20	20694e535f44343a20	20694e535f44353a20	20694e535f44363a20	20694e535f44373a20	20694e535f44383a20	20694e535f44393a20	20694e535f44413a20	20694e535f44423a20	20694e535f44433a20	20694e535f44443a20	20694e535f44453a20	20694e535f44463a20	20694e535f45303a20	20694e535f45313a20	20694e535f45323a20	20694e535f45333a20	20694e535f45343a20	20694e535f45353a20	20694e535f45363a20	20694e535f45373a20	20694e535f45383a20	20694e535f45393a20	20694e535f45413a20	20694e535f45423a20	20694e535f45433a20	20694e535f45443a20	20694e535f45453a20	20694e535f45463a20	20694e535f46303a20	20694e535f46313a20	20694e535f46323a20	20694e535f46333a20	20694e535f46343a20	20694e535f46353a20	20694e535f46363a20	20694e535f46373a20	20694e535f46383a20	20694e535f46393a20	20694e535f46413a20
Nula/kulje.a2m	AdLib Tracker 2			250	2073742d3030313a20746869732074756e65206973	2073742d3030323a206f726967696e616c6c79206d616465	2073742d3030333a206279204a75697070692e	2073742d3030343a20	2073742d3030353a2052656d69786564206279204e756c61	2073742d3030363a202f20546572726f72204f70657261	2073742d3030373a202f2042726f6e6373	2073742d3030383a202f20427654	2073742d3030393a202f20446f776e746f776e	2073742d3031303a20	2073742d3031313a20	2073742d3031323a20	2073742d3031333a20	2073742d3031343a20	2073742d3031353a20	2073742d3031363a20	2073742d3031373a20	2073742d3031383a20	2073742d3031393a20	2073742d3032303a20	2073742d3032313a20	2073742d3032323a20	2073742d3032333a20	2073742d3032343a20	2073742d3032353a20	2073742d3032363a20	2073742d3032373a20	2073742d3032383a20	2073742d3032393a20	2073742d3033303a20	2073742d3033313a20	2073742d3033323a20	2073742d3033333a20	2073742d3033343a20	2073742d3033353a20	2073742d3033363a20	2073742d3033373a20	2073742d3033383a20	2073742d3033393a20	2073742d3034303a20	2073742d3034313a20	2073742d3034323a20	2073742d3034333a20	2073742d3034343a20	2073742d3034353a20	2073742d3034363a20	2073742d3034373a20	2073742d3034383a20	2073742d3034393a20	2073742d3035303a20	2073742d3035313a20	2073742d3035323a20	2073742d3035333a20	2073742d3035343a20	2073742d3035353a20	2073742d3035363a20	2073742d3035373a20	2073742d3035383a20	2073742d3035393a20	2073742d3036303a20	2073742d3036313a20	2073742d3036323a20	2073742d3036333a20	2073742d3036343a20	2073742d3036353a20	2073742d3036363a20	2073742d3036373a20	2073742d3036383a20	2073742d3036393a20	2073742d3037303a20	2073742d3037313a20	2073742d3037323a20	2073742d3037333a20	2073742d3037343a20	2073742d3037353a20	2073742d3037363a20	2073742d3037373a20	2073742d3037383a20	2073742d3037393a20	2073742d3038303a20	2073742d3038313a20	2073742d3038323a20	2073742d3038333a20	2073742d3038343a20	2073742d3038353a20	2073742d3038363a20	2073742d3038373a20	2073742d3038383a20	2073742d3038393a20	2073742d3039303a20	2073742d3039313a20	2073742d3039323a20	2073742d3039333a20	2073742d3039343a20	2073742d3039353a20	2073742d3039363a20	2073742d3039373a20	2073742d3039383a20	2073742d3039393a20	2073742d3130303a20	2073742d3130313a20	2073742d3130323a20	2073742d3130333a20	2073742d3130343a20	2073742d3130353a20	2073742d3130363a20	2073742d3130373a20	2073742d3130383a20	2073742d3130393a20	2073742d3131303a20	2073742d3131313a20	2073742d3131323a20	2073742d3131333a20	2073742d3131343a20	2073742d3131353a20	2073742d3131363a20	2073742d3131373a20	2073742d3131383a20	2073742d3131393a20	2073742d3132303a20	2073742d3132313a20	2073742d3132323a20	2073742d3132333a20	2073742d3132343a20	2073742d3132353a20	2073742d3132363a20	2073742d3132373a20	2073742d3132383a20	2073742d3132393a20	2073742d3133303a20	2073742d3133313a20	2073742d3133323a20	2073742d3133333a20	2073742d3133343a20	2073742d3133353a20	2073742d3133363a20	2073742d3133373a20	2073742d3133383a20	2073742d3133393a20	2073742d3134303a20	2073742d3134313a20	2073742d3134323a20	2073742d3134333a20	2073742d3134343a20	2073742d3134353a20	2073742d3134363a20	2073742d3134373a20	2073742d3134383a20	2073742d3134393a20	2073742d3135303a20	2073742d3135313a20	2073742d3135323a20	2073742d3135333a20	2073742d3135343a20	2073742d3135353a20	2073742d3135363a20	2073742d3135373a20	2073742d3135383a20	2073742d3135393a20	2073742d3136303a20	2073742d3136313a20	2073742d3136323a20	2073742d3136333a20	2073742d3136343a20	2073742d3136353a20	2073742d3136363a20	2073742d3136373a20	2073742d3136383a20	2073742d3136393a20	2073742d3137303a20	2073742d3137313a20	2073742d3137323a20	2073742d3137333a20	2073742d3137343a20	2073742d3137353a20	2073742d3137363a20	2073742d3137373a20	2073742d3137383a20	2073742d3137393a20	2073742d3138303a20	2073742d3138313a20	2073742d3138323a20	2073742d3138333a20	2073742d3138343a20	2073742d3138353a20	2073742d3138363a20	2073742d3138373a20	2073742d3138383a20	2073742d3138393a20	2073742d3139303a20	2073742d3139313a20	2073742d3139323a20	2073742d3139333a20	2073742d3139343a20	2073742d3139353a20	2073742d3139363a20	2073742d3139373a20	2073742d3139383a20	2073742d3139393a20	2073742d3230303a20	2073742d3230313a20	2073742d3230323a20	2073742d3230333a20	2073742d3230343a20	2073742d3230353a20	2073742d3230363a20	2073742d3230373a20	2073742d3230383a20	2073742d3230393a20	2073742d3231303a20	2073742d3231313a20	2073742d3231323a20	2073742d3231333a20	2073742d3231343a20	2073742d3231353a20	2073742d3231363a20	2073742d3231373a20	2073742d3231383a20	2073742d3231393a20	2073742d3232303a20	2073742d3232313a20	2073742d3232323a20	2073742d3232333a20	2073742d3232343a20	2073742d3232353a20	2073742d3232363a20	2073742d3232373a20	2073742d3232383a20	2073742d3232393a20	2073742d3233303a20	2073742d3233313a20	2073742d3233323a20	2073742d3233333a20	2073742d3233343a20	2073742d3233353a20	2073742d3233363a20	2073742d3233373a20	2073742d3233383a20	2073742d3233393a20	2073742d3234303a20	2073742d3234313a20	2073742d3234323a20	2073742d3234333a20	2073742d3234343a20	2073742d3234353a20	2073742d3234363a20	2073742d3234373a20	2073742d3234383a20	2073742d3234393a20	2073742d3235303a20
Nula/matkamies.a2m	AdLib Tracker 2			250	2073742d3030313a20	2073742d3030323a20	2073742d3030333a20	2073742d3030343a20	2073742d3030353a20	2073742d3030363a20	2073742d3030373a20	2073742d3030383a20	2073742d3030393a20	2073742d3031303a20	2073742d3031313a20	2073742d3031323a20	2073742d3031333a20	2073742d3031343a20	2073742d3031353a20	2073742d3031363a20	2073742d3031373a20	2073742d3031383a20	2073742d3031393a20	2073742d3032303a20	2073742d3032313a20	2073742d3032323a20	2073742d3032333a20	2073742d3032343a20	2073742d3032353a20	2073742d3032363a20	2073742d3032373a20	2073742d3032383a20	2073742d3032393a20	2073742d3033303a20	2073742d3033313a20	2073742d3033323a20	2073742d3033333a20	2073742d3033343a20	2073742d3033353a20	2073742d3033363a20	2073742d3033373a20	2073742d3033383a20	2073742d3033393a20	2073742d3034303a20	2073742d3034313a20	2073742d3034323a20	2073742d3034333a20	2073742d3034343a20	2073742d3034353a20	2073742d3034363a20	2073742d3034373a20	2073742d3034383a20	2073742d3034393a20	2073742d3035303a20	2073742d3035313a20	2073742d3035323a20	2073742d3035333a20	2073742d3035343a20	2073742d3035353a20	2073742d3035363a20	2073742d3035373a20	2073742d3035383a20	2073742d3035393a20	2073742d3036303a20	2073742d3036313a20	2073742d3036323a20	2073742d3036333a20	2073742d3036343a20	2073742d3036353a20	2073742d3036363a20	2073742d3036373a20	2073742d3036383a20	2073742d3036393a20	2073742d3037303a20	2073742d3037313a20	2073742d3037323a20	2073742d3037333a20	2073742d3037343a20	2073742d3037353a20	2073742d3037363a20	2073742d3037373a20	2073742d3037383a20	2073742d3037393a20	2073742d3038303a20	2073742d3038313a20	2073742d3038323a20	2073742d3038333a20	2073742d3038343a20	2073742d3038353a20	2073742d3038363a20	2073742d3038373a20	2073742d3038383a20	2073742d3038393a20	2073742d3039303a20	2073742d3039313a20	2073742d3039323a20	2073742d3039333a20	2073742d3039343a20	2073742d3039353a20	2073742d3039363a20	2073742d3039373a20	2073742d3039383a20	2073742d3039393a20	2073742d3130303a20	2073742d3130313a20	2073742d3130323a20	2073742d3130333a20	2073742d3130343a20	2073742d3130353a20	2073742d3130363a20	2073742d3130373a20	2073742d3130383a20	2073742d3130393a20	2073742d3131303a20	2073742d3131313a20	2073742d3131323a20	2073742d3131333a20	2073742d3131343a20	2073742d3131353a20	2073742d3131363a20	2073742d3131373a20	2073742d3131383a20	2073742d3131393a20	2073742d3132303a20	2073742d3132313a20	2073742d3132323a20	2073742d3132333a20	2073742d3132343a20	2073742d3132353a20	2073742d3132363a20	2073742d3132373a20	2073742d3132383a20	2073742d3132393a20	2073742d3133303a20	2073742d3133313a20	2073742d3133323a20	2073742d3133333a20	2073742d3133343a20	2073742d3133353a20	2073742d3133363a20	2073742d3133373a20	2073742d3133383a20	2073742d3133393a20	2073742d3134303a20	2073742d3134313a20	2073742d3134323a20	2073742d3134333a20	2073742d3134343a20	2073742d3134353a20	2073742d3134363a20	2073742d3134373a20	2073742d3134383a20	2073742d3134393a20	2073742d3135303a20	2073742d3135313a20	2073742d3135323a20	2073742d3135333a20	2073742d3135343a20	2073742d3135353a20	2073742d3135363a20	2073742d3135373a20	2073742d3135383a20	2073742d3135393a20	2073742d3136303a20	2073742d3136313a20	2073742d3136323a20	2073742d3136333a20	2073742d3136343a20	2073742d3136353a20	2073742d3136363a20	2073742d3136373a20	2073742d3136383a20	2073742d3136393a20	2073742d3137303a20	2073742d3137313a20	2073742d3137323a20	2073742d3137333a20	2073742d3137343a20	2073742d3137353a20	2073742d3137363a20	2073742d3137373a20	2073742d3137383a20	2073742d3137393a20	2073742d3138303a20	2073742d3138313a20	2073742d3138323a20	2073742d3138333a20	2073742d3138343a20	2073742d3138353a20	2073742d3138363a20	2073742d3138373a20	2073742d3138383a20	2073742d3138393a20	2073742d3139303a20	2073742d3139313a20	2073742d3139323a20	2073742d3139333a20	2073742d3139343a20	2073742d3139353a20	2073742d3139363a20	2073742d3139373a20	2073742d3139383a20	2073742d3139393a20	2073742d3230303a20	2073742d3230313a20	2073742d3230323a20	2073742d3230333a20	2073742d3230343a20	2073742d3230353a20	2073742d3230363a20	2073742d3230373a20	2073742d3230383a20	2073742d3230393a20	2073742d3231303a20	2073742d3231313a20	2073742d3231323a20	2073742d3231333a20	2073742d3231343a20	2073742d3231353a20	2073742d3231363a20	2073742d3231373a20	2073742d3231383a20	2073742d3231393a20	2073742d3232303a20	2073742d3232313a20	2073742d3232323a20	2073742d3232333a20	2073742d3232343a20	2073742d3232353a20	2073742d3232363a20	2073742d3232373a20	2073742d3232383a20	2073742d3232393a20	2073742d3233303a20	2073742d3233313a20	2073742d3233323a20	2073742d3233333a20	2073742d3233343a20	2073742d3233353a20	2073742d3233363a20	2073742d3233373a20	2073742d3233383a20	2073742d3233393a20	2073742d3234303a20	2073742d3234313a20	2073742d3234323a20	2073742d3234333a20	2073742d3234343a20	2073742d3234353a20	2073742d3234363a20	2073742d3234373a20	2073742d3234383a20	2073742d3234393a20	2073742d3235303a20
Nula/menuloader.a2m	AdLib Tracker 2	6d656e756c6f61646572	346d61742c2061646c696220636f766572206279206e756c61	250	20694e535f30313a2020646572207363687765696e68756e6421212121	20694e535f30323a2064697a206973207265616c6c7920737472616e6765	20694e535f30333a2074756e652e2e2e6920646f6e2774206b6e6f772e2e2e	20694e535f30343a20202072656c65617365206f72206e6f743f	20694e535f30353a20	20694e535f30363a20206d6f642076657273696f6e20627920346d6174	20694e535f30373a20346d61742072756c7a2c206e756c61207375787878	20694e535f30383a20	20694e535f30393a20	20694e535f30413a20	20694e535f30423a20	20694e535f30433a20	20694e535f30443a20	20694e535f30453a20	20694e535f30463a20	20694e535f31303a20	20694e535f31313a20	20694e535f31323a20	20694e535f31333a20	20694e535f31343a20	20694e535f31353a20	20694e535f31363a20	20694e535f31373a20	20694e535f31383a20	20694e535f31393a20	20694e535f31413a20	20694e535f31423a20	20694e535f31433a20	20694e535f31443a20	20694e535f31453a20	20694e535f31463a20	20694e535f32303a20	20694e535f32313a20	20694e535f32323a20	20694e535f32333a20	20694e535f32343a20	20694e535f32353a20	20694e535f32363a20	20694e535f32373a20	20694e535f32383a20	20694e535f32393a20	20694e535f32413a20	20694e535f32423a20	20694e535f32433a20	20694e535f32443a20	20694e535f32453a20	20694e535f32463a20	20694e535f33303a20	20694e535f33313a20	20694e535f33323a20	20694e535f33333a20	20694e535f33343a20	20694e535f33353a20	20694e535f33363a20	20694e535f33373a20	20694e535f33383a20	20694e535f33393a20	20694e535f33413a20	20694e535f33423a20	20694e535f33433a20	20694e535f33443a20	20694e535f33453a20	20694e535f33463a20	20694e535f34303a20	20694e535f34313a20	20694e535f34323a20	20694e535f34333a20	20694e535f34343a20	20694e535f34353a20	20694e535f34363a20	20694e535f34373a20	20694e535f34383a20	20694e535f34393a20	20694e535f34413a20	20694e535f34423a20	20694e535f34433a20	20694e535f34443a20	20694e535f34453a20	20694e535f34463a20	20694e535f35303a20	20694e535f35313a20	20694e535f35323a20	20694e535f35333a20	20694e535f35343a20	20694e535f35353a20	20694e535f35363a20	20694e535f35373a20	20694e535f35383a20	20694e535f35393a20	20694e535f35413a20	20694e535f35423a20	20694e535f35433a20	20694e535f35443a20	20694e535f35453a20	20694e535f35463a20	20694e535f36303a20	20694e535f36313a20	20694e535f36323a20	20694e535f36333a20	20694e535f36343a20	20694e535f36353a20	20694e535f36363a20	20694e535f36373a20	20694e535f36383a20	20694e535f36393a20	20694e535f36413a20	20694e535f36423a20	20694e535f36433a20	20694e535f36443a20	20694e535f36453a20	20694e535f36463a20	20694e535f37303a20	20694e535f37313a20	20694e535f37323a20	20694e535f37333a20	20694e535f37343a20	20694e535f37353a20	20694e535f37363a20	20694e535f37373a20	20694e535f37383a20	20694e535f37393a20	20694e535f37413a20	20694e535f37423a20	20694e535f37433a20	20694e535f37443a20	20694e535f37453a20	20694e535f37463a20	20694e535f38303a20	20694e535f38313a20	20694e535f38323a20	20694e535f38333a20	20694e535f38343a20	20694e535f38353a20	20694e535f38363a20	20694e535f38373a20	20694e535f38383a20	20694e535f38393a20	20694e535f38413a20	20694e535f38423a20	20694e535f38433a20	20694e535f38443a20	20694e535f38453a20	20694e535f38463a20	20694e535f39303a20	20694e535f39313a20	20694e535f39323a20	20694e535f39333a20	20694e535f39343a20	20694e535f39353a20	20694e535f39363a20	20694e535f39373a20	20694e535f39383a20	20694e535f39393a20	20694e535f39413a20	20694e535f39423a20	20694e535f39433a20	20694e535f39443a20	20694e535f39453a20	20694e535f39463a20	20694e535f41303a20	20694e535f41313a20	20694e535f41323a20	20694e535f41333a20	20694e535f41343a20	20694e535f41353a20	20694e535f41363a20	20694e535f41373a20	20694e535f41383a20	20694e535f41393a20	20694e535f41413a20	20694e535f41423a20	20694e535f41433a20	20694e535f41443a20	20694e535f41453a20	20694e535f41463a20	20694e535f42303a20	20694e535f42313a20	20694e535f42323a20	20694e535f42333a20	20694e535f42343a20	20694e535f42353a20	20694e535f42363a20	20694e535f42373a20	20694e535f42383a20	20694e535f42393a20	20694e535f42413a20	20694e535f42423a20	20694e535f42433a20	20694e535f42443a20	20694e535f42453a20	20694e535f42463a20	20694e535f43303a20	20694e535f43313a20	20694e535f43323a20	20694e535f43333a20	20694e535f43343a20	20694e535f43353a20	20694e535f43363a20	20694e535f43373a20	20694e535f43383a20	20694e535f43393a20	20694e535f43413a20	20694e535f43423a20	20694e535f43433a20	20694e535f43443a20	20694e535f43453a20	20694e535f43463a20	20694e535f44303a20	20694e535f44313a20	20694e535f44323a20	20694e535f44333a20	20694e535f44343a20	20694e535f44353a20	20694e535f44363a20	20694e535f44373a20	20694e535f44383a20	20694e535f44393a20	20694e535f44413a20	20694e535f44423a20	20694e535f44433a20	20694e535f44443a20	20694e535f44453a20	20694e535f44463a20	20694e535f45303a20	20694e535f45313a20	20694e535f45323a20	20694e535f45333a20	20694e535f45343a20	20694e535f45353a20	20694e535f45363a20	20694e535f45373a20	20694e535f45383a20	20694e535f45393a20	20694e535f45413a20	20694e535f45423a20	20694e535f45433a20	20694e535f45443a20	20694e535f45453a20	20694e535f45463a20	20694e535f46303a20	20694e535f46313a20	20694e535f46323a20	20694e535f46333a20	20694e535f46343a20	20694e535f46353a20	20694e535f46363a20	20694e535f46373a20	20694e535f46383a20	20694e535f46393a20	20694e535f46413a20
Nula/onward.a2m	Adlib Tracker 2 (version 9)	6f6e77617264	6e756c6120286a75676929	13	74686973206e6963652074756e6520776173	636f6d706f736564206279206a7567692f636f6d706c6578		61646c696220636f766572206279206e756c61203d29									
Nula/pogroma game loader.a2m	AdLib Tracker 2	22504f47524f4d41222067616d65206c6f61646572	6e756c61	250	20694e535f30313a2068617270	20694e535f30323a20636c6f736564206869686174	20694e535f30333a20636c6f736564206869686174	20694e535f30343a2068617270	20694e535f30353a2062617373	20694e535f30363a20736e617265206472756d	20694e535f30373a207377656570	20694e535f30383a2073796e74686574696320737472696e67	20694e535f30393a2076696f6c696e	20694e535f30413a20656c656374726963207069616e6f	20694e535f30423a20706c696e67	20694e535f30433a202d2d2d2d2d2d2d2d2d2d2d2d2d2d2d2d2d2d2d2d2d2d	20694e535f30443a2067726565747a3a	20694e535f30453a202d207375627a33726f	20694e535f30463a202d206672616e6b206b6c657061636b69	20694e535f31303a202d206361726c6f73	20694e535f31313a202d2064656d656e7420616e64206f74686572732e2e2e	20694e535f31323a20	20694e535f31333a20	20694e535f31343a20	20694e535f31353a20	20694e535f31363a20	20694e535f31373a20	20694e535f31383a20	20694e535f31393a20	20694e535f31413a20	20694e535f31423a20	20694e535f31433a20	20694e535f31443a20	20694e535f31453a20	20694e535f31463a20	20694e535f32303a20	20694e535f32313a20	20694e535f32323a20	20694e535f32333a20	20694e535f32343a20	20694e535f32353a20	20694e535f32363a20	20694e535f32373a20	20694e535f32383a20	20694e535f32393a20	20694e535f32413a20	20694e535f32423a20	20694e535f32433a20	20694e535f32443a20	20694e535f32453a20	20694e535f32463a20	20694e535f33303a20	20694e535f33313a20	20694e535f33323a20	20694e535f33333a20	20694e535f33343a20	20694e535f33353a20	20694e535f33363a20	20694e535f33373a20	20694e535f33383a20	20694e535f33393a20	20694e535f33413a20	20694e535f33423a20	20694e535f33433a20	20694e535f33443a20	20694e535f33453a20	20694e535f33463a20	20694e535f34303a20	20694e535f34313a20	20694e535f34323a20	20694e535f34333a20	20694e535f34343a20	20694e535f34353a20	20694e535f34363a20	20694e535f34373a20	20694e535f34383a20	20694e535f34393a20	20694e535f34413a20	20694e535f34423a20	20694e535f34433a20	20694e535f34443a20	20694e535f34453a20	20694e535f34463a20	20694e535f35303a20	20694e535f35313a20	20694e535f35323a20	20694e535f35333a20	20694e535f35343a20	20694e535f35353a20	20694e535f35363a20	20694e535f35373a20	20694e535f35383a20	20694e535f35393a20	20694e535f35413a20	20694e535f35423a20	20694e535f35433a20	20694e535f35443a20	20694e535f35453a20	20694e535f35463a20	20694e535f36303a20	20694e535f36313a20	20694e535f36323a20	20694e535f36333a20	20694e535f36343a20	20694e535f36353a20	20694e535f36363a20	20694e535f36373a20	20694e535f36383a20	20694e535f36393a20	20694e535f36413a20	20694e535f36423a20	20694e535f36433a20	20694e535f36443a20	20694e535f36453a20	20694e535f36463a20	20694e535f37303a20	20694e535f37313a20	20694e535f37323a20	20694e535f37333a20	20694e535f37343a20	20694e535f37353a20	20694e535f37363a20	20694e535f37373a20	20694e535f37383a20	20694e535f37393a20	20694e535f37413a20	20694e535f37423a20	20694e535f37433a20	20694e535f37443a20	20694e535f37453a20	20694e535f37463a20	20694e535f38303a20	20694e535f38313a20	20694e535f38323a20	20694e535f38333a20	20694e535f38343a20	20694e535f38353a20	20694e535f38363a20	20694e535f38373a20	20694e535f38383a20	20694e535f38393a20	20694e535f38413a20	20694e535f38423a20	20694e535f38433a20	20694e535f38443a20	20694e535f38453a20	20694e535f38463a20	20694e535f39303a20	20694e535f39313a20	20694e535f39323a20	20694e535f39333a20	20694e535f39343a20	20694e535f39353a20	20694e535f39363a20	20694e535f39373a20	20694e535f39383a20	20694e535f39393a20	20694e535f39413a20	20694e535f39423a20	20694e535f39433a20	20694e535f39443a20	20694e535f39453a20	20694e535f39463a20	20694e535f41303a20	20694e535f41313a20	20694e535f41323a20	20694e535f41333a20	20694e535f41343a20	20694e535f41353a20	20694e535f41363a20	20694e535f41373a20	20694e535f41383a20	20694e535f41393a20	20694e535f41413a20	20694e535f41423a20	20694e535f41433a20	20694e535f41443a20	20694e535f41453a20	20694e535f41463a20	20694e535f42303a20	20694e535f42313a20	20694e535f42323a20	20694e535f42333a20	20694e535f42343a20	20694e535f42353a20	20694e535f42363a20	20694e535f42373a20	20694e535f42383a20	20694e535f42393a20	20694e535f42413a20	20694e535f42423a20	20694e535f42433a20	20694e535f42443a20	20694e535f42453a20	20694e535f42463a20	20694e535f43303a20	20694e535f43313a20	20694e535f43323a20	20694e535f43333a20	20694e535f43343a20	20694e535f43353a20	20694e535f43363a20	20694e535f43373a20	20694e535f43383a20	20694e535f43393a20	20694e535f43413a20	20694e535f43423a20	20694e535f43433a20	20694e535f43443a20	20694e535f43453a20	20694e535f43463a20	20694e535f44303a20	20694e535f44313a20	20694e535f44323a20	20694e535f44333a20	20694e535f44343a20	20694e535f44353a20	20694e535f44363a20	20694e535f44373a20	20694e535f44383a20	20694e535f44393a20	20694e535f44413a20	20694e535f44423a20	20694e535f44433a20	20694e535f44443a20	20694e535f44453a20	20694e535f44463a20	20694e535f45303a20	20694e535f45313a20	20694e535f45323a20	20694e535f45333a20	20694e535f45343a20	20694e535f45353a20	20694e535f45363a20	20694e535f45373a20	20694e535f45383a20	20694e535f45393a20	20694e535f45413a20	20694e535f45423a20	20694e535f45433a20	20694e535f45443a20	20694e535f45453a20	20694e535f45463a20	20694e535f46303a20	20694e535f46313a20	20694e535f46323a20	20694e535f46333a20	20694e535f46343a20	20694e535f46353a20	20694e535f46363a20	20694e535f46373a20	20694e535f46383a20	20694e535f46393a20	20694e535f46413a20
Nula/prehistorik (2nd version).a2m	AdLib Tracker 2	707265686973746f72696b	6e756c61	250	20694e535f30313a2062617373206472756d	20694e535f30323a20736e617265206472756d20286c6f7564657229	20694e535f30333a20646967647567	20694e535f30343a207265616c2062617373	20694e535f30353a2062617373	20694e535f30363a2073696e657761766520286c6f7564657229	20694e535f30373a2062656570	20694e535f30383a20737472696e6773	20694e535f30393a20737472696e67733f	20694e535f30413a20737175617265206c656164	20694e535f30423a20636c6f736564206869686174	20694e535f30433a20736e617265206472756d	20694e535f30443a206f70656e206869686174	20694e535f30453a206c65616420286c6f7564657229	20694e535f30463a206c656164	20694e535f31303a2073696e6577617665	20694e535f31313a20	20694e535f31323a2020205f2020205f2020205f	20694e535f31333a205f2d202d5f2d202d5f2d202d67726565656565747a2d	20694e535f31343a202d207375627a33726f	20694e535f31353a202d206d616c66756e6374696f6e	20694e535f31363a202d207068616e6472616c	20694e535f31373a202d206d61646e657373	20694e535f31383a202d206879647261	20694e535f31393a202d2073636176656e676572	20694e535f31413a202d20726f622068756262617264	20694e535f31423a202d206461766964207768697474616b6572	20694e535f31433a202d2074616f	20694e535f31443a202d20666c617368	20694e535f31453a202d206e61677a	20694e535f31463a202d2064656d656e74	20694e535f32303a202d206361726c6f73	20694e535f32313a202d2072657a	20694e535f32323a202d206c6f6f6e6965	20694e535f32333a202d207261646978	20694e535f32343a202d2074726176656e	20694e535f32353a202d207363617065	20694e535f32363a20	20694e535f32373a2020202020202020202020202020202061726520796f75	20694e535f32383a202020202061206368697074756e65206c6f7665723f	20694e535f32393a202d6966207965732c2049206772656574207961212121	20694e535f32413a202d6966206e6f74207468656e	20694e535f32423a2020202020676f20776173682079617273656c66203a29	20694e535f32433a20	20694e535f32443a202020202020202020206e756c6120286e292032303031	20694e535f32453a206e6f20726967687473207265736572766564	20694e535f32463a20	20694e535f33303a202020206e756c61206973207265676973747261746564	20694e535f33313a2074726164656d61726b206f66206e756c6120636f2e	20694e535f33323a20	20694e535f33333a20	20694e535f33343a20	20694e535f33353a20	20694e535f33363a20	20694e535f33373a20	20694e535f33383a20	20694e535f33393a20	20694e535f33413a20	20694e535f33423a20	20694e535f33433a20	20694e535f33443a20	20694e535f33453a20	20694e535f33463a20	20694e535f34303a20	20694e535f34313a20	20694e535f34323a20	20694e535f34333a20	20694e535f34343a20	20694e535f34353a20	20694e535f34363a20	20694e535f34373a20	20694e535f34383a20	20694e535f34393a20	20694e535f34413a20	20694e535f34423a20	20694e535f34433a20	20694e535f34443a20	20694e535f34453a20	20694e535f34463a20	20694e535f35303a20	20694e535f35313a20	20694e535f35323a20	20694e535f35333a20	20694e535f35343a20	20694e535f35353a20	20694e535f35363a20	20694e535f35373a20	20694e535f35383a20	20694e535f35393a20	20694e535f35413a20	20694e535f35423a20	20694e535f35433a20	20694e535f35443a20	20694e535f35453a20	20694e535f35463a20	20694e535f36303a20	20694e535f36313a20	20694e535f36323a20	20694e535f36333a20	20694e535f36343a20	20694e535f36353a20	20694e535f36363a20	20694e535f36373a20	20694e535f36383a20	20694e535f36393a20	20694e535f36413a20	20694e535f36423a20	20694e535f36433a20	20694e535f36443a20	20694e535f36453a20	20694e535f36463a20	20694e535f37303a20	20694e535f37313a20	20694e535f37323a20	20694e535f37333a20	20694e535f37343a20	20694e535f37353a20	20694e535f37363a20	20694e535f37373a20	20694e535f37383a20	20694e535f37393a20	20694e535f37413a20	20694e535f37423a20	20694e535f37433a20	20694e535f37443a20	20694e535f37453a20	20694e535f37463a20	20694e535f38303a20	20694e535f38313a20	20694e535f38323a20	20694e535f38333a20	20694e535f38343a20	20694e535f38353a20	20694e535f38363a20	20694e535f38373a20	20694e535f38383a20	20694e535f38393a20	20694e535f38413a20	20694e535f38423a20	20694e535f38433a20	20694e535f38443a20	20694e535f38453a20	20694e535f38463a20	20694e535f39303a20	20694e535f39313a20	20694e535f39323a20	20694e535f39333a20	20694e535f39343a20	20694e535f39353a20	20694e535f39363a20	20694e535f39373a20	20694e535f39383a20	20694e535f39393a20	20694e535f39413a20	20694e535f39423a20	20694e535f39433a20	20694e535f39443a20	20694e535f39453a20	20694e535f39463a20	20694e535f41303a20	20694e535f41313a20	20694e535f41323a20	20694e535f41333a20	20694e535f41343a20	20694e535f41353a20	20694e535f41363a20	20694e535f41373a20	20694e535f41383a20	20694e535f41393a20	20694e535f41413a20	20694e535f41423a20	20694e535f41433a20	20694e535f41443a20	20694e535f41453a20	20694e535f41463a20	20694e535f42303a20	20694e535f42313a20	20694e535f42323a20	20694e535f42333a20	20694e535f42343a20	20694e535f42353a20	20694e535f42363a20	20694e535f42373a20	20694e535f42383a20	20694e535f42393a20	20694e535f42413a20	20694e535f42423a20	20694e535f42433a20	20694e535f42443a20	20694e535f42453a20	20694e535f42463a20	20694e535f43303a20	20694e535f43313a20	20694e535f43323a20	20694e535f43333a20	20694e535f43343a20	20694e535f43353a20	20694e535f43363a20	20694e535f43373a20	20694e535f43383a20	20694e535f43393a20	20694e535f43413a20	20694e535f43423a20	20694e535f43433a20	20694e535f43443a20	20694e535f43453a20	20694e535f43463a20	20694e535f44303a20	20694e535f44313a20	20694e535f44323a20	20694e535f44333a20	20694e535f44343a20	20694e535f44353a20	20694e535f44363a20	20694e535f44373a20	20694e535f44383a20	20694e535f44393a20	20694e535f44413a20	20694e535f44423a20	20694e535f44433a20	20694e535f44443a20	20694e535f44453a20	20694e535f44463a20	20694e535f45303a20	20694e535f45313a20	20694e535f45323a20	20694e535f45333a20	20694e535f45343a20	20694e535f45353a20	20694e535f45363a20	20694e535f45373a20	20694e535f45383a20	20694e535f45393a20	20694e535f45413a20	20694e535f45423a20	20694e535f45433a20	20694e535f45443a20	20694e535f45453a20	20694e535f45463a20	20694e535f46303a20	20694e535f46313a20	20694e535f46323a20	20694e535f46333a20	20694e535f46343a20	20694e535f46353a20	20694e535f46363a20	20694e535f46373a20	20694e535f46383a20	20694e535f46393a20	20694e535f46413a20
Nula/prehistorik.a2m	AdLib Tracker 2	707265686973746f72696b	6e756c61	250	20694e535f30313a2062617373206472756d	20694e535f30323a20736e617265206472756d20286c6f7564657229	20694e535f30333a20646967647567	20694e535f30343a207265616c2062617373	20694e535f30353a2062617373	20694e535f30363a2073696e657761766520286c6f7564657229	20694e535f30373a2062656570	20694e535f30383a20737472696e6773	20694e535f30393a20737472696e67733f	20694e535f30413a20737175617265206c656164	20694e535f30423a20636c6f736564206869686174	20694e535f30433a20736e617265206472756d	20694e535f30443a206f70656e206869686174	20694e535f30453a206c65616420286c6f7564657229	20694e535f30463a206c656164	20694e535f31303a2073696e6577617665	20694e535f31313a20	20694e535f31323a2020205f2020205f2020205f	20694e535f31333a205f2d202d5f2d202d5f2d202d67726565656565747a2d	20694e535f31343a202d207375627a33726f	20694e535f31353a202d206d616c66756e6374696f6e	20694e535f31363a202d207068616e6472616c	20694e535f31373a202d206d61646e657373	20694e535f31383a202d206879647261	20694e535f31393a202d2073636176656e676572	20694e535f31413a202d20726f622068756262617264	20694e535f31423a202d206461766964207768697474616b6572	20694e535f31433a202d2074616f	20694e535f31443a202d20666c617368	20694e535f31453a202d206e61677a	20694e535f31463a202d2064656d656e74	20694e535f32303a202d206361726c6f73	20694e535f32313a202d2072657a	20694e535f32323a202d206c6f6f6e6965	20694e535f32333a202d207261646978	20694e535f32343a202d2074726176656e	20694e535f32353a202d207363617065	20694e535f32363a20	20694e535f32373a2020202020202020202020202020202061726520796f75	20694e535f32383a202020202061206368697074756e65206c6f7665723f	20694e535f32393a202d6966207965732c2049206772656574207961212121	20694e535f32413a202d6966206e6f74207468656e	20694e535f32423a2020202020676f20776173682079617273656c66203a29	20694e535f32433a20	20694e535f32443a202020202020202020206e756c6120286e292032303031	20694e535f32453a206e6f20726967687473207265736572766564	20694e535f32463a20	20694e535f33303a202020206e756c61206973207265676973747261746564	20694e535f33313a2074726164656d61726b206f66206e756c6120636f2e	20694e535f33323a20	20694e535f33333a20	20694e535f33343a20	20694e535f33353a20	20694e535f33363a20	20694e535f33373a20	20694e535f33383a20	20694e535f33393a20	20694e535f33413a20	20694e535f33423a20	20694e535f33433a20	20694e535f33443a20	20694e535f33453a20	20694e535f33463a20	20694e535f34303a20	20694e535f34313a20	20694e535f34323a20	20694e535f34333a20	20694e535f34343a20	20694e535f34353a20	20694e535f34363a20	20694e535f34373a20	20694e535f34383a20	20694e535f34393a20	20694e535f34413a20	20694e535f34423a20	20694e535f34433a20	20694e535f34443a20	20694e535f34453a20	20694e535f34463a20	20694e535f35303a20	20694e535f35313a20	20694e535f35323a20	20694e535f35333a20	20694e535f35343a20	20694e535f35353a20	20694e535f35363a20	20694e535f35373a20	20694e535f35383a20	20694e535f35393a20	20694e535f35413a20	20694e535f35423a20	20694e535f35433a20	20694e535f35443a20	20694e535f35453a20	20694e535f35463a20	20694e535f36303a20	20694e535f36313a20	20694e535f36323a20	20694e535f36333a20	20694e535f36343a20	20694e535f36353a20	20694e535f36363a20	20694e535f36373a20	20694e535f36383a20	20694e535f36393a20	20694e535f36413a20	20694e535f36423a20	20694e535f36433a20	20694e535f36443a20	20694e535f36453a20	20694e535f36463a20	20694e535f37303a20	20694e535f37313a20	20694e535f37323a20	20694e535f37333a20	20694e535f37343a20	20694e535f37353a20	20694e535f37363a20	20694e535f37373a20	20694e535f37383a20	20694e535f37393a20	20694e535f37413a20	20694e535f37423a20	20694e535f37433a20	20694e535f37443a20	20694e535f37453a20	20694e535f37463a20	20694e535f38303a20	20694e535f38313a20	20694e535f38323a20	20694e535f38333a20	20694e535f38343a20	20694e535f38353a20	20694e535f38363a20	20694e535f38373a20	20694e535f38383a20	20694e535f38393a20	20694e535f38413a20	20694e535f38423a20	20694e535f38433a20	20694e535f38443a20	20694e535f38453a20	20694e535f38463a20	20694e535f39303a20	20694e535f39313a20	20694e535f39323a20	20694e535f39333a20	20694e535f39343a20	20694e535f39353a20	20694e535f39363a20	20694e535f39373a20	20694e535f39383a20	20694e535f39393a20	20694e535f39413a20	20694e535f39423a20	20694e535f39433a20	20694e535f39443a20	20694e535f39453a20	20694e535f39463a20	20694e535f41303a20	20694e535f41313a20	20694e535f41323a20	20694e535f41333a20	20694e535f41343a20	20694e535f41353a20	20694e535f41363a20	20694e535f41373a20	20694e535f41383a20	20694e535f41393a20	20694e535f41413a20	20694e535f41423a20	20694e535f41433a20	20694e535f41443a20	20694e535f41453a20	20694e535f41463a20	20694e535f42303a20	20694e535f42313a20	20694e535f42323a20	20694e535f42333a20	20694e535f42343a20	20694e535f42353a20	20694e535f42363a20	20694e535f42373a20	20694e535f42383a20	20694e535f42393a20	20694e535f42413a20	20694e535f42423a20	20694e535f42433a20	20694e535f42443a20	20694e535f42453a20	20694e535f42463a20	20694e535f43303a20	20694e535f43313a20	20694e535f43323a20	20694e535f43333a20	20694e535f43343a20	20694e535f43353a20	20694e535f43363a20	20694e535f43373a20	20694e535f43383a20	20694e535f43393a20	20694e535f43413a20	20694e535f43423a20	20694e535f43433a20	20694e535f43443a20	20694e535f43453a20	20694e535f43463a20	20694e535f44303a20	20694e535f44313a20	20694e535f44323a20	20694e535f44333a20	20694e535f44343a20	20694e535f44353a20	20694e535f44363a20	20694e535f44373a20	20694e535f44383a20	20694e535f44393a20	20694e535f44413a20	20694e535f44423a20	20694e535f44433a20	20694e535f44443a20	20694e535f44453a20	20694e535f44463a20	20694e535f45303a20	20694e535f45313a20	20694e535f45323a20	20694e535f45333a20	20694e535f45343a20	20694e535f45353a20	20694e535f45363a20	20694e535f45373a20	20694e535f45383a20	20694e535f45393a20	20694e535f45413a20	20694e535f45423a20	20694e535f45433a20	20694e535f45443a20	20694e535f45453a20	20694e535f45463a20	20694e535f46303a20	20694e535f46313a20	20694e535f46323a20	20694e535f46333a20	20694e535f46343a20	20694e535f46353a20	20694e535f46363a20	20694e535f46373a20	20694e535f46383a20	20694e535f46393a20	20694e535f46413a20
Nula/psycho3x.a2m	AdLib Tracker 2			250	20694e535f30313a20	20694e535f30323a20	20694e535f30333a20	20694e535f30343a20	20694e535f30353a20	20694e535f30363a20	20694e535f30373a20	20694e535f30383a20	20694e535f30393a20	20694e535f30413a20	20694e535f30423a20	20694e535f30433a20	20694e535f30443a20	20694e535f30453a20	20694e535f30463a20	20694e535f31303a20	20694e535f31313a20	20694e535f31323a20	20694e535f31333a20	20694e535f31343a20	20694e535f31353a20	20694e535f31363a20	20694e535f31373a20	20694e535f31383a20	20694e535f31393a20	20694e535f31413a20	20694e535f31423a20	20694e535f31433a20	20694e535f31443a20	20694e535f31453a20	20694e535f31463a20	20694e535f32303a20	20694e535f32313a20	20694e535f32323a20	20694e535f32333a20	20694e535f32343a20	20694e535f32353a20	20694e535f32363a20	20694e535f32373a20	20694e535f32383a20	20694e535f32393a20	20694e535f32413a20	20694e535f32423a20	20694e535f32433a20	20694e535f32443a20	20694e535f32453a20	20694e535f32463a20	20694e535f33303a20	20694e535f33313a20	20694e535f33323a20	20694e535f33333a20	20694e535f33343a20	20694e535f33353a20	20694e535f33363a20	20694e535f33373a20	20694e535f33383a20	20694e535f33393a20	20694e535f33413a20	20694e535f33423a20	20694e535f33433a20	20694e535f33443a20	20694e535f33453a20	20694e535f33463a20	20694e535f34303a20	20694e535f34313a20	20694e535f34323a20	20694e535f34333a20	20694e535f34343a20	20694e535f34353a20	20694e535f34363a20	20694e535f34373a20	20694e535f34383a20	20694e535f34393a20	20694e535f34413a20	20694e535f34423a20	20694e535f34433a20	20694e535f34443a20	20694e535f34453a20	20694e535f34463a20	20694e535f35303a20	20694e535f35313a20	20694e535f35323a20	20694e535f35333a20	20694e535f35343a20	20694e535f35353a20	20694e535f35363a20	20694e535f35373a20	20694e535f35383a20	20694e535f35393a20	20694e535f35413a20	20694e535f35423a20	20694e535f35433a20	20694e535f35443a20	20694e535f35453a20	20694e535f35463a20	20694e535f36303a20	20694e535f36313a20	20694e535f36323a20	20694e535f36333a20	20694e535f36343a20	20694e535f36353a20	20694e535f36363a20	20694e535f36373a20	20694e535f36383a20	20694e535f36393a20	20694e535f36413a20	20694e535f36423a20	20694e535f36433a20	20694e535f36443a20	20694e535f36453a20	20694e535f36463a20	20694e535f37303a20	20694e535f37313a20	20694e535f37323a20	20694e535f37333a20	20694e535f37343a20	20694e535f37353a20	20694e535f37363a20	20694e535f37373a20	20694e535f37383a20	20694e535f37393a20	20694e535f37413a20	20694e535f37423a20	20694e535f37433a20	20694e535f37443a20	20694e535f37453a20	20694e535f37463a20	20694e535f38303a20	20694e535f38313a20	20694e535f38323a20	20694e535f38333a20	20694e535f38343a20	20694e535f38353a20	20694e535f38363a20	20694e535f38373a20	20694e535f38383a20	20694e535f38393a20	20694e535f38413a20	20694e535f38423a20	20694e535f38433a20	20694e535f38443a20	20694e535f38453a20	20694e535f38463a20	20694e535f39303a20	20694e535f39313a20	20694e535f39323a20	20694e535f39333a20	20694e535f39343a20	20694e535f39353a20	20694e535f39363a20	20694e535f39373a20	20694e535f39383a20	20694e535f39393a20	20694e535f39413a20	20694e535f39423a20	20694e535f39433a20	20694e535f39443a20	20694e535f39453a20	20694e535f39463a20	20694e535f41303a20	20694e535f41313a20	20694e535f41323a20	20694e535f41333a20	20694e535f41343a20	20694e535f41353a20	20694e535f41363a20	20694e535f41373a20	20694e535f41383a20	20694e535f41393a20	20694e535f41413a20	20694e535f41423a20	20694e535f41433a20	20694e535f41443a20	20694e535f41453a20	20694e535f41463a20	20694e535f42303a20	20694e535f42313a20	20694e535f42323a20	20694e535f42333a20	20694e535f42343a20	20694e535f42353a20	20694e535f42363a20	20694e535f42373a20	20694e535f42383a20	20694e535f42393a20	20694e535f42413a20	20694e535f42423a20	20694e535f42433a20	20694e535f42443a20	20694e535f42453a20	20694e535f42463a20	20694e535f43303a20	20694e535f43313a20	20694e535f43323a20	20694e535f43333a20	20694e535f43343a20	20694e535f43353a20	20694e535f43363a20	20694e535f43373a20	20694e535f43383a20	20694e535f43393a20	20694e535f43413a20	20694e535f43423a20	20694e535f43433a20	20694e535f43443a20	20694e535f43453a20	20694e535f43463a20	20694e535f44303a20	20694e535f44313a20	20694e535f44323a20	20694e535f44333a20	20694e535f44343a20	20694e535f44353a20	20694e535f44363a20	20694e535f44373a20	20694e535f44383a20	20694e535f44393a20	20694e535f44413a20	20694e535f44423a20	20694e535f44433a20	20694e535f44443a20	20694e535f44453a20	20694e535f44463a20	20694e535f45303a20	20694e535f45313a20	20694e535f45323a20	20694e535f45333a20	20694e535f45343a20	20694e535f45353a20	20694e535f45363a20	20694e535f45373a20	20694e535f45383a20	20694e535f45393a20	20694e535f45413a20	20694e535f45423a20	20694e535f45433a20	20694e535f45443a20	20694e535f45453a20	20694e535f45463a20	20694e535f46303a20	20694e535f46313a20	20694e535f46323a20	20694e535f46333a20	20694e535f46343a20	20694e535f46353a20	20694e535f46363a20	20694e535f46373a20	20694e535f46383a20	20694e535f46393a20	20694e535f46413a20
Nula/psycho5.a2m	AdLib Tracker 2			250	20694e535f30313a20	20694e535f30323a20	20694e535f30333a20	20694e535f30343a20	20694e535f30353a20	20694e535f30363a20	20694e535f30373a20	20694e535f30383a20	20694e535f30393a20	20694e535f30413a20	20694e535f30423a20	20694e535f30433a20	20694e535f30443a20	20694e535f30453a20	20694e535f30463a20	20694e535f31303a20	20694e535f31313a20	20694e535f31323a20	20694e535f31333a20	20694e535f31343a20	20694e535f31353a20	20694e535f31363a20	20694e535f31373a20	20694e535f31383a20	20694e535f31393a20	20694e535f31413a20	20694e535f31423a20	20694e535f31433a20	20694e535f31443a20	20694e535f31453a20	20694e535f31463a20	20694e535f32303a20	20694e535f32313a20	20694e535f32323a20	20694e535f32333a20	20694e535f32343a20	20694e535f32353a20	20694e535f32363a20	20694e535f32373a20	20694e535f32383a20	20694e535f32393a20	20694e535f32413a20	20694e535f32423a20	20694e535f32433a20	20694e535f32443a20	20694e535f32453a20	20694e535f32463a20	20694e535f33303a20	20694e535f33313a20	20694e535f33323a20	20694e535f33333a20	20694e535f33343a20	20694e535f33353a20	20694e535f33363a20	20694e535f33373a20	20694e535f33383a20	20694e535f33393a20	20694e535f33413a20	20694e535f33423a20	20694e535f33433a20	20694e535f33443a20	20694e535f33453a20	20694e535f33463a20	20694e535f34303a20	20694e535f34313a20	20694e535f34323a20	20694e535f34333a20	20694e535f34343a20	20694e535f34353a20	20694e535f34363a20	20694e535f34373a20	20694e535f34383a20	20694e535f34393a20	20694e535f34413a20	20694e535f34423a20	20694e535f34433a20	20694e535f34443a20	20694e535f34453a20	20694e535f34463a20	20694e535f35303a20	20694e535f35313a20	20694e535f35323a20	20694e535f35333a20	20694e535f35343a20	20694e535f35353a20	20694e535f35363a20	20694e535f35373a20	20694e535f35383a20	20694e535f35393a20	20694e535f35413a20	20694e535f35423a20	20694e535f35433a20	20694e535f35443a20	20694e535f35453a20	20694e535f35463a20	20694e535f36303a20	20694e535f36313a20	20694e535f36323a20	20694e535f36333a20	20694e535f36343a20	20694e535f36353a20	20694e535f36363a20	20694e535f36373a20	20694e535f36383a20	20694e535f36393a20	20694e535f36413a20	20694e535f36423a20	20694e535f36433a20	20694e535f36443a20	20694e535f36453a20	20694e535f36463a20	20694e535f37303a20	20694e535f37313a20	20694e535f37323a20	20694e535f37333a20	20694e535f37343a20	20694e535f37353a20	20694e535f37363a20	20694e535f37373a20	20694e535f37383a20	20694e535f37393a20	20694e535f37413a20	20694e535f37423a20	20694e535f37433a20	20694e535f37443a20	20694e535f37453a20	20694e535f37463a20	20694e535f38303a20	20694e535f38313a20	20694e535f38323a20	20694e535f38333a20	20694e535f38343a20	20694e535f38353a20	20694e535f38363a20	20694e535f38373a20	20694e535f38383a20	20694e535f38393a20	20694e535f38413a20	20694e535f38423a20	20694e535f38433a20	20694e535f38443a20	20694e535f38453a20	20694e535f38463a20	20694e535f39303a20	20694e535f39313a20	20694e535f39323a20	20694e535f39333a20	20694e535f39343a20	20694e535f39353a20	20694e535f39363a20	20694e535f39373a20	20694e535f39383a20	20694e535f39393a20	20694e535f39413a20	20694e535f39423a20	20694e535f39433a20	20694e535f39443a20	20694e535f39453a20	20694e535f39463a20	20694e535f41303a20	20694e535f41313a20	20694e535f41323a20	20694e535f41333a20	20694e535f41343a20	20694e535f41353a20	20694e535f41363a20	20694e535f41373a20	20694e535f41383a20	20694e535f41393a20	20694e535f41413a20	20694e535f41423a20	20694e535f41433a20	20694e535f41443a20	20694e535f41453a20	20694e535f41463a20	20694e535f42303a20	20694e535f42313a20	20694e535f42323a20	20694e535f42333a20	20694e535f42343a20	20694e535f42353a20	20694e535f42363a20	20694e535f42373a20	20694e535f42383a20	20694e535f42393a20	20694e535f42413a20	20694e535f42423a20	20694e535f42433a20	20694e535f42443a20	20694e535f42453a20	20694e535f42463a20	20694e535f43303a20	20694e535f43313a20	20694e535f43323a20	20694e535f43333a20	20694e535f43343a20	20694e535f43353a20	20694e535f43363a20	20694e535f43373a20	20694e535f43383a20	20694e535f43393a20	20694e535f43413a20	20694e535f43423a20	20694e535f43433a20	20694e535f43443a20	20694e535f43453a20	20694e535f43463a20	20694e535f44303a20	20694e535f44313a20	20694e535f44323a20	20694e535f44333a20	20694e535f44343a20	20694e535f44353a20	20694e535f44363a20	20694e535f44373a20	20694e535f44383a20	20694e535f44393a20	20694e535f44413a20	20694e535f44423a20	20694e535f44433a20	20694e535f44443a20	20694e535f44453a20	20694e535f44463a20	20694e535f45303a20	20694e535f45313a20	20694e535f45323a20	20694e535f45333a20	20694e535f45343a20	20694e535f45353a20	20694e535f45363a20	20694e535f45373a20	20694e535f45383a20	20694e535f45393a20	20694e535f45413a20	20694e535f45423a20	20694e535f45433a20	20694e535f45443a20	20694e535f45453a20	20694e535f45463a20	20694e535f46303a20	20694e535f46313a20	20694e535f46323a20	20694e535f46333a20	20694e535f46343a20	20694e535f46353a20	20694e535f46363a20	20694e535f46373a20	20694e535f46383a20	20694e535f46393a20	20694e535f46413a20
Nula/sparapaaczci.a2m	AdLib Tracker 2	7370617261706161637a6369	6e756c61	250	2073742d3030313a20	2073742d3030323a20	2073742d3030333a206c6561642e696e73	2073742d3030343a20737472696e6773322e696e73	2073742d3030353a206c6561642e696e73	2073742d3030363a20645f63335f3236332e613269	2073742d3030373a2061646c696220636f766572206279206e756c61	2073742d3030383a20706c696e672e636966	2073742d3030393a206869686174322e736769	2073742d3031303a20	2073742d3031313a20	2073742d3031323a20	2073742d3031333a20	2073742d3031343a20	2073742d3031353a20	2073742d3031363a20	2073742d3031373a20	2073742d3031383a20	2073742d3031393a20	2073742d3032303a20	2073742d3032313a20	2073742d3032323a20	2073742d3032333a20	2073742d3032343a20	2073742d3032353a20	2073742d3032363a20	2073742d3032373a20	2073742d3032383a20	2073742d3032393a20	2073742d3033303a20	2073742d3033313a20	2073742d3033323a20	2073742d3033333a20	2073742d3033343a20	2073742d3033353a20	2073742d3033363a20	2073742d3033373a20	2073742d3033383a20	2073742d3033393a20	2073742d3034303a20	2073742d3034313a20	2073742d3034323a20	2073742d3034333a20	2073742d3034343a20	2073742d3034353a20	2073742d3034363a20	2073742d3034373a20	2073742d3034383a20	2073742d3034393a20	2073742d3035303a20	2073742d3035313a20	2073742d3035323a20	2073742d3035333a20	2073742d3035343a20	2073742d3035353a20	2073742d3035363a20	2073742d3035373a20	2073742d3035383a20	2073742d3035393a20	2073742d3036303a20	2073742d3036313a20	2073742d3036323a20	2073742d3036333a20	2073742d3036343a20	2073742d3036353a20	2073742d3036363a20	2073742d3036373a20	2073742d3036383a20	2073742d3036393a20	2073742d3037303a20	2073742d3037313a20	2073742d3037323a20	2073742d3037333a20	2073742d3037343a20	2073742d3037353a20	2073742d3037363a20	2073742d3037373a20	2073742d3037383a20	2073742d3037393a20	2073742d3038303a20	2073742d3038313a20	2073742d3038323a20	2073742d3038333a20	2073742d3038343a20	2073742d3038353a20	2073742d3038363a20	2073742d3038373a20	2073742d3038383a20	2073742d3038393a20	2073742d3039303a20	2073742d3039313a20	2073742d3039323a20	2073742d3039333a20	2073742d3039343a20	2073742d3039353a20	2073742d3039363a20	2073742d3039373a20	2073742d3039383a20	2073742d3039393a20	2073742d3130303a20	2073742d3130313a20	2073742d3130323a20	2073742d3130333a20	2073742d3130343a20	2073742d3130353a20	2073742d3130363a20	2073742d3130373a20	2073742d3130383a20	2073742d3130393a20	2073742d3131303a20	2073742d3131313a20	2073742d3131323a20	2073742d3131333a20	2073742d3131343a20	2073742d3131353a20	2073742d3131363a20	2073742d3131373a20	2073742d3131383a20	2073742d3131393a20	2073742d3132303a20	2073742d3132313a20	2073742d3132323a20	2073742d3132333a20	2073742d3132343a20	2073742d3132353a20	2073742d3132363a20	2073742d3132373a20	2073742d3132383a20	2073742d3132393a20	2073742d3133303a20	2073742d3133313a20	2073742d3133323a20	2073742d3133333a20	2073742d3133343a20	2073742d3133353a20	2073742d3133363a20	2073742d3133373a20	2073742d3133383a20	2073742d3133393a20	2073742d3134303a20	2073742d3134313a20	2073742d3134323a20	2073742d3134333a20	2073742d3134343a20	2073742d3134353a20	2073742d3134363a20	2073742d3134373a20	2073742d3134383a20	2073742d3134393a20	2073742d3135303a20	2073742d3135313a20	2073742d3135323a20	2073742d3135333a20	2073742d3135343a20	2073742d3135353a20	2073742d3135363a20	2073742d3135373a20	2073742d3135383a20	2073742d3135393a20	2073742d3136303a20	2073742d3136313a20	2073742d3136323a20	2073742d3136333a20	2073742d3136343a20	2073742d3136353a20	2073742d3136363a20	2073742d3136373a20	2073742d3136383a20	2073742d3136393a20	2073742d3137303a20	2073742d3137313a20	2073742d3137323a20	2073742d3137333a20	2073742d3137343a20	2073742d3137353a20	2073742d3137363a20	2073742d3137373a20	2073742d3137383a20	2073742d3137393a20	2073742d3138303a20	2073742d3138313a20	2073742d3138323a20	2073742d3138333a20	2073742d3138343a20	2073742d3138353a20	2073742d3138363a20	2073742d3138373a20	2073742d3138383a20	2073742d3138393a20	2073742d3139303a20	2073742d3139313a20	2073742d3139323a20	2073742d3139333a20	2073742d3139343a20	2073742d3139353a20	2073742d3139363a20	2073742d3139373a20	2073742d3139383a20	2073742d3139393a20	2073742d3230303a20	2073742d3230313a20	2073742d3230323a20	2073742d3230333a20	2073742d3230343a20	2073742d3230353a20	2073742d3230363a20	2073742d3230373a20	2073742d3230383a20	2073742d3230393a20	2073742d3231303a20	2073742d3231313a20	2073742d3231323a20	2073742d3231333a20	2073742d3231343a20	2073742d3231353a20	2073742d3231363a20	2073742d3231373a20	2073742d3231383a20	2073742d3231393a20	2073742d3232303a20	2073742d3232313a20	2073742d3232323a20	2073742d3232333a20	2073742d3232343a20	2073742d3232353a20	2073742d3232363a20	2073742d3232373a20	2073742d3232383a20	2073742d3232393a20	2073742d3233303a20	2073742d3233313a20	2073742d3233323a20	2073742d3233333a20	2073742d3233343a20	2073742d3233353a20	2073742d3233363a20	2073742d3233373a20	2073742d3233383a20	2073742d3233393a20	2073742d3234303a20	2073742d3234313a20	2073742d3234323a20	2073742d3234333a20	2073742d3234343a20	2073742d3234353a20	2073742d3234363a20	2073742d3234373a20	2073742d3234383a20	2073742d3234393a20	2073742d3235303a20
Nula/super mario.a2m	AdLib Tracker 2			250	2073742d3030313a20202020227375706572206d6172696f22	2073742d3030323a202020202020206279206e756c61	2073742d3030333a20	2073742d3030343a20202020202d206772656565747a202d	2073742d3030353a207375627a33726f20202020202020202841543229	2073742d3030363a206361726c6f73202028667269656e647368697029	2073742d3030373a206e61677a20202020202863686970627261696e29	2073742d3030383a2072616469782020202020286f6c64736b30306c29	2073742d3030393a2064656d656e74202028667269656e647368697029	2073742d3031303a2072657a202020286368697074756e652e636f6d29	2073742d3031313a207265666c6578202028796f75206b6e6f77203a29	2073742d3031323a20	2073742d3031333a20	2073742d3031343a20	2073742d3031353a20	2073742d3031363a20	2073742d3031373a20	2073742d3031383a20	2073742d3031393a20	2073742d3032303a20	2073742d3032313a20	2073742d3032323a20	2073742d3032333a20	2073742d3032343a20	2073742d3032353a20	2073742d3032363a20	2073742d3032373a20	2073742d3032383a20	2073742d3032393a20	2073742d3033303a20	2073742d3033313a20	2073742d3033323a20	2073742d3033333a20	2073742d3033343a20	2073742d3033353a20	2073742d3033363a20	2073742d3033373a20	2073742d3033383a20	2073742d3033393a20	2073742d3034303a20	2073742d3034313a20	2073742d3034323a20	2073742d3034333a20	2073742d3034343a20	2073742d3034353a20	2073742d3034363a20	2073742d3034373a20	2073742d3034383a20	2073742d3034393a20	2073742d3035303a20	2073742d3035313a20	2073742d3035323a20	2073742d3035333a20	2073742d3035343a20	2073742d3035353a20	2073742d3035363a20	2073742d3035373a20	2073742d3035383a20	2073742d3035393a20	2073742d3036303a20	2073742d3036313a20	2073742d3036323a20	2073742d3036333a20	2073742d3036343a20	2073742d3036353a20	2073742d3036363a20	2073742d3036373a20	2073742d3036383a20	2073742d3036393a20	2073742d3037303a20	2073742d3037313a20	2073742d3037323a20	2073742d3037333a20	2073742d3037343a20	2073742d3037353a20	2073742d3037363a20	2073742d3037373a20	2073742d3037383a20	2073742d3037393a20	2073742d3038303a20	2073742d3038313a20	2073742d3038323a20	2073742d3038333a20	2073742d3038343a20	2073742d3038353a20	2073742d3038363a20	2073742d3038373a20	2073742d3038383a20	2073742d3038393a20	2073742d3039303a20	2073742d3039313a20	2073742d3039323a20	2073742d3039333a20	2073742d3039343a20	2073742d3039353a20	2073742d3039363a20	2073742d3039373a20	2073742d3039383a20	2073742d3039393a20	2073742d3130303a20	2073742d3130313a20	2073742d3130323a20	2073742d3130333a20	2073742d3130343a20	2073742d3130353a20	2073742d3130363a20	2073742d3130373a20	2073742d3130383a20	2073742d3130393a20	2073742d3131303a20	2073742d3131313a20	2073742d3131323a20	2073742d3131333a20	2073742d3131343a20	2073742d3131353a20	2073742d3131363a20	2073742d3131373a20	2073742d3131383a20	2073742d3131393a20	2073742d3132303a20	2073742d3132313a20	2073742d3132323a20	2073742d3132333a20	2073742d3132343a20	2073742d3132353a20	2073742d3132363a20	2073742d3132373a20	2073742d3132383a20	2073742d3132393a20	2073742d3133303a20	2073742d3133313a20	2073742d3133323a20	2073742d3133333a20	2073742d3133343a20	2073742d3133353a20	2073742d3133363a20	2073742d3133373a20	2073742d3133383a20	2073742d3133393a20	2073742d3134303a20	2073742d3134313a20	2073742d3134323a20	2073742d3134333a20	2073742d3134343a20	2073742d3134353a20	2073742d3134363a20	2073742d3134373a20	2073742d3134383a20	2073742d3134393a20	2073742d3135303a20	2073742d3135313a20	2073742d3135323a20	2073742d3135333a20	2073742d3135343a20	2073742d3135353a20	2073742d3135363a20	2073742d3135373a20	2073742d3135383a20	2073742d3135393a20	2073742d3136303a20	2073742d3136313a20	2073742d3136323a20	2073742d3136333a20	2073742d3136343a20	2073742d3136353a20	2073742d3136363a20	2073742d3136373a20	2073742d3136383a20	2073742d3136393a20	2073742d3137303a20	2073742d3137313a20	2073742d3137323a20	2073742d3137333a20	2073742d3137343a20	2073742d3137353a20	2073742d3137363a20	2073742d3137373a20	2073742d3137383a20	2073742d3137393a20	2073742d3138303a20	2073742d3138313a20	2073742d3138323a20	2073742d3138333a20	2073742d3138343a20	2073742d3138353a20	2073742d3138363a20	2073742d3138373a20	2073742d3138383a20	2073742d3138393a20	2073742d3139303a20	2073742d3139313a20	2073742d3139323a20	2073742d3139333a20	2073742d3139343a20	2073742d3139353a20	2073742d3139363a20	2073742d3139373a20	2073742d3139383a20	2073742d3139393a20	2073742d3230303a20	2073742d3230313a20	2073742d3230323a20	2073742d3230333a20	2073742d3230343a20	2073742d3230353a20	2073742d3230363a20	2073742d3230373a20	2073742d3230383a20	2073742d3230393a20	2073742d3231303a20	2073742d3231313a20	2073742d3231323a20	2073742d3231333a20	2073742d3231343a20	2073742d3231353a20	2073742d3231363a20	2073742d3231373a20	2073742d3231383a20	2073742d3231393a20	2073742d3232303a20	2073742d3232313a20	2073742d3232323a20	2073742d3232333a20	2073742d3232343a20	2073742d3232353a20	2073742d3232363a20	2073742d3232373a20	2073742d3232383a20	2073742d3232393a20	2073742d3233303a20	2073742d3233313a20	2073742d3233323a20	2073742d3233333a20	2073742d3233343a20	2073742d3233353a20	2073742d3233363a20	2073742d3233373a20	2073742d3233383a20	2073742d3233393a20	2073742d3234303a20	2073742d3234313a20	2073742d3234323a20	2073742d3234333a20	2073742d3234343a20	2073742d3234353a20	2073742d3234363a20	2073742d3234373a20	2073742d3234383a20	2073742d3234393a20	2073742d3235303a20
Nula/unreal.a2m	AdLib Tracker 2			250	2073742d3030313a20776f6974656b2073757065726865726f207468656d65	2073742d3030323a20	2073742d3030333a20	2073742d3030343a20	2073742d3030353a20	2073742d3030363a20	2073742d3030373a20	2073742d3030383a20	2073742d3030393a20	2073742d3031303a20	2073742d3031313a20	2073742d3031323a20	2073742d3031333a20	2073742d3031343a20	2073742d3031353a20	2073742d3031363a20	2073742d3031373a20	2073742d3031383a20	2073742d3031393a20	2073742d3032303a20	2073742d3032313a20	2073742d3032323a20	2073742d3032333a20	2073742d3032343a20	2073742d3032353a20	2073742d3032363a20	2073742d3032373a20	2073742d3032383a20	2073742d3032393a20	2073742d3033303a20	2073742d3033313a20	2073742d3033323a20	2073742d3033333a20	2073742d3033343a20	2073742d3033353a20	2073742d3033363a20	2073742d3033373a20	2073742d3033383a20	2073742d3033393a20	2073742d3034303a20	2073742d3034313a20	2073742d3034323a20	2073742d3034333a20	2073742d3034343a20	2073742d3034353a20	2073742d3034363a20	2073742d3034373a20	2073742d3034383a20	2073742d3034393a20	2073742d3035303a20	2073742d3035313a20	2073742d3035323a20	2073742d3035333a20	2073742d3035343a20	2073742d3035353a20	2073742d3035363a20	2073742d3035373a20	2073742d3035383a20	2073742d3035393a20	2073742d3036303a20	2073742d3036313a20	2073742d3036323a20	2073742d3036333a20	2073742d3036343a20	2073742d3036353a20	2073742d3036363a20	2073742d3036373a20	2073742d3036383a20	2073742d3036393a20	2073742d3037303a20	2073742d3037313a20	2073742d3037323a20	2073742d3037333a20	2073742d3037343a20	2073742d3037353a20	2073742d3037363a20	2073742d3037373a20	2073742d3037383a20	2073742d3037393a20	2073742d3038303a20	2073742d3038313a20	2073742d3038323a20	2073742d3038333a20	2073742d3038343a20	2073742d3038353a20	2073742d3038363a20	2073742d3038373a20	2073742d3038383a20	2073742d3038393a20	2073742d3039303a20	2073742d3039313a20	2073742d3039323a20	2073742d3039333a20	2073742d3039343a20	2073742d3039353a20	2073742d3039363a20	2073742d3039373a20	2073742d3039383a20	2073742d3039393a20	2073742d3130303a20	2073742d3130313a20	2073742d3130323a20	2073742d3130333a20	2073742d3130343a20	2073742d3130353a20	2073742d3130363a20	2073742d3130373a20	2073742d3130383a20	2073742d3130393a20	2073742d3131303a20	2073742d3131313a20	2073742d3131323a20	2073742d3131333a20	2073742d3131343a20	2073742d3131353a20	2073742d3131363a20	2073742d3131373a20	2073742d3131383a20	2073742d3131393a20	2073742d3132303a20	2073742d3132313a20	2073742d3132323a20	2073742d3132333a20	2073742d3132343a20	2073742d3132353a20	2073742d3132363a20	2073742d3132373a20	2073742d3132383a20	2073742d3132393a20	2073742d3133303a20	2073742d3133313a20	2073742d3133323a20	2073742d3133333a20	2073742d3133343a20	2073742d3133353a20	2073742d3133363a20	2073742d3133373a20	2073742d3133383a20	2073742d3133393a20	2073742d3134303a20	2073742d3134313a20	2073742d3134323a20	2073742d3134333a20	2073742d3134343a20	2073742d3134353a20	2073742d3134363a20	2073742d3134373a20	2073742d3134383a20	2073742d3134393a20	2073742d3135303a20	2073742d3135313a20	2073742d3135323a20	2073742d3135333a20	2073742d3135343a20	2073742d3135353a20	2073742d3135363a20	2073742d3135373a20	2073742d3135383a20	2073742d3135393a20	2073742d3136303a20	2073742d3136313a20	2073742d3136323a20	2073742d3136333a20	2073742d3136343a20	2073742d3136353a20	2073742d3136363a20	2073742d3136373a20	2073742d3136383a20	2073742d3136393a20	2073742d3137303a20	2073742d3137313a20	2073742d3137323a20	2073742d3137333a20	2073742d3137343a20	2073742d3137353a20	2073742d3137363a20	2073742d3137373a20	2073742d3137383a20	2073742d3137393a20	2073742d3138303a20	2073742d3138313a20	2073742d3138323a20	2073742d3138333a20	2073742d3138343a20	2073742d3138353a20	2073742d3138363a20	2073742d3138373a20	2073742d3138383a20	2073742d3138393a20	2073742d3139303a20	2073742d3139313a20	2073742d3139323a20	2073742d3139333a20	2073742d3139343a20	2073742d3139353a20	2073742d3139363a20	2073742d3139373a20	2073742d3139383a20	2073742d3139393a20	2073742d3230303a20	2073742d3230313a20	2073742d3230323a20	2073742d3230333a20	2073742d3230343a20	2073742d3230353a20	2073742d3230363a20	2073742d3230373a20	2073742d3230383a20	2073742d3230393a20	2073742d3231303a20	2073742d3231313a20	2073742d3231323a20	2073742d3231333a20	2073742d3231343a20	2073742d3231353a20	2073742d3231363a20	2073742d3231373a20	2073742d3231383a20	2073742d3231393a20	2073742d3232303a20	2073742d3232313a20	2073742d3232323a20	2073742d3232333a20	2073742d3232343a20	2073742d3232353a20	2073742d3232363a20	2073742d3232373a20	2073742d3232383a20	2073742d3232393a20	2073742d3233303a20	2073742d3233313a20	2073742d3233323a20	2073742d3233333a20	2073742d3233343a20	2073742d3233353a20	2073742d3233363a20	2073742d3233373a20	2073742d3233383a20	2073742d3233393a20	2073742d3234303a20	2073742d3234313a20	2073742d3234323a20	2073742d3234333a20	2073742d3234343a20	2073742d3234353a20	2073742d3234363a20	2073742d3234373a20	2073742d3234383a20	2073742d3234393a20	2073742d3235303a20
Nula/unreal2.a2m	AdLib Tracker 2			250	2073742d3030313a20202062792052657a2f2045636c69707365	2073742d3030323a20	2073742d3030333a2061646c696220636f766572206279206e756c61	2073742d3030343a20	2073742d3030353a20	2073742d3030363a20	2073742d3030373a20666f72206d7920737570657220776f6974656b	2073742d3030383a20	2073742d3030393a2020686f70652055206c696b65206974203a29	2073742d3031303a20	2073742d3031313a20	2073742d3031323a20	2073742d3031333a20	2073742d3031343a20	2073742d3031353a20	2073742d3031363a20	2073742d3031373a20	2073742d3031383a20	2073742d3031393a20	2073742d3032303a20	2073742d3032313a20	2073742d3032323a20	2073742d3032333a20	2073742d3032343a20	2073742d3032353a20	2073742d3032363a20	2073742d3032373a20	2073742d3032383a20	2073742d3032393a20	2073742d3033303a20	2073742d3033313a20	2073742d3033323a20	2073742d3033333a20	2073742d3033343a20	2073742d3033353a20	2073742d3033363a20	2073742d3033373a20	2073742d3033383a20	2073742d3033393a20	2073742d3034303a20	2073742d3034313a20	2073742d3034323a20	2073742d3034333a20	2073742d3034343a20	2073742d3034353a20	2073742d3034363a20	2073742d3034373a20	2073742d3034383a20	2073742d3034393a20	2073742d3035303a20	2073742d3035313a20	2073742d3035323a20	2073742d3035333a20	2073742d3035343a20	2073742d3035353a20	2073742d3035363a20	2073742d3035373a20	2073742d3035383a20	2073742d3035393a20	2073742d3036303a20	2073742d3036313a20	2073742d3036323a20	2073742d3036333a20	2073742d3036343a20	2073742d3036353a20	2073742d3036363a20	2073742d3036373a20	2073742d3036383a20	2073742d3036393a20	2073742d3037303a20	2073742d3037313a20	2073742d3037323a20	2073742d3037333a20	2073742d3037343a20	2073742d3037353a20	2073742d3037363a20	2073742d3037373a20	2073742d3037383a20	2073742d3037393a20	2073742d3038303a20	2073742d3038313a20	2073742d3038323a20	2073742d3038333a20	2073742d3038343a20	2073742d3038353a20	2073742d3038363a20	2073742d3038373a20	2073742d3038383a20	2073742d3038393a20	2073742d3039303a20	2073742d3039313a20	2073742d3039323a20	2073742d3039333a20	2073742d3039343a20	2073742d3039353a20	2073742d3039363a20	2073742d3039373a20	2073742d3039383a20	2073742d3039393a20	2073742d3130303a20	2073742d3130313a20	2073742d3130323a20	2073742d3130333a20	2073742d3130343a20	2073742d3130353a20	2073742d3130363a20	2073742d3130373a20	2073742d3130383a20	2073742d3130393a20	2073742d3131303a20	2073742d3131313a20	2073742d3131323a20	2073742d3131333a20	2073742d3131343a20	2073742d3131353a20	2073742d3131363a20	2073742d3131373a20	2073742d3131383a20	2073742d3131393a20	2073742d3132303a20	2073742d3132313a20	2073742d3132323a20	2073742d3132333a20	2073742d3132343a20	2073742d3132353a20	2073742d3132363a20	2073742d3132373a20	2073742d3132383a20	2073742d3132393a20	2073742d3133303a20	2073742d3133313a20	2073742d3133323a20	2073742d3133333a20	2073742d3133343a20	2073742d3133353a20	2073742d3133363a20	2073742d3133373a20	2073742d3133383a20	2073742d3133393a20	2073742d3134303a20	2073742d3134313a20	2073742d3134323a20	2073742d3134333a20	2073742d3134343a20	2073742d3134353a20	2073742d3134363a20	2073742d3134373a20	2073742d3134383a20	2073742d3134393a20	2073742d3135303a20	2073742d3135313a20	2073742d3135323a20	2073742d3135333a20	2073742d3135343a20	2073742d3135353a20	2073742d3135363a20	2073742d3135373a20	2073742d3135383a20	2073742d3135393a20	2073742d3136303a20	2073742d3136313a20	2073742d3136323a20	2073742d3136333a20	2073742d3136343a20	2073742d3136353a20	2073742d3136363a20	2073742d3136373a20	2073742d3136383a20	2073742d3136393a20	2073742d3137303a20	2073742d3137313a20	2073742d3137323a20	2073742d3137333a20	2073742d3137343a20	2073742d3137353a20	2073742d3137363a20	2073742d3137373a20	2073742d3137383a20	2073742d3137393a20	2073742d3138303a20	2073742d3138313a20	2073742d3138323a20	2073742d3138333a20	2073742d3138343a20	2073742d3138353a20	2073742d3138363a20	2073742d3138373a20	2073742d3138383a20	2073742d3138393a20	2073742d3139303a20	2073742d3139313a20	2073742d3139323a20	2073742d3139333a20	2073742d3139343a20	2073742d3139353a20	2073742d3139363a20	2073742d3139373a20	2073742d3139383a20	2073742d3139393a20	2073742d3230303a20	2073742d3230313a20	2073742d3230323a20	2073742d3230333a20	2073742d3230343a20	2073742d3230353a20	2073742d3230363a20	2073742d3230373a20	2073742d3230383a20	2073742d3230393a20	2073742d3231303a20	2073742d3231313a20	2073742d3231323a20	2073742d3231333a20	2073742d3231343a20	2073742d3231353a20	2073742d3231363a20	2073742d3231373a20	2073742d3231383a20	2073742d3231393a20	2073742d3232303a20	2073742d3232313a20	2073742d3232323a20	2073742d3232333a20	2073742d3232343a20	2073742d3232353a20	2073742d3232363a20	2073742d3232373a20	2073742d3232383a20	2073742d3232393a20	2073742d3233303a20	2073742d3233313a20	2073742d3233323a20	2073742d3233333a20	2073742d3233343a20	2073742d3233353a20	2073742d3233363a20	2073742d3233373a20	2073742d3233383a20	2073742d3233393a20	2073742d3234303a20	2073742d3234313a20	2073742d3234323a20	2073742d3234333a20	2073742d3234343a20	2073742d3234353a20	2073742d3234363a20	2073742d3234373a20	2073742d3234383a20	2073742d3234393a20	2073742d3235303a20
Nula/worms.a2m	AdLib Tracker 2			250	2073742d3030313a20	2073742d3030323a20	2073742d3030333a20	2073742d3030343a20	2073742d3030353a20	2073742d3030363a20	2073742d3030373a20	2073742d3030383a20	2073742d3030393a20	2073742d3031303a20	2073742d3031313a20	2073742d3031323a20	2073742d3031333a20	2073742d3031343a20	2073742d3031353a20	2073742d3031363a20	2073742d3031373a20	2073742d3031383a20	2073742d3031393a20	2073742d3032303a20	2073742d3032313a20	2073742d3032323a20	2073742d3032333a20	2073742d3032343a20	2073742d3032353a20	2073742d3032363a20	2073742d3032373a20	2073742d3032383a20	2073742d3032393a20	2073742d3033303a20	2073742d3033313a20	2073742d3033323a20	2073742d3033333a20	2073742d3033343a20	2073742d3033353a20	2073742d3033363a20	2073742d3033373a20	2073742d3033383a20	2073742d3033393a20	2073742d3034303a20	2073742d3034313a20	2073742d3034323a20	2073742d3034333a20	2073742d3034343a20	2073742d3034353a20	2073742d3034363a20	2073742d3034373a20	2073742d3034383a20	2073742d3034393a20	2073742d3035303a20	2073742d3035313a20	2073742d3035323a20	2073742d3035333a20	2073742d3035343a20	2073742d3035353a20	2073742d3035363a20	2073742d3035373a20	2073742d3035383a20	2073742d3035393a20	2073742d3036303a20	2073742d3036313a20	2073742d3036323a20	2073742d3036333a20	2073742d3036343a20	2073742d3036353a20	2073742d3036363a20	2073742d3036373a20	2073742d3036383a20	2073742d3036393a20	2073742d3037303a20	2073742d3037313a20	2073742d3037323a20	2073742d3037333a20	2073742d3037343a20	2073742d3037353a20	2073742d3037363a20	2073742d3037373a20	2073742d3037383a20	2073742d3037393a20	2073742d3038303a20	2073742d3038313a20	2073742d3038323a20	2073742d3038333a20	2073742d3038343a20	2073742d3038353a20	2073742d3038363a20	2073742d3038373a20	2073742d3038383a20	2073742d3038393a20	2073742d3039303a20	2073742d3039313a20	2073742d3039323a20	2073742d3039333a20	2073742d3039343a20	2073742d3039353a20	2073742d3039363a20	2073742d3039373a20	2073742d3039383a20	2073742d3039393a20	2073742d3130303a20	2073742d3130313a20	2073742d3130323a20	2073742d3130333a20	2073742d3130343a20	2073742d3130353a20	2073742d3130363a20	2073742d3130373a20	2073742d3130383a20	2073742d3130393a20	2073742d3131303a20	2073742d3131313a20	2073742d3131323a20	2073742d3131333a20	2073742d3131343a20	2073742d3131353a20	2073742d3131363a20	2073742d3131373a20	2073742d3131383a20	2073742d3131393a20	2073742d3132303a20	2073742d3132313a20	2073742d3132323a20	2073742d3132333a20	2073742d3132343a20	2073742d3132353a20	2073742d3132363a20	2073742d3132373a20	2073742d3132383a20	2073742d3132393a20	2073742d3133303a20	2073742d3133313a20	2073742d3133323a20	2073742d3133333a20	2073742d3133343a20	2073742d3133353a20	2073742d3133363a20	2073742d3133373a20	2073742d3133383a20	2073742d3133393a20	2073742d3134303a20	2073742d3134313a20	2073742d3134323a20	2073742d3134333a20	2073742d3134343a20	2073742d3134353a20	2073742d3134363a20	2073742d3134373a20	2073742d3134383a20	2073742d3134393a20	2073742d3135303a20	2073742d3135313a20	2073742d3135323a20	2073742d3135333a20	2073742d3135343a20	2073742d3135353a20	2073742d3135363a20	2073742d3135373a20	2073742d3135383a20	2073742d3135393a20	2073742d3136303a20	2073742d3136313a20	2073742d3136323a20	2073742d3136333a20	2073742d3136343a20	2073742d3136353a20	2073742d3136363a20	2073742d3136373a20	2073742d3136383a20	2073742d3136393a20	2073742d3137303a20	2073742d3137313a20	2073742d3137323a20	2073742d3137333a20	2073742d3137343a20	2073742d3137353a20	2073742d3137363a20	2073742d3137373a20	2073742d3137383a20	2073742d3137393a20	2073742d3138303a20	2073742d3138313a20	2073742d3138323a20	2073742d3138333a20	2073742d3138343a20	2073742d3138353a20	2073742d3138363a20	2073742d3138373a20	2073742d3138383a20	2073742d3138393a20	2073742d3139303a20	2073742d3139313a20	2073742d3139323a20	2073742d3139333a20	2073742d3139343a20	2073742d3139353a20	2073742d3139363a20	2073742d3139373a20	2073742d3139383a20	2073742d3139393a20	2073742d3230303a20	2073742d3230313a20	2073742d3230323a20	2073742d3230333a20	2073742d3230343a20	2073742d3230353a20	2073742d3230363a20	2073742d3230373a20	2073742d3230383a20	2073742d3230393a20	2073742d3231303a20	2073742d3231313a20	2073742d3231323a20	2073742d3231333a20	2073742d3231343a20	2073742d3231353a20	2073742d3231363a20	2073742d3231373a20	2073742d3231383a20	2073742d3231393a20	2073742d3232303a20	2073742d3232313a20	2073742d3232323a20	2073742d3232333a20	2073742d3232343a20	2073742d3232353a20	2073742d3232363a20	2073742d3232373a20	2073742d3232383a20	2073742d3232393a20	2073742d3233303a20	2073742d3233313a20	2073742d3233323a20	2073742d3233333a20	2073742d3233343a20	2073742d3233353a20	2073742d3233363a20	2073742d3233373a20	2073742d3233383a20	2073742d3233393a20	2073742d3234303a20	2073742d3234313a20	2073742d3234323a20	2073742d3234333a20	2073742d3234343a20	2073742d3234353a20	2073742d3234363a20	2073742d3234373a20	2073742d3234383a20	2073742d3234393a20	2073742d3235303a20
Nula/zalza (gote gar pa tivoli).a2m	AdLib Tracker 2			250	20694e535f30313a20206794746520678672207086207469766f6c69	20694e535f30323a2020627920616c657373616e64726f7a616c7a61	20694e535f30333a20	20694e535f30343a2020202d61646c696220636f7665722062792d	20694e535f30353a2020202d2d2d2d2d2d6e756c612d2d2d2d2d2d	20694e535f30363a20	20694e535f30373a20	20694e535f30383a20	20694e535f30393a20	20694e535f30413a20	20694e535f30423a20	20694e535f30433a20	20694e535f30443a20	20694e535f30453a20	20694e535f30463a20	20694e535f31303a20	20694e535f31313a20	20694e535f31323a20	20694e535f31333a20	20694e535f31343a20	20694e535f31353a20	20694e535f31363a20	20694e535f31373a20	20694e535f31383a20	20694e535f31393a20	20694e535f31413a20	20694e535f31423a20	20694e535f31433a20	20694e535f31443a20	20694e535f31453a20	20694e535f31463a20	20694e535f32303a20	20694e535f32313a20	20694e535f32323a20	20694e535f32333a20	20694e535f32343a20	20694e535f32353a20	20694e535f32363a20	20694e535f32373a20	20694e535f32383a20	20694e535f32393a20	20694e535f32413a20	20694e535f32423a20	20694e535f32433a20	20694e535f32443a20	20694e535f32453a20	20694e535f32463a20	20694e535f33303a20	20694e535f33313a20	20694e535f33323a20	20694e535f33333a20	20694e535f33343a20	20694e535f33353a20	20694e535f33363a20	20694e535f33373a20	20694e535f33383a20	20694e535f33393a20	20694e535f33413a20	20694e535f33423a20	20694e535f33433a20	20694e535f33443a20	20694e535f33453a20	20694e535f33463a20	20694e535f34303a20	20694e535f34313a20	20694e535f34323a20	20694e535f34333a20	20694e535f34343a20	20694e535f34353a20	20694e535f34363a20	20694e535f34373a20	20694e535f34383a20	20694e535f34393a20	20694e535f34413a20	20694e535f34423a20	20694e535f34433a20	20694e535f34443a20	20694e535f34453a20	20694e535f34463a20	20694e535f35303a20	20694e535f35313a20	20694e535f35323a20	20694e535f35333a20	20694e535f35343a20	20694e535f35353a20	20694e535f35363a20	20694e535f35373a20	20694e535f35383a20	20694e535f35393a20	20694e535f35413a20	20694e535f35423a20	20694e535f35433a20	20694e535f35443a20	20694e535f35453a20	20694e535f35463a20	20694e535f36303a20	20694e535f36313a20	20694e535f36323a20	20694e535f36333a20	20694e535f36343a20	20694e535f36353a20	20694e535f36363a20	20694e535f36373a20	20694e535f36383a20	20694e535f36393a20	20694e535f36413a20	20694e535f36423a20	20694e535f36433a20	20694e535f36443a20	20694e535f36453a20	20694e535f36463a20	20694e535f37303a20	20694e535f37313a20	20694e535f37323a20	20694e535f37333a20	20694e535f37343a20	20694e535f37353a20	20694e535f37363a20	20694e535f37373a20	20694e535f37383a20	20694e535f37393a20	20694e535f37413a20	20694e535f37423a20	20694e535f37433a20	20694e535f37443a20	20694e535f37453a20	20694e535f37463a20	20694e535f38303a20	20694e535f38313a20	20694e535f38323a20	20694e535f38333a20	20694e535f38343a20	20694e535f38353a20	20694e535f38363a20	20694e535f38373a20	20694e535f38383a20	20694e535f38393a20	20694e535f38413a20	20694e535f38423a20	20694e535f38433a20	20694e535f38443a20	20694e535f38453a20	20694e535f38463a20	20694e535f39303a20	20694e535f39313a20	20694e535f39323a20	20694e535f39333a20	20694e535f39343a20	20694e535f39353a20	20694e535f39363a20	20694e535f39373a20	20694e535f39383a20	20694e535f39393a20	20694e535f39413a20	20694e535f39423a20	20694e535f39433a20	20694e535f39443a20	20694e535f39453a20	20694e535f39463a20	20694e535f41303a20	20694e535f41313a20	20694e535f41323a20	20694e535f41333a20	20694e535f41343a20	20694e535f41353a20	20694e535f41363a20	20694e535f41373a20	20694e535f41383a20	20694e535f41393a20	20694e535f41413a20	20694e535f41423a20	20694e535f41433a20	20694e535f41443a20	20694e535f41453a20	20694e535f41463a20	20694e535f42303a20	20694e535f42313a20	20694e535f42323a20	20694e535f42333a20	20694e535f42343a20	20694e535f42353a20	20694e535f42363a20	20694e535f42373a20	20694e535f42383a20	20694e535f42393a20	20694e535f42413a20	20694e535f42423a20	20694e535f42433a20	20694e535f42443a20	20694e535f42453a20	20694e535f42463a20	20694e535f43303a20	20694e535f43313a20	20694e535f43323a20	20694e535f43333a20	20694e535f43343a20	20694e535f43353a20	20694e535f43363a20	20694e535f43373a20	20694e535f43383a20	20694e535f43393a20	20694e535f43413a20	20694e535f43423a20	20694e535f43433a20	20694e535f43443a20	20694e535f43453a20	20694e535f43463a20	20694e535f44303a20	20694e535f44313a20	20694e535f44323a20	20694e535f44333a20	20694e535f44343a20	20694e535f44353a20	20694e535f44363a20	20694e535f44373a20	20694e535f44383a20	20694e535f44393a20	20694e535f44413a20	20694e535f44423a20	20694e535f44433a20	20694e535f44443a20	20694e535f44453a20	20694e535f44463a20	20694e535f45303a20	20694e535f45313a20	20694e535f45323a20	20694e535f45333a20	20694e535f45343a20	20694e535f45353a20	20694e535f45363a20	20694e535f45373a20	20694e535f45383a20	20694e535f45393a20	20694e535f45413a20	20694e535f45423a20	20694e535f45433a20	20694e535f45443a20	20694e535f45453a20	20694e535f45463a20	20694e535f46303a20	20694e535f46313a20	20694e535f46323a20	20694e535f46333a20	20694e535f46343a20	20694e535f46353a20	20694e535f46363a20	20694e535f46373a20	20694e535f46383a20	20694e535f46393a20	20694e535f46413a20
Nula/zandax.a2m	AdLib Tracker 2			250	2073742d3030313a20	2073742d3030323a20	2073742d3030333a20	2073742d3030343a20	2073742d3030353a20	2073742d3030363a20	2073742d3030373a20	2073742d3030383a20	2073742d3030393a20	2073742d3031303a20	2073742d3031313a20	2073742d3031323a20	2073742d3031333a20	2073742d3031343a20	2073742d3031353a20	2073742d3031363a20	2073742d3031373a20	2073742d3031383a20	2073742d3031393a20	2073742d3032303a20	2073742d3032313a20	2073742d3032323a20	2073742d3032333a20	2073742d3032343a20	2073742d3032353a20	2073742d3032363a20	2073742d3032373a20	2073742d3032383a20	2073742d3032393a20	2073742d3033303a20	2073742d3033313a20	2073742d3033323a20	2073742d3033333a20	2073742d3033343a20	2073742d3033353a20	2073742d3033363a20	2073742d3033373a20	2073742d3033383a20	2073742d3033393a20	2073742d3034303a20	2073742d3034313a20	2073742d3034323a20	2073742d3034333a20	2073742d3034343a20	2073742d3034353a20	2073742d3034363a20	2073742d3034373a20	2073742d3034383a20	2073742d3034393a20	2073742d3035303a20	2073742d3035313a20	2073742d3035323a20	2073742d3035333a20	2073742d3035343a20	2073742d3035353a20	2073742d3035363a20	2073742d3035373a20	2073742d3035383a20	2073742d3035393a20	2073742d3036303a20	2073742d3036313a20	2073742d3036323a20	2073742d3036333a20	2073742d3036343a20	2073742d3036353a20	2073742d3036363a20	2073742d3036373a20	2073742d3036383a20	2073742d3036393a20	2073742d3037303a20	2073742d3037313a20	2073742d3037323a20	2073742d3037333a20	2073742d3037343a20	2073742d3037353a20	2073742d3037363a20	2073742d3037373a20	2073742d3037383a20	2073742d3037393a20	2073742d3038303a20	2073742d3038313a20	2073742d3038323a20	2073742d3038333a20	2073742d3038343a20	2073742d3038353a20	2073742d3038363a20	2073742d3038373a20	2073742d3038383a20	2073742d3038393a20	2073742d3039303a20	2073742d3039313a20	2073742d3039323a20	2073742d3039333a20	2073742d3039343a20	2073742d3039353a20	2073742d3039363a20	2073742d3039373a20	2073742d3039383a20	2073742d3039393a20	2073742d3130303a20	2073742d3130313a20	2073742d3130323a20	2073742d3130333a20	2073742d3130343a20	2073742d3130353a20	2073742d3130363a20	2073742d3130373a20	2073742d3130383a20	2073742d3130393a20	2073742d3131303a20	2073742d3131313a20	2073742d3131323a20	2073742d3131333a20	2073742d3131343a20	2073742d3131353a20	2073742d3131363a20	2073742d3131373a20	2073742d3131383a20	2073742d3131393a20	2073742d3132303a20	2073742d3132313a20	2073742d3132323a20	2073742d3132333a20	2073742d3132343a20	2073742d3132353a20	2073742d3132363a20	2073742d3132373a20	2073742d3132383a20	2073742d3132393a20	2073742d3133303a20	2073742d3133313a20	2073742d3133323a20	2073742d3133333a20	2073742d3133343a20	2073742d3133353a20	2073742d3133363a20	2073742d3133373a20	2073742d3133383a20	2073742d3133393a20	2073742d3134303a20	2073742d3134313a20	2073742d3134323a20	2073742d3134333a20	2073742d3134343a20	2073742d3134353a20	2073742d3134363a20	2073742d3134373a20	2073742d3134383a20	2073742d3134393a20	2073742d3135303a20	2073742d3135313a20	2073742d3135323a20	2073742d3135333a20	2073742d3135343a20	2073742d3135353a20	2073742d3135363a20	2073742d3135373a20	2073742d3135383a20	2073742d3135393a20	2073742d3136303a20	2073742d3136313a20	2073742d3136323a20	2073742d3136333a20	2073742d3136343a20	2073742d3136353a20	2073742d3136363a20	2073742d3136373a20	2073742d3136383a20	2073742d3136393a20	2073742d3137303a20	2073742d3137313a20	2073742d3137323a20	2073742d3137333a20	2073742d3137343a20	2073742d3137353a20	2073742d3137363a20	2073742d3137373a20	2073742d3137383a20	2073742d3137393a20	2073742d3138303a20	2073742d3138313a20	2073742d3138323a20	2073742d3138333a20	2073742d3138343a20	2073742d3138353a20	2073742d3138363a20	2073742d3138373a20	2073742d3138383a20	2073742d3138393a20	2073742d3139303a20	2073742d3139313a20	2073742d3139323a20	2073742d3139333a20	2073742d3139343a20	2073742d3139353a20	2073742d3139363a20	2073742d3139373a20	2073742d3139383a20	2073742d3139393a20	2073742d3230303a20	2073742d3230313a20	2073742d3230323a20	2073742d3230333a20	2073742d3230343a20	2073742d3230353a20	2073742d3230363a20	2073742d3230373a20	2073742d3230383a20	2073742d3230393a20	2073742d3231303a20	2073742d3231313a20	2073742d3231323a20	2073742d3231333a20	2073742d3231343a20	2073742d3231353a20	2073742d3231363a20	2073742d3231373a20	2073742d3231383a20	2073742d3231393a20	2073742d3232303a20	2073742d3232313a20	2073742d3232323a20	2073742d3232333a20	2073742d3232343a20	2073742d3232353a20	2073742d3232363a20	2073742d3232373a20	2073742d3232383a20	2073742d3232393a20	2073742d3233303a20	2073742d3233313a20	2073742d3233323a20	2073742d3233333a20	2073742d3233343a20	2073742d3233353a20	2073742d3233363a20	2073742d3233373a20	2073742d3233383a20	2073742d3233393a20	2073742d3234303a20	2073742d3234313a20	2073742d3234323a20	2073742d3234333a20	2073742d3234343a20	2073742d3234353a20	2073742d3234363a20	2073742d3234373a20	2073742d3234383a20	2073742d3234393a20	2073742d3235303a20
Nula/zen-bowling.a2m	AdLib Tracker 2	7a656e2d626f776c696e67	74656d706573742c2061646c696220636f766572206279206e756c61203a29	250	20694e535f30313a20677265656565747a3a	20694e535f30323a207375627a33726f2c206d616c66756e6374696f6e2c	20694e535f30333a2072616469782c2072657a2c206c6f6f6e69652c	20694e535f30343a206c65736e696b2c206465656d656e742c20616c6c	20694e535f30353a2061646c6962206d75736963206c6f766572732c	20694e535f30363a20616c6c206368697074756e65206c6f766572732c	20694e535f30373a20616c6c20737065636379206c6f766572732c	20694e535f30383a20616c6c20633634206c6f766572732c	20694e535f30393a20616c6c206174617269206c6f766572732c2e2e2e	20694e535f30413a20	20694e535f30423a20	20694e535f30433a20	20694e535f30443a20	20694e535f30453a20	20694e535f30463a20	20694e535f31303a20	20694e535f31313a20	20694e535f31323a20	20694e535f31333a20	20694e535f31343a20	20694e535f31353a20	20694e535f31363a20	20694e535f31373a20	20694e535f31383a20	20694e535f31393a20	20694e535f31413a20	20694e535f31423a20	20694e535f31433a20	20694e535f31443a20	20694e535f31453a20	20694e535f31463a20	20694e535f32303a20	20694e535f32313a20	20694e535f32323a20	20694e535f32333a20	20694e535f32343a20	20694e535f32353a20	20694e535f32363a20	20694e535f32373a20	20694e535f32383a20	20694e535f32393a20	20694e535f32413a20	20694e535f32423a20	20694e535f32433a20	20694e535f32443a20	20694e535f32453a20	20694e535f32463a20	20694e535f33303a20	20694e535f33313a20	20694e535f33323a20	20694e535f33333a20	20694e535f33343a20	20694e535f33353a20	20694e535f33363a20	20694e535f33373a20	20694e535f33383a20	20694e535f33393a20	20694e535f33413a20	20694e535f33423a20	20694e535f33433a20	20694e535f33443a20	20694e535f33453a20	20694e535f33463a20	20694e535f34303a20	20694e535f34313a20	20694e535f34323a20	20694e535f34333a20	20694e535f34343a20	20694e535f34353a20	20694e535f34363a20	20694e535f34373a20	20694e535f34383a20	20694e535f34393a20	20694e535f34413a20	20694e535f34423a20	20694e535f34433a20	20694e535f34443a20	20694e535f34453a20	20694e535f34463a20	20694e535f35303a20	20694e535f35313a20	20694e535f35323a20	20694e535f35333a20	20694e535f35343a20	20694e535f35353a20	20694e535f35363a20	20694e535f35373a20	20694e535f35383a20	20694e535f35393a20	20694e535f35413a20	20694e535f35423a20	20694e535f35433a20	20694e535f35443a20	20694e535f35453a20	20694e535f35463a20	20694e535f36303a20	20694e535f36313a20	20694e535f36323a20	20694e535f36333a20	20694e535f36343a20	20694e535f36353a20	20694e535f36363a20	20694e535f36373a20	20694e535f36383a20	20694e535f36393a20	20694e535f36413a20	20694e535f36423a20	20694e535f36433a20	20694e535f36443a20	20694e535f36453a20	20694e535f36463a20	20694e535f37303a20	20694e535f37313a20	20694e535f37323a20	20694e535f37333a20	20694e535f37343a20	20694e535f37353a20	20694e535f37363a20	20694e535f37373a20	20694e535f37383a20	20694e535f37393a20	20694e535f37413a20	20694e535f37423a20	20694e535f37433a20	20694e535f37443a20	20694e535f37453a20	20694e535f37463a20	20694e535f38303a20	20694e535f38313a20	20694e535f38323a20	20694e535f38333a20	20694e535f38343a20	20694e535f38353a20	20694e535f38363a20	20694e535f38373a20	20694e535f38383a20	20694e535f38393a20	20694e535f38413a20	20694e535f38423a20	20694e535f38433a20	20694e535f38443a20	20694e535f38453a20	20694e535f38463a20	20694e535f39303a20	20694e535f39313a20	20694e535f39323a20	20694e535f39333a20	20694e535f39343a20	20694e535f39353a20	20694e535f39363a20	20694e535f39373a20	20694e535f39383a20	20694e535f39393a20	20694e535f39413a20	20694e535f39423a20	20694e535f39433a20	20694e535f39443a20	20694e535f39453a20	20694e535f39463a20	20694e535f41303a20	20694e535f41313a20	20694e535f41323a20	20694e535f41333a20	20694e535f41343a20	20694e535f41353a20	20694e535f41363a20	20694e535f41373a20	20694e535f41383a20	20694e535f41393a20	20694e535f41413a20	20694e535f41423a20	20694e535f41433a20	20694e535f41443a20	20694e535f41453a20	20694e535f41463a20	20694e535f42303a20	20694e535f42313a20	20694e535f42323a20	20694e535f42333a20	20694e535f42343a20	20694e535f42353a20	20694e535f42363a20	20694e535f42373a20	20694e535f42383a20	20694e535f42393a20	20694e535f42413a20	20694e535f42423a20	20694e535f42433a20	20694e535f42443a20	20694e535f42453a20	20694e535f42463a20	20694e535f43303a20	20694e535f43313a20	20694e535f43323a20	20694e535f43333a20	20694e535f43343a20	20694e535f43353a20	20694e535f43363a20	20694e535f43373a20	20694e535f43383a20	20694e535f43393a20	20694e535f43413a20	20694e535f43423a20	20694e535f43433a20	20694e535f43443a20	20694e535f43453a20	20694e535f43463a20	20694e535f44303a20	20694e535f44313a20	20694e535f44323a20	20694e535f44333a20	20694e535f44343a20	20694e535f44353a20	20694e535f44363a20	20694e535f44373a20	20694e535f44383a20	20694e535f44393a20	20694e535f44413a20	20694e535f44423a20	20694e535f44433a20	20694e535f44443a20	20694e535f44453a20	20694e535f44463a20	20694e535f45303a20	20694e535f45313a20	20694e535f45323a20	20694e535f45333a20	20694e535f45343a20	20694e535f45353a20	20694e535f45363a20	20694e535f45373a20	20694e535f45383a20	20694e535f45393a20	20694e535f45413a20	20694e535f45423a20	20694e535f45433a20	20694e535f45443a20	20694e535f45453a20	20694e535f45463a20	20694e535f46303a20	20694e535f46313a20	20694e535f46323a20	20694e535f46333a20	20694e535f46343a20	20694e535f46353a20	20694e535f46363a20	20694e535f46373a20	20694e535f46383a20	20694e535f46393a20	20694e535f46413a20
OxygenStar/bagel bite beats.a2m	Adlib Tracker 2 (version 11)	426167656c2042697465204265617473	4f787967656e53746172	7	426167656c2042697465204265617473		6279		4f787967656e53746172		283230303629
OxygenStar/big trouble in little china.a2m	Adlib Tracker 2 (version 11)	4269672054726f75626c6520696e204c6974746c65204368696e61	4f787967656e53746172	36	4269672054726f75626c6520496e204c6974746c65204368696e61		6279		4f787967656e53746172			5472696275746520746f204a6f686e2043617270656e746572	283230313129			7777772e6f787967656e73746172706f7765722e636f6d																								
OxygenStar/bring the pain.a2m	Adlib Tracker 2 (version 11)	4272696e6720746865205061696e	4f787967656e53746172	19	4272696e6720746865205061696e		6279		4f787967656e53746172		283230313029			7777772e6f787967656e73746172706f7765722e636f6d									
OxygenStar/c3 comp entry.a2m	Adlib Tracker 2 (version 11)	433320434f4d5020454e545259	4f787967656e53746172	4	46726f6d2022433320436f6d70696c6174696f6e22		6279	
OxygenStar/enjoy the violence.a2m	Adlib Tracker 2 (version 11)	456e6a6f79207468652056696f6c656e6365	4f787967656e53746172	26	456e6a6f79207468652056696f6c656e6365		6279		4f787967656e53746172			283230313029				7777772e6f787967656e73746172706f7765722e636f6d														
OxygenStar/enjoy this gift !!.a2m	Adlib Tracker 2 (version 11)	456e6a6f7920746869732067696674202121203a29	4f787967656e53746172	12	4b49434b3031		534e4152453031	4849484154434c	48494841544f50			53594e54483031	53594e54483037	53594e54483038	53594e54483231	53594e54483133
OxygenStar/enjoy this gift !.a2m	Adlib Tracker 2 (version 11)	456e6a6f792074686973206769667421203a29	4f787967656e53746172	19	4b69636b3031	4b69636b3032	536e6172653031	4869486174434c	48694861744f50	4372617368	4b69636b303220496e74726f			53686f72743031	53686f72743032	53686f72743033	53686f72743032			53796e74683038	53796e74683136	53686f72743032	53796e74683139
OxygenStar/from ''deaf compo''.a2m	Adlib Tracker 2 (version 11)	46726f6d20224465616620436f6d706f22	4f787967656e53746172	11	46726f6d20224465616620436f6d706f22		6279		4f787967656e53746172		283230303729		7777772e6f787967656e73746172706f7765722e636f6d		
OxygenStar/ghosts n stuff (deadmau5 cover).a2m	Adlib Tracker 2 (version 11)	47686f737473204e2053747566662028444541444d41553520434f56455229	4f787967656e53746172	32	47686f737473204e205374756666		6279		4f787967656e53746172		283230313229		7777772e6f787967656e73746172706f7765722e636f6d		466f722066756e74696d65732c20492077616e74656420746f20736565	6966204920636f756c64207265637265617465207468697320736f6e67	77697468206a757374204154322e2e2e2e																			
OxygenStar/i used to love her.a2m	Adlib Tracker 2 (version 11)	49207573656420746f206c6f766520686572	4f787967656e53746172	16	49207573656420746f206c6f766520686572		6279		4f787967656e53746172				283230313029			7777772e6f787967656e73746172706f7765722e636f6d				
OxygenStar/involuntary surgery.a2m	Adlib Tracker 2 (version 11)	496e766f6c756e746172792053757267657279	4f787967656e53746172	27	496e766f6c756e746172792053757267657279		6279		4f787967656e53746172			283230313029				7777772e6f787967656e73746172706f7765722e636f6d															
OxygenStar/left out.a2m	Adlib Tracker 2 (version 11)	4c656674204f7574	4f787967656e53746172	55	4c656674204f7574		6279		4f787967656e53746172		283230313029					7777772e6f787967656e73746172706f7765722e636f6d																																											
OxygenStar/oxygenstar's instrument set #001.a2m	Adlib Tracker 2 (version 11)	4f787967656e53746172277320496e737472756d656e74205365742023303031	4f787967656e53746172	36	4b49434b3031	4b49434b3032	534e4152453031	4849484154434c	48494841544f50	435241534843594d	20202020202020202020202020202020484156452046554e	53484f52543031202020	53484f52543032	53484f52543033	53484f52543034	53484f52543035	53484f52543036	53484f52543037	2020202020202020202020414e4420454e4a4f5920594f555253454c462121	53594e54483031	53594e54483032	53594e544830332020207676206d6f726520696e7472756d656e7473207676	53594e54483034	53594e54483035	53594e54483036	53594e54483037	53594e54483038	53594e54483039	53594e54483130	53594e54483131	53594e54483132	53594e54483133	53594e54483134	53594e54483135	53594e54483136	53594e54483137	53594e54483138	53594e54483139	53594e54483230	53594e54483231
OxygenStar/the complete devastation of planet earth.a2m	Adlib Tracker 2 (version 11)	54686520436f6d706c657465204465766173746174696f6e206f6620506c616e6574204561727468	4f787967656e53746172	37	202054686520436f6d706c657465204465766173746174696f6e206f66	2020202020202020506c616e6574204561727468			20202020202020202020206279			20202020202020204f787967656e53746172	20202020202020202020283230313229		20207777772e6f787967656e73746172706f7765722e636f6d																										
OxygenStar/the lazy gnome.a2m	Adlib Tracker 2 (version 11)	546865204c617a7920476e6f6d65	4f787967656e53746172	14	546865204c617a7920476e6f6d65		6279		4f787967656e53746172		283230303729					7777772e6f787967656e73746172706f7765722e636f6d		
OxygenStar/universal health scare.a2m	Adlib Tracker 2 (version 11)	556e6976657273616c204865616c7468205363617265	4f787967656e53746172	35	556e6976657273616c204865616c7468205363617265		6279		4f787967656e53746172		283230303929																												
Peter Gantar/andromeda.a2m	Adlib Tracker 2 (version 14)	50657465722047616e746172202f20416e64726f6d656461	41644c69622076657273696f6e2062792050657465722047616e7461722e	10	2a2a2a2a2a2a2a2a2a2a2a2a2a2a2a2a2a2a2a2a2a2a2a2a2a2a2a2a2a2a2a2a2a2a2a2a2a2a2a2a2a	5469746c653a20416e64726f6d656461	4172746973743a2050657465722047616e746172	436f6d706f7365723a204d696861204b72616c6a	2a2a2a2a2a2a2a2a2a2a2a2a2a2a2a2a2a2a2a2a2a2a2a2a2a2a2a2a2a2a2a2a2a2a2a2a2a2a2a2a2a	4d696861204b72616c6a20697320536c6f76656e69616e20	656c656374726f6e6963206d757369632070696f6e6565722e	2a2a2a2a2a2a2a2a2a2a2a2a2a2a2a2a2a2a2a2a2a2a2a2a2a2a2a2a2a2a2a2a2a2a2a2a2a2a2a2a2a		
Subz3ro/1942.a2m	Adlib Tracker 2 (version 9)	31393432	6c697a6172646b696e67202620736f6d656f6e65202f2f20636f766572206279207375627a33726f	31	236c697a6172646b696e67202620736f6d653123	2020206f662052617a6f722031393131	46726f6d207468652066616d6f75732067616d65	63616c6c656420223139343222206f6e20746865	6f6c6420632d3634212121											5f2a204f726967696e616c20466f726d61743a202a	5f2a202050726f5f52756e6e65725f76312e30202a		3d3d3d3d3d3d3d3d3d3d3d3d3d3d3d3d3d3d3d3d3d	5269707065642066726f6d204d757369636469736b	20202020202022446f736b706f7022	20202020202020202d202d202d	53656e64206d65206d6f726520746f2072697021	202020202054696d6f205665686d6161	20207469766540766970756e656e2e6875742e6669	3d3d3d3d3d3d3d3d3d3d3d3d3d3d3d3d3d3d3d3d3d	5f20526970706564202620436f6e766572746564	5f2077697a2050726f2d57697a61726420322e30	5f207772697474656e206279204772797a6f7221		
Subz3ro/alloyrun (remastered version).a2m	AdLib Tracker 2	414c4c4f5952554e202852454d415354455245442056455253694f4e29	564f6944202f205245414c695459	250	2073742d3030313a20416c6c6f7972756e20627920566f6964	2073742d3030323a20646f6e6520696e205241442d547261636b6572	2073742d3030333a2076657273696f6e20312e31	2073742d3030343a202863292031393935	2073742d3030353a20	2073742d3030363a20736f6e672072656d61737465726564	2073742d3030373a20696e202fb4444c69422054522fb4434b3352205d5b	2073742d3030383a206279207375627a33726f	2073742d3030393a202872292059324b	2073742d3031303a20	2073742d3031313a206368616e6765733a	2073742d3031323a202b207265616c207669627261746f	2073742d3031333a202d20766f6c756d6520636c69636b696e67	2073742d3031343a20	2073742d3031353a2048415645205048554e21	2073742d3031363a20	2073742d3031373a202d2b2d	2073742d3031383a2020206d617920746865206f6c64736b30306c	2073742d3031393a20202020206c69766520666f7265766572	2073742d3032303a202020202020202020202020202020202020202d2b2d	2073742d3032313a20	2073742d3032323a20	2073742d3032333a20	2073742d3032343a20	2073742d3032353a20	2073742d3032363a20	2073742d3032373a20	2073742d3032383a20	2073742d3032393a20	2073742d3033303a20	2073742d3033313a20	2073742d3033323a20	2073742d3033333a20	2073742d3033343a20	2073742d3033353a20	2073742d3033363a20	2073742d3033373a20	2073742d3033383a20	2073742d3033393a20	2073742d3034303a20	2073742d3034313a20	2073742d3034323a20	2073742d3034333a20	2073742d3034343a20	2073742d3034353a20	2073742d3034363a20	2073742d3034373a20	2073742d3034383a20	2073742d3034393a20	2073742d3035303a20	2073742d3035313a20	2073742d3035323a20	2073742d3035333a20	2073742d3035343a20	2073742d3035353a20	2073742d3035363a20	2073742d3035373a20	2073742d3035383a20	2073742d3035393a20	2073742d3036303a20	2073742d3036313a20	2073742d3036323a20	2073742d3036333a20	2073742d3036343a20	2073742d3036353a20	2073742d3036363a20	2073742d3036373a20	2073742d3036383a20	2073742d3036393a20	2073742d3037303a20	2073742d3037313a20	2073742d3037323a20	2073742d3037333a20	2073742d3037343a20	2073742d3037353a20	2073742d3037363a20	2073742d3037373a20	2073742d3037383a20	2073742d3037393a20	2073742d3038303a20	2073742d3038313a20	2073742d3038323a20	2073742d3038333a20	2073742d3038343a20	2073742d3038353a20	2073742d3038363a20	2073742d3038373a20	2073742d3038383a20	2073742d3038393a20	2073742d3039303a20	2073742d3039313a20	2073742d3039323a20	2073742d3039333a20	2073742d3039343a20	2073742d3039353a20	2073742d3039363a20	2073742d3039373a20	2073742d3039383a20	2073742d3039393a20	2073742d3130303a20	2073742d3130313a20	2073742d3130323a20	2073742d3130333a20	2073742d3130343a20	2073742d3130353a20	2073742d3130363a20	2073742d3130373a20	2073742d3130383a20	2073742d3130393a20	2073742d3131303a20	2073742d3131313a20	2073742d3131323a20	2073742d3131333a20	2073742d3131343a20	2073742d3131353a20	2073742d3131363a20	2073742d3131373a20	2073742d3131383a20	2073742d3131393a20	2073742d3132303a20	2073742d3132313a20	2073742d3132323a20	2073742d3132333a20	2073742d3132343a20	2073742d3132353a20	2073742d3132363a20	2073742d3132373a20	2073742d3132383a20	2073742d3132393a20	2073742d3133303a20	2073742d3133313a20	2073742d3133323a20	2073742d3133333a20	2073742d3133343a20	2073742d3133353a20	2073742d3133363a20	2073742d3133373a20	2073742d3133383a20	2073742d3133393a20	2073742d3134303a20	2073742d3134313a20	2073742d3134323a20	2073742d3134333a20	2073742d3134343a20	2073742d3134353a20	2073742d3134363a20	2073742d3134373a20	2073742d3134383a20	2073742d3134393a20	2073742d3135303a20	2073742d3135313a20	2073742d3135323a20	2073742d3135333a20	2073742d3135343a20	2073742d3135353a20	2073742d3135363a20	2073742d3135373a20	2073742d3135383a20	2073742d3135393a20	2073742d3136303a20	2073742d3136313a20	2073742d3136323a20	2073742d3136333a20	2073742d3136343a20	2073742d3136353a20	2073742d3136363a20	2073742d3136373a20	2073742d3136383a20	2073742d3136393a20	2073742d3137303a20	2073742d3137313a20	2073742d3137323a20	2073742d3137333a20	2073742d3137343a20	2073742d3137353a20	2073742d3137363a20	2073742d3137373a20	2073742d3137383a20	2073742d3137393a20	2073742d3138303a20	2073742d3138313a20	2073742d3138323a20	2073742d3138333a20	2073742d3138343a20	2073742d3138353a20	2073742d3138363a20	2073742d3138373a20	2073742d3138383a20	2073742d3138393a20	2073742d3139303a20	2073742d3139313a20	2073742d3139323a20	2073742d3139333a20	2073742d3139343a20	2073742d3139353a20	2073742d3139363a20	2073742d3139373a20	2073742d3139383a20	2073742d3139393a20	2073742d3230303a20	2073742d3230313a20	2073742d3230323a20	2073742d3230333a20	2073742d3230343a20	2073742d3230353a20	2073742d3230363a20	2073742d3230373a20	2073742d3230383a20	2073742d3230393a20	2073742d3231303a20	2073742d3231313a20	2073742d3231323a20	2073742d3231333a20	2073742d3231343a20	2073742d3231353a20	2073742d3231363a20	2073742d3231373a20	2073742d3231383a20	2073742d3231393a20	2073742d3232303a20	2073742d3232313a20	2073742d3232323a20	2073742d3232333a20	2073742d3232343a20	2073742d3232353a20	2073742d3232363a20	2073742d3232373a20	2073742d3232383a20	2073742d3232393a20	2073742d3233303a20	2073742d3233313a20	2073742d3233323a20	2073742d3233333a20	2073742d3233343a20	2073742d3233353a20	2073742d3233363a20	2073742d3233373a20	2073742d3233383a20	2073742d3233393a20	2073742d3234303a20	2073742d3234313a20	2073742d3234323a20	2073742d3234333a20	2073742d3234343a20	2073742d3234353a20	2073742d3234363a20	2073742d3234373a20	2073742d3234383a20	2073742d3234393a20	2073742d3235303a20
Subz3ro/class05.a2m	AdLib Tracker 2	436c6173733035	4d616b746f6e652026207375627a33726f203a2d44	250	2073742d3030313a206d616b746f6e65	2073742d3030323a20636c61737320262073757065727374617273	2073742d3030333a20	2073742d3030343a20666f7220636c6173732022736e69636b65727322	2073742d3030353a20696e74726f2e	2073742d3030363a20	2073742d3030373a20636f64653a2061746d	2073742d3030383a206766783a20616e7469626f6479	2073742d3030393a206d616b746f6e6540636869706d757369632e6e75	2073742d3031303a20	2073742d3031313a20	2073742d3031323a20	2073742d3031333a20	2073742d3031343a20	2073742d3031353a20	2073742d3031363a20	2073742d3031373a20	2073742d3031383a20	2073742d3031393a20	2073742d3032303a20	2073742d3032313a20	2073742d3032323a20	2073742d3032333a20	2073742d3032343a20	2073742d3032353a20	2073742d3032363a20	2073742d3032373a20	2073742d3032383a20	2073742d3032393a20	2073742d3033303a20	2073742d3033313a20	2073742d3033323a20	2073742d3033333a20	2073742d3033343a20	2073742d3033353a20	2073742d3033363a20	2073742d3033373a20	2073742d3033383a20	2073742d3033393a20	2073742d3034303a20	2073742d3034313a20	2073742d3034323a20	2073742d3034333a20	2073742d3034343a20	2073742d3034353a20	2073742d3034363a20	2073742d3034373a20	2073742d3034383a20	2073742d3034393a20	2073742d3035303a20	2073742d3035313a20	2073742d3035323a20	2073742d3035333a20	2073742d3035343a20	2073742d3035353a20	2073742d3035363a20	2073742d3035373a20	2073742d3035383a20	2073742d3035393a20	2073742d3036303a20	2073742d3036313a20	2073742d3036323a20	2073742d3036333a20	2073742d3036343a20	2073742d3036353a20	2073742d3036363a20	2073742d3036373a20	2073742d3036383a20	2073742d3036393a20	2073742d3037303a20	2073742d3037313a20	2073742d3037323a20	2073742d3037333a20	2073742d3037343a20	2073742d3037353a20	2073742d3037363a20	2073742d3037373a20	2073742d3037383a20	2073742d3037393a20	2073742d3038303a20	2073742d3038313a20	2073742d3038323a20	2073742d3038333a20	2073742d3038343a20	2073742d3038353a20	2073742d3038363a20	2073742d3038373a20	2073742d3038383a20	2073742d3038393a20	2073742d3039303a20	2073742d3039313a20	2073742d3039323a20	2073742d3039333a20	2073742d3039343a20	2073742d3039353a20	2073742d3039363a20	2073742d3039373a20	2073742d3039383a20	2073742d3039393a20	2073742d3130303a20	2073742d3130313a20	2073742d3130323a20	2073742d3130333a20	2073742d3130343a20	2073742d3130353a20	2073742d3130363a20	2073742d3130373a20	2073742d3130383a20	2073742d3130393a20	2073742d3131303a20	2073742d3131313a20	2073742d3131323a20	2073742d3131333a20	2073742d3131343a20	2073742d3131353a20	2073742d3131363a20	2073742d3131373a20	2073742d3131383a20	2073742d3131393a20	2073742d3132303a20	2073742d3132313a20	2073742d3132323a20	2073742d3132333a20	2073742d3132343a20	2073742d3132353a20	2073742d3132363a20	2073742d3132373a20	2073742d3132383a20	2073742d3132393a20	2073742d3133303a20	2073742d3133313a20	2073742d3133323a20	2073742d3133333a20	2073742d3133343a20	2073742d3133353a20	2073742d3133363a20	2073742d3133373a20	2073742d3133383a20	2073742d3133393a20	2073742d3134303a20	2073742d3134313a20	2073742d3134323a20	2073742d3134333a20	2073742d3134343a20	2073742d3134353a20	2073742d3134363a20	2073742d3134373a20	2073742d3134383a20	2073742d3134393a20	2073742d3135303a20	2073742d3135313a20	2073742d3135323a20	2073742d3135333a20	2073742d3135343a20	2073742d3135353a20	2073742d3135363a20	2073742d3135373a20	2073742d3135383a20	2073742d3135393a20	2073742d3136303a20	2073742d3136313a20	2073742d3136323a20	2073742d3136333a20	2073742d3136343a20	2073742d3136353a20	2073742d3136363a20	2073742d3136373a20	2073742d3136383a20	2073742d3136393a20	2073742d3137303a20	2073742d3137313a20	2073742d3137323a20	2073742d3137333a20	2073742d3137343a20	2073742d3137353a20	2073742d3137363a20	2073742d3137373a20	2073742d3137383a20	2073742d3137393a20	2073742d3138303a20	2073742d3138313a20	2073742d3138323a20	2073742d3138333a20	2073742d3138343a20	2073742d3138353a20	2073742d3138363a20	2073742d3138373a20	2073742d3138383a20	2073742d3138393a20	2073742d3139303a20	2073742d3139313a20	2073742d3139323a20	2073742d3139333a20	2073742d3139343a20	2073742d3139353a20	2073742d3139363a20	2073742d3139373a20	2073742d3139383a20	2073742d3139393a20	2073742d3230303a20	2073742d3230313a20	2073742d3230323a20	2073742d3230333a20	2073742d3230343a20	2073742d3230353a20	2073742d3230363a20	2073742d3230373a20	2073742d3230383a20	2073742d3230393a20	2073742d3231303a20	2073742d3231313a20	2073742d3231323a20	2073742d3231333a20	2073742d3231343a20	2073742d3231353a20	2073742d3231363a20	2073742d3231373a20	2073742d3231383a20	2073742d3231393a20	2073742d3232303a20	2073742d3232313a20	2073742d3232323a20	2073742d3232333a20	2073742d3232343a20	2073742d3232353a20	2073742d3232363a20	2073742d3232373a20	2073742d3232383a20	2073742d3232393a20	2073742d3233303a20	2073742d3233313a20	2073742d3233323a20	2073742d3233333a20	2073742d3233343a20	2073742d3233353a20	2073742d3233363a20	2073742d3233373a20	2073742d3233383a20	2073742d3233393a20	2073742d3234303a20	2073742d3234313a20	2073742d3234323a20	2073742d3234333a20	2073742d3234343a20	2073742d3234353a20	2073742d3234363a20	2073742d3234373a20	2073742d3234383a20	2073742d3234393a20	2073742d3235303a20
Subz3ro/crack it.a2m	AdLib Tracker 2	437261636b206974	48796472612f416e61726368792026207375627a33726f203a2d44	250	2073742d3030313a2054686973206c6974746c652074756e6520776173	2073742d3030323a20636f6d706f736564206279	2073742d3030333a2023232320687964726120616e617263687920232323	2073742d3030343a203232203035203932	2073742d3030353a20	2073742d3030363a2041644c69622061646170746174696f6e206d38	2073742d3030373a206279207375627a33726f20696e2059326b	2073742d3030383a2068617665207068756e21	2073742d3030393a20	2073742d3031303a20	2073742d3031313a20	2073742d3031323a20	2073742d3031333a20	2073742d3031343a20	2073742d3031353a20	2073742d3031363a20	2073742d3031373a20	2073742d3031383a20	2073742d3031393a20	2073742d3032303a20	2073742d3032313a20	2073742d3032323a20	2073742d3032333a20	2073742d3032343a20	2073742d3032353a20	2073742d3032363a20	2073742d3032373a20	2073742d3032383a20	2073742d3032393a20	2073742d3033303a20	2073742d3033313a20	2073742d3033323a20	2073742d3033333a20	2073742d3033343a20	2073742d3033353a20	2073742d3033363a20	2073742d3033373a20	2073742d3033383a20	2073742d3033393a20	2073742d3034303a20	2073742d3034313a20	2073742d3034323a20	2073742d3034333a20	2073742d3034343a20	2073742d3034353a20	2073742d3034363a20	2073742d3034373a20	2073742d3034383a20	2073742d3034393a20	2073742d3035303a20	2073742d3035313a20	2073742d3035323a20	2073742d3035333a20	2073742d3035343a20	2073742d3035353a20	2073742d3035363a20	2073742d3035373a20	2073742d3035383a20	2073742d3035393a20	2073742d3036303a20	2073742d3036313a20	2073742d3036323a20	2073742d3036333a20	2073742d3036343a20	2073742d3036353a20	2073742d3036363a20	2073742d3036373a20	2073742d3036383a20	2073742d3036393a20	2073742d3037303a20	2073742d3037313a20	2073742d3037323a20	2073742d3037333a20	2073742d3037343a20	2073742d3037353a20	2073742d3037363a20	2073742d3037373a20	2073742d3037383a20	2073742d3037393a20	2073742d3038303a20	2073742d3038313a20	2073742d3038323a20	2073742d3038333a20	2073742d3038343a20	2073742d3038353a20	2073742d3038363a20	2073742d3038373a20	2073742d3038383a20	2073742d3038393a20	2073742d3039303a20	2073742d3039313a20	2073742d3039323a20	2073742d3039333a20	2073742d3039343a20	2073742d3039353a20	2073742d3039363a20	2073742d3039373a20	2073742d3039383a20	2073742d3039393a20	2073742d3130303a20	2073742d3130313a20	2073742d3130323a20	2073742d3130333a20	2073742d3130343a20	2073742d3130353a20	2073742d3130363a20	2073742d3130373a20	2073742d3130383a20	2073742d3130393a20	2073742d3131303a20	2073742d3131313a20	2073742d3131323a20	2073742d3131333a20	2073742d3131343a20	2073742d3131353a20	2073742d3131363a20	2073742d3131373a20	2073742d3131383a20	2073742d3131393a20	2073742d3132303a20	2073742d3132313a20	2073742d3132323a20	2073742d3132333a20	2073742d3132343a20	2073742d3132353a20	2073742d3132363a20	2073742d3132373a20	2073742d3132383a20	2073742d3132393a20	2073742d3133303a20	2073742d3133313a20	2073742d3133323a20	2073742d3133333a20	2073742d3133343a20	2073742d3133353a20	2073742d3133363a20	2073742d3133373a20	2073742d3133383a20	2073742d3133393a20	2073742d3134303a20	2073742d3134313a20	2073742d3134323a20	2073742d3134333a20	2073742d3134343a20	2073742d3134353a20	2073742d3134363a20	2073742d3134373a20	2073742d3134383a20	2073742d3134393a20	2073742d3135303a20	2073742d3135313a20	2073742d3135323a20	2073742d3135333a20	2073742d3135343a20	2073742d3135353a20	2073742d3135363a20	2073742d3135373a20	2073742d3135383a20	2073742d3135393a20	2073742d3136303a20	2073742d3136313a20	2073742d3136323a20	2073742d3136333a20	2073742d3136343a20	2073742d3136353a20	2073742d3136363a20	2073742d3136373a20	2073742d3136383a20	2073742d3136393a20	2073742d3137303a20	2073742d3137313a20	2073742d3137323a20	2073742d3137333a20	2073742d3137343a20	2073742d3137353a20	2073742d3137363a20	2073742d3137373a20	2073742d3137383a20	2073742d3137393a20	2073742d3138303a20	2073742d3138313a20	2073742d3138323a20	2073742d3138333a20	2073742d3138343a20	2073742d3138353a20	2073742d3138363a20	2073742d3138373a20	2073742d3138383a20	2073742d3138393a20	2073742d3139303a20	2073742d3139313a20	2073742d3139323a20	2073742d3139333a20	2073742d3139343a20	2073742d3139353a20	2073742d3139363a20	2073742d3139373a20	2073742d3139383a20	2073742d3139393a20	2073742d3230303a20	2073742d3230313a20	2073742d3230323a20	2073742d3230333a20	2073742d3230343a20	2073742d3230353a20	2073742d3230363a20	2073742d3230373a20	2073742d3230383a20	2073742d3230393a20	2073742d3231303a20	2073742d3231313a20	2073742d3231323a20	2073742d3231333a20	2073742d3231343a20	2073742d3231353a20	2073742d3231363a20	2073742d3231373a20	2073742d3231383a20	2073742d3231393a20	2073742d3232303a20	2073742d3232313a20	2073742d3232323a20	2073742d3232333a20	2073742d3232343a20	2073742d3232353a20	2073742d3232363a20	2073742d3232373a20	2073742d3232383a20	2073742d3232393a20	2073742d3233303a20	2073742d3233313a20	2073742d3233323a20	2073742d3233333a20	2073742d3233343a20	2073742d3233353a20	2073742d3233363a20	2073742d3233373a20	2073742d3233383a20	2073742d3233393a20	2073742d3234303a20	2073742d3234313a20	2073742d3234323a20	2073742d3234333a20	2073742d3234343a20	2073742d3234353a20	2073742d3234363a20	2073742d3234373a20	2073742d3234383a20	2073742d3234393a20	2073742d3235303a20
Subz3ro/d3lta r3mix.a2m	AdLib Tracker 2	44334c54412052334d6958	7375627a33726f	250	2073742d3030313a20	2073742d3030323a202d2b2d207e44334c54412052334d69587e202d2b2d	2073742d3030333a202020202020207375627a33726f	2073742d3030343a20	2073742d3030353a202067726565747a20746f	2073742d3030363a202020202d20526f622048756262617264	2073742d3030373a202020202d204e756c61	2073742d3030383a202020202d204d61616e204d2e2048616d7a65	2073742d3030393a202020202d204d616c66756e6374696f6e	2073742d3031303a202020202d20582d427261696e	2073742d3031313a20	2073742d3031323a20	2073742d3031333a20	2073742d3031343a20	2073742d3031353a20	2073742d3031363a20	2073742d3031373a20	2073742d3031383a20	2073742d3031393a20	2073742d3032303a20	2073742d3032313a20	2073742d3032323a20	2073742d3032333a20	2073742d3032343a20	2073742d3032353a20	2073742d3032363a20	2073742d3032373a20	2073742d3032383a20	2073742d3032393a20	2073742d3033303a20	2073742d3033313a20	2073742d3033323a20	2073742d3033333a20	2073742d3033343a20	2073742d3033353a20	2073742d3033363a20	2073742d3033373a20	2073742d3033383a20	2073742d3033393a20	2073742d3034303a20	2073742d3034313a20	2073742d3034323a20	2073742d3034333a20	2073742d3034343a20	2073742d3034353a20	2073742d3034363a20	2073742d3034373a20	2073742d3034383a20	2073742d3034393a20	2073742d3035303a20	2073742d3035313a20	2073742d3035323a20	2073742d3035333a20	2073742d3035343a20	2073742d3035353a20	2073742d3035363a20	2073742d3035373a20	2073742d3035383a20	2073742d3035393a20	2073742d3036303a20	2073742d3036313a20	2073742d3036323a20	2073742d3036333a20	2073742d3036343a20	2073742d3036353a20	2073742d3036363a20	2073742d3036373a20	2073742d3036383a20	2073742d3036393a20	2073742d3037303a20	2073742d3037313a20	2073742d3037323a20	2073742d3037333a20	2073742d3037343a20	2073742d3037353a20	2073742d3037363a20	2073742d3037373a20	2073742d3037383a20	2073742d3037393a20	2073742d3038303a20	2073742d3038313a20	2073742d3038323a20	2073742d3038333a20	2073742d3038343a20	2073742d3038353a20	2073742d3038363a20	2073742d3038373a20	2073742d3038383a20	2073742d3038393a20	2073742d3039303a20	2073742d3039313a20	2073742d3039323a20	2073742d3039333a20	2073742d3039343a20	2073742d3039353a20	2073742d3039363a20	2073742d3039373a20	2073742d3039383a20	2073742d3039393a20	2073742d3130303a20	2073742d3130313a20	2073742d3130323a20	2073742d3130333a20	2073742d3130343a20	2073742d3130353a20	2073742d3130363a20	2073742d3130373a20	2073742d3130383a20	2073742d3130393a20	2073742d3131303a20	2073742d3131313a20	2073742d3131323a20	2073742d3131333a20	2073742d3131343a20	2073742d3131353a20	2073742d3131363a20	2073742d3131373a20	2073742d3131383a20	2073742d3131393a20	2073742d3132303a20	2073742d3132313a20	2073742d3132323a20	2073742d3132333a20	2073742d3132343a20	2073742d3132353a20	2073742d3132363a20	2073742d3132373a20	2073742d3132383a20	2073742d3132393a20	2073742d3133303a20	2073742d3133313a20	2073742d3133323a20	2073742d3133333a20	2073742d3133343a20	2073742d3133353a20	2073742d3133363a20	2073742d3133373a20	2073742d3133383a20	2073742d3133393a20	2073742d3134303a20	2073742d3134313a20	2073742d3134323a20	2073742d3134333a20	2073742d3134343a20	2073742d3134353a20	2073742d3134363a20	2073742d3134373a20	2073742d3134383a20	2073742d3134393a20	2073742d3135303a20	2073742d3135313a20	2073742d3135323a20	2073742d3135333a20	2073742d3135343a20	2073742d3135353a20	2073742d3135363a20	2073742d3135373a20	2073742d3135383a20	2073742d3135393a20	2073742d3136303a20	2073742d3136313a20	2073742d3136323a20	2073742d3136333a20	2073742d3136343a20	2073742d3136353a20	2073742d3136363a20	2073742d3136373a20	2073742d3136383a20	2073742d3136393a20	2073742d3137303a20	2073742d3137313a20	2073742d3137323a20	2073742d3137333a20	2073742d3137343a20	2073742d3137353a20	2073742d3137363a20	2073742d3137373a20	2073742d3137383a20	2073742d3137393a20	2073742d3138303a20	2073742d3138313a20	2073742d3138323a20	2073742d3138333a20	2073742d3138343a20	2073742d3138353a20	2073742d3138363a20	2073742d3138373a20	2073742d3138383a20	2073742d3138393a20	2073742d3139303a20	2073742d3139313a20	2073742d3139323a20	2073742d3139333a20	2073742d3139343a20	2073742d3139353a20	2073742d3139363a20	2073742d3139373a20	2073742d3139383a20	2073742d3139393a20	2073742d3230303a20	2073742d3230313a20	2073742d3230323a20	2073742d3230333a20	2073742d3230343a20	2073742d3230353a20	2073742d3230363a20	2073742d3230373a20	2073742d3230383a20	2073742d3230393a20	2073742d3231303a20	2073742d3231313a20	2073742d3231323a20	2073742d3231333a20	2073742d3231343a20	2073742d3231353a20	2073742d3231363a20	2073742d3231373a20	2073742d3231383a20	2073742d3231393a20	2073742d3232303a20	2073742d3232313a20	2073742d3232323a20	2073742d3232333a20	2073742d3232343a20	2073742d3232353a20	2073742d3232363a20	2073742d3232373a20	2073742d3232383a20	2073742d3232393a20	2073742d3233303a20	2073742d3233313a20	2073742d3233323a20	2073742d3233333a20	2073742d3233343a20	2073742d3233353a20	2073742d3233363a20	2073742d3233373a20	2073742d3233383a20	2073742d3233393a20	2073742d3234303a20	2073742d3234313a20	2073742d3234323a20	2073742d3234333a20	2073742d3234343a20	2073742d3234353a20	2073742d3234363a20	2073742d3234373a20	2073742d3234383a20	2073742d3234393a20	2073742d3235303a20
Subz3ro/fm63b-rv (remastered version).a2m	Adlib Tracker 2 (version 11)	282a2052656d617374657265642056657273696f6e202a29	42656e6a616d696e20476572617264696e202f2f207375627a33726f	14	52656d617374657265642056657273696f6e20696e636c756465733a	2020fe2073746572656f2073657061726174696f6e	2020fe206d6163726f2d64726976656e207669627261746f	2020fe206d6163726f2f70657263757373696f6e2d64726976656e206472756d6976656e206472756d	2020fe20342d6f702067686f737420766f63616c73		456e6a6f79206d79206661766f726974652074756e652065766572203a29	416e6420646f6e277420666f726765742d2d	2d2d796f75206e65656420736f6d652065787472612043505520686f72736573505520686f72736573		20202020202020202020202020202020202020202d7375627a33726f2d			
Subz3ro/intro-tune coop.a2m	AdLib Tracker 2	496e74726f2d54756e6520436f6f70	4e48502f416e417263685920262048594452412f644556694c732026207375627a33726f203a2d44	250	2073742d3030313a20	2073742d3030323a204e48502f414e4152434859	2073742d3030333a20616e642e2e2e	2073742d3030343a2020202020202020202048594452412f444556494c53	2073742d3030353a202d3d2d3d2d3d2d3d2d	2073742d3030363a20	2073742d3030373a202049204e20542052204f202d20542055204e2045	2073742d3030383a202020202020204320204f20204f202050	2073742d3030393a20	2073742d3031303a20202020202020202020202020202d3d2d3d2d3d2d3d2d	2073742d3031313a20	2073742d3031323a203e3e2041644c69622061646170746174696f6e203c3c	2073742d3031333a202020202020206279207375627a33726f202020	2073742d3031343a20	2073742d3031353a204d6179626520697420736f756e647a206c69746c27	2073742d3031363a2062697420646966666572656e742c206275742e2e2e	2073742d3031373a2020202e2e2e77686f20636172657a203a2d29	2073742d3031383a2041644c69622072756c657a2062696774696d6521	2073742d3031393a20	2073742d3032303a20	2073742d3032313a20	2073742d3032323a20	2073742d3032333a20	2073742d3032343a20	2073742d3032353a20	2073742d3032363a20	2073742d3032373a20	2073742d3032383a20	2073742d3032393a20	2073742d3033303a20	2073742d3033313a20	2073742d3033323a20	2073742d3033333a20	2073742d3033343a20	2073742d3033353a20	2073742d3033363a20	2073742d3033373a20	2073742d3033383a20	2073742d3033393a20	2073742d3034303a20	2073742d3034313a20	2073742d3034323a20	2073742d3034333a20	2073742d3034343a20	2073742d3034353a20	2073742d3034363a20	2073742d3034373a20	2073742d3034383a20	2073742d3034393a20	2073742d3035303a20	2073742d3035313a20	2073742d3035323a20	2073742d3035333a20	2073742d3035343a20	2073742d3035353a20	2073742d3035363a20	2073742d3035373a20	2073742d3035383a20	2073742d3035393a20	2073742d3036303a20	2073742d3036313a20	2073742d3036323a20	2073742d3036333a20	2073742d3036343a20	2073742d3036353a20	2073742d3036363a20	2073742d3036373a20	2073742d3036383a20	2073742d3036393a20	2073742d3037303a20	2073742d3037313a20	2073742d3037323a20	2073742d3037333a20	2073742d3037343a20	2073742d3037353a20	2073742d3037363a20	2073742d3037373a20	2073742d3037383a20	2073742d3037393a20	2073742d3038303a20	2073742d3038313a20	2073742d3038323a20	2073742d3038333a20	2073742d3038343a20	2073742d3038353a20	2073742d3038363a20	2073742d3038373a20	2073742d3038383a20	2073742d3038393a20	2073742d3039303a20	2073742d3039313a20	2073742d3039323a20	2073742d3039333a20	2073742d3039343a20	2073742d3039353a20	2073742d3039363a20	2073742d3039373a20	2073742d3039383a20	2073742d3039393a20	2073742d3130303a20	2073742d3130313a20	2073742d3130323a20	2073742d3130333a20	2073742d3130343a20	2073742d3130353a20	2073742d3130363a20	2073742d3130373a20	2073742d3130383a20	2073742d3130393a20	2073742d3131303a20	2073742d3131313a20	2073742d3131323a20	2073742d3131333a20	2073742d3131343a20	2073742d3131353a20	2073742d3131363a20	2073742d3131373a20	2073742d3131383a20	2073742d3131393a20	2073742d3132303a20	2073742d3132313a20	2073742d3132323a20	2073742d3132333a20	2073742d3132343a20	2073742d3132353a20	2073742d3132363a20	2073742d3132373a20	2073742d3132383a20	2073742d3132393a20	2073742d3133303a20	2073742d3133313a20	2073742d3133323a20	2073742d3133333a20	2073742d3133343a20	2073742d3133353a20	2073742d3133363a20	2073742d3133373a20	2073742d3133383a20	2073742d3133393a20	2073742d3134303a20	2073742d3134313a20	2073742d3134323a20	2073742d3134333a20	2073742d3134343a20	2073742d3134353a20	2073742d3134363a20	2073742d3134373a20	2073742d3134383a20	2073742d3134393a20	2073742d3135303a20	2073742d3135313a20	2073742d3135323a20	2073742d3135333a20	2073742d3135343a20	2073742d3135353a20	2073742d3135363a20	2073742d3135373a20	2073742d3135383a20	2073742d3135393a20	2073742d3136303a20	2073742d3136313a20	2073742d3136323a20	2073742d3136333a20	2073742d3136343a20	2073742d3136353a20	2073742d3136363a20	2073742d3136373a20	2073742d3136383a20	2073742d3136393a20	2073742d3137303a20	2073742d3137313a20	2073742d3137323a20	2073742d3137333a20	2073742d3137343a20	2073742d3137353a20	2073742d3137363a20	2073742d3137373a20	2073742d3137383a20	2073742d3137393a20	2073742d3138303a20	2073742d3138313a20	2073742d3138323a20	2073742d3138333a20	2073742d3138343a20	2073742d3138353a20	2073742d3138363a20	2073742d3138373a20	2073742d3138383a20	2073742d3138393a20	2073742d3139303a20	2073742d3139313a20	2073742d3139323a20	2073742d3139333a20	2073742d3139343a20	2073742d3139353a20	2073742d3139363a20	2073742d3139373a20	2073742d3139383a20	2073742d3139393a20	2073742d3230303a20	2073742d3230313a20	2073742d3230323a20	2073742d3230333a20	2073742d3230343a20	2073742d3230353a20	2073742d3230363a20	2073742d3230373a20	2073742d3230383a20	2073742d3230393a20	2073742d3231303a20	2073742d3231313a20	2073742d3231323a20	2073742d3231333a20	2073742d3231343a20	2073742d3231353a20	2073742d3231363a20	2073742d3231373a20	2073742d3231383a20	2073742d3231393a20	2073742d3232303a20	2073742d3232313a20	2073742d3232323a20	2073742d3232333a20	2073742d3232343a20	2073742d3232353a20	2073742d3232363a20	2073742d3232373a20	2073742d3232383a20	2073742d3232393a20	2073742d3233303a20	2073742d3233313a20	2073742d3233323a20	2073742d3233333a20	2073742d3233343a20	2073742d3233353a20	2073742d3233363a20	2073742d3233373a20	2073742d3233383a20	2073742d3233393a20	2073742d3234303a20	2073742d3234313a20	2073742d3234323a20	2073742d3234333a20	2073742d3234343a20	2073742d3234353a20	2073742d3234363a20	2073742d3234373a20	2073742d3234383a20	2073742d3234393a20	2073742d3235303a20
Subz3ro/psychedelic sound synthesis.a2m	Adlib Tracker 2 (version 10)	50535943484544454c694320534f554e442053594e544845536953	7375627a33726f2f416c74616972	2	202020202020202020202020202d2b2d2d2b2d	2020202074686973202270737963686f2220746573742074756e65
Televicious/asynth.a2m	Adlib Tracker 2 (version 14)	4153594e5448	54656c65766963696f7573	17											68617264626173732e613269	68617264736e61722e613269	686968617468692e736769	6c69677462656c6c2e636966	6c69677462656c6c2e636966		
Televicious/ayeyayay.a2m	Adlib Tracker 2 (version 14)	4179652079617920796179	54656c65766963696f7573	21					426173736472756d	536e6172652031	6b6f746f	6b7570666572	6b7570666572		6869686174		736c6f77	534e4152		736c6f7762617373	736c6f77626173736563686f	536e6172652031	64756d	736c6f77626173736563686f	66616462617373
Televicious/badlibdi.a2m	Adlib Tracker 2 (version 14)	4261646c6962	54656c65766963696f7573	15															
Televicious/boom.a2m	Adlib Tracker 2 (version 14)	426f6f6d	54656c65766963696f7573	24	66616465	4244	6661646532	736e617265	6e6f66616465	6e6f6661646532	73696e65626173736c	73696e656261737372	66696c7465726c696e65	63656e7465726564	736f6d6564697374	6f74686572	43454e5442415353	70756c7365	6869686174	70756c7365617270	73757065726661646532	737570657266616465	73757065726661646533	73696e65626173736c68696768	73696e65626173737268696768	686968617453484f5254	73696e65626173736c73686f7274	73696e65626173737273686f7274
Televicious/clear.a2m	Adlib Tracker 2 (version 14)	436c656172	54656c65766963696f7573	19	66616465	4244	6661646532	736e617265	6e6f66616465	6e6f6661646532	73696e65626173736c	73696e656261737372	66696c7465726c696e65	63656e7465726564	736f6d6564697374	6f74686572	43454e5442415353	70756c7365	6869686174	70756c7365617270	73757065726661646532	737570657266616465	73757065726661646533
Televicious/cwakas.a2m	Adlib Tracker 2 (version 14)	4377616b6173	54656c65766963696f7573	22	66616465	4244	6661646532	736e617265	6e6f66616465	6e6f6661646532	73696e65626173736c	73696e656261737372	66696c7465726c696e65	63656e7465726564	736f6d6564697374736574656f6c656674	6f74686572	43454e5442415353	70756c7365	6869686174	70756c7365617270	73757065726661646532	737570657266616465	73757065726661646533	736f6d656469737473746572656f7269676874	736f6d65646973746d6f6e6f	
Televicious/deadleav.a2m	Adlib Tracker 2 (version 14)	44656164204c6561766573	54656c65766963696f7573	11					426173736472756d	536e6172652031	6b6f746f	6b7570666572	6b7570666572		6869686174
Televicious/dim.a2m	Adlib Tracker 2 (version 14)	44694d	54656c65766963696f7573	27	66616465	4244	6661646532	736e617265	6e6f66616465	6e6f6661646532	73696e65626173736c	73696e656261737372	66696c7465726c696e65	63656e7465726564	736f6d6564697374	6f74686572	43454e5442415353	70756c7365	6869686174	70756c7365617270	73757065726661646532	737570657266616465	73757065726661646533	73757065726475706572	636f6e67	706965726365	4244	536e6172652031	6c656e67637574	7374726169676874	736f6d65646973746563686f
Televicious/discwrld.a2m	Adlib Tracker 2 (version 14)	44697363776f726c64	54656c65766963696f7573	18				42444c		736e617265	736e617265	736e61726573756b4c	736e61726573756b52	424452					424463	48495453		
Televicious/fmnexus6.a2m	Adlib Tracker 2 (version 14)	464d204e65787573203639	54656c65766963696f7573	18	62617373	636c617665	736e617265	726174746c65	726174746c656c6f6e67	737373	737373636c6f7365	50574d	6d656c6f	50574d4c4f5544	50574d6d656c6c6f	736f667462617373	626173736472756d	50574d6d656c6c6f	736f6c6964636f7265	6e797374	776f6f686f6f	736e617265726576
Televicious/gatearry.a2m	Adlib Tracker 2 (version 14)	47617465204172726179	54454c45564943494f5553	18	6d656c6c	6264	736e72	6d656c72	6868	6261736f6f	4c	52	494e534c	494e5352	574f4f	574f4f424f414859	6868434c4f5345	574f4f44424c434b	746f6d	53554d	53554d	535152
Televicious/phased.a2m	Adlib Tracker 2 (version 14)	506861736564	54656c65766963696f7573	12	737175617265	6261737367756974	63732d3830	64657269766564	6261737364	6869686174	576f6f64626c6f636b	736e617265	62617373677569746c6f6e67	63732d38304c	63732d383052	7068617365
Televicious/revenge.a2m	Adlib Tracker 2 (version 14)	526f64656e74277320526576656e6765	54656c65766963696f7573	15	46584f756b7365	4244	737461746963	737461746963	6f6f756c7365	62617373	6868636c6f7365	736e617265	68686f70656e		4c656164204d	4c656164204d	4c6561642043	626472756d	536e6172652031
Televicious/rockin.a2m	Adlib Tracker 2 (version 14)	526f636b696e27204e6f726d	54656c65766963696f7573	10										
Televicious/shophard.a2m	Adlib Tracker 2 (version 14)	53686f702048617264	54656c65766963696f7573	19	77617270	42617373	736c6f7762	7371726c	73717272	73717272	7368616d	626f6f6d	68696768	626f6f6d	424f54	426173736472756d	6869686174322e736769	536e6172652031	686968617468692e736769	62617373626f74	7761727032	73717272	73717272
Televicious/suffer.a2m	Adlib Tracker 2 (version 14)	537566666572	54656c65766963696f7573	16	736f6e6963	77756262656c6c	62697473	62697473	737175617265	4244	736e617265	6869687374	4c415744	4c415744	4c415744	6869687374	62697473	737175617265	68696873744f50	544f50504552
Televicious/topgear2.a2m	Adlib Tracker 2 (version 14)	546f7020476561722032	54656c65766963696f7573	13	626173736472756d	736e617265	6869636c6f7365	68696f70656e	746f6e67	746f6e674c	746f6e6752	70756c73796e7468	70756c73796e7468	686561767968696768	686561767962617373	746f7067656172	76696265
Televicious/watercry.a2m	Adlib Tracker 2 (version 14)	5761746572204372797374616c73	54656c65766963696f7573	14	6c65667462617373	726967687462617373	63656e7462617373	62656c6c23322e696e73	736e617265	736e61726532	62656c6c6f70	74696d696e	626173736472756d	706f7073726e	706f7073726e	62656c6c6f70	445542	
Televicious/yellatfl.a2m	Adlib Tracker 2 (version 14)	59656c6c2061742074686520466c6f6f72	54656c65766963696f7573	11											
Televicious/yellowwe.a2m	Adlib Tracker 2 (version 14)	59656c6c6f77205765646e6573646179	54656c65766963696f7573	10	6261737364726d312e736769	62617373686172702e736269	64756e67656f6e2e736769	6d6f6f6773796e742e736269	73706163652e636966	68696861742e696e73	536e6172652031	536e6172652031	746563686e6f2e736769	73706163652e636966
